albuminEr,albuminPm,albuminRabA,albuminRabB,albuminRabC,albuminRabD,albuminRabE,albuminRabF,albuminRabG,albuminRabH,albuminRabI,cholEr,cholPm,cholRabA,cholRabB,cholRabC,cholRabD,cholRabE,cholRabF,cholRabG,cholRabH,cholRabI,LEr,LPm,LRabA,LRabB,LRabC,LRabD,LRabE,LRabF,LRabG,LRabH,LRabI,membraneMarkerEr,membraneMarkerPm,membraneMarkerRabA,membraneMarkerRabB,membraneMarkerRabC,membraneMarkerRabD,membraneMarkerRabE,membraneMarkerRabF,membraneMarkerRabG,membraneMarkerRabH,membraneMarkerRabI,mvbEr,mvbPm,mvbRabA,mvbRabB,mvbRabC,mvbRabD,mvbRabE,mvbRabF,mvbRabG,mvbRabH,mvbRabI,protonCy,protonEr,protonPm,protonRabA,protonRabB,protonRabC,protonRabD,protonRabE,protonRabF,protonRabG,protonRabH,protonRabI,RaEr,RaPm,RaRabA,RaRabB,RaRabC,RaRabD,RaRabE,RaRabF,RaRabG,RaRabH,RaRabI,RmEr,RmPm,RmRabA,RmRabB,RmRabC,RmRabD,RmRabE,RmRabF,RmRabG,RmRabH,RmRabI,RrEr,RrPm,RrRabA,RrRabB,RrRabC,RrRabD,RrRabE,RrRabF,RrRabG,RrRabH,RrRabI,solubleMarkerEr,solubleMarkerPm,solubleMarkerRabA,solubleMarkerRabB,solubleMarkerRabC,solubleMarkerRabD,solubleMarkerRabE,solubleMarkerRabF,solubleMarkerRabG,solubleMarkerRabH,solubleMarkerRabI,TfEr,TfPm,TfRabA,TfRabB,TfRabC,TfRabD,TfRabE,TfRabF,TfRabG,TfRabH,TfRabI,vATPaseEr,vATPasePm,vATPaseRabA,vATPaseRabB,vATPaseRabC,vATPaseRabD,vATPaseRabE,vATPaseRabF,vATPaseRabG,vATPaseRabH,vATPaseRabI,
0.0,1.0,0.0,0.0,0.0,0.0,0.0,0.0,0.0,0.0,0.0,0.0,0.0,0.0,0.0,0.0,0.0,0.0,0.0,0.0,0.0,0.0,1.0,0.0,0.0,0.0,0.0,0.0,0.0,0.0,0.0,0.0,0.0,0.0,0.0,0.0,0.0,0.0,0.0,0.0,0.0,0.0,0.0,0.0,0.0,0.0,23.12893,14.73548,4.08418,360.01836,5.8519,7.57305,0.03541,0.0,0.0,1.0E-4,0.0,0.0,11433.75103,12029.52054,13540.66745,2330529.2709,10857.05852,10843.86116,1896.25194,2007.91654,677.98209,0.0,0.0,0.0,0.0,0.0,0.0,0.0,0.0,0.0,0.0,0.0,0.0,1.0,0.0,0.0,0.0,0.0,0.0,0.0,0.0,0.0,0.0,0.0,0.0,0.0,0.0,0.0,0.0,0.0,0.0,0.0,0.0,0.0,0.0,0.0,0.0,0.0,0.0,0.0,0.0,0.0,0.0,0.0,0.0,0.0,1.0,0.0,0.0,0.0,0.0,0.0,0.0,0.0,0.0,0.0,1.0,0.0,0.0,0.0,0.0,0.0,0.0,0.0,0.0,0.0,0.0,
0.0,1.0,0.0,0.0,0.0,0.0,0.0,0.0,0.0,0.0,0.0,0.0,0.0,0.0,0.0,0.0,0.0,0.0,0.0,0.0,0.0,0.0,1.0,0.0,0.0,0.0,0.0,0.0,0.0,0.0,0.0,0.0,0.0,0.0,0.0,0.0,0.0,0.0,0.0,0.0,0.0,0.0,0.0,0.0,0.0,0.0,23.12525,14.73166,4.0789,357.52957,5.84922,7.57305,0.03541,0.0,0.0,1.0E-4,13.95776,2036.46098,11430.36031,12047.96109,13504.0653,2328225.70288,10859.3628,10848.86763,1896.25194,2115.46833,556.47254,0.0,0.0,0.0,0.0,0.0,0.0,0.0,0.0,0.0,0.0,0.0,0.0,1.0,0.0,0.0,0.0,0.0,0.0,0.0,0.0,0.0,0.0,0.0,0.0,0.0,0.0,0.0,0.0,0.0,0.0,0.0,0.0,0.0,0.0,0.0,0.0,0.0,0.0,0.0,0.0,0.0,0.0,0.0,0.0,0.0,1.0,0.0,0.0,0.0,0.0,0.0,0.0,0.0,0.0,0.0,1.0,0.0,0.0,0.0,0.0,0.0,0.0,0.0,0.0,0.0,0.0,
0.0,0.99955,4.5E-4,0.0,0.0,0.0,0.0,0.0,0.0,0.0,0.0,0.0,0.0,0.0,0.0,0.0,0.0,0.0,0.0,0.0,0.0,0.0,1.0,0.0,0.0,0.0,0.0,0.0,0.0,0.0,0.0,0.0,0.0,0.0,0.0,0.0,0.0,0.0,0.0,0.0,0.0,0.0,0.0,0.0,0.0,0.0,23.11508,14.72109,4.06432,350.64868,5.84182,7.57305,0.03541,0.0,0.0,1.0E-4,27.87869,5356.12782,11476.58553,12070.9537,13441.06939,2323634.41877,10877.69676,10848.86763,1896.25194,2113.2126,544.80734,0.0,0.0,0.0,0.0,0.0,0.0,0.0,0.0,0.0,0.0,0.0,0.0,0.9604,0.0396,0.0,0.0,0.0,0.0,0.0,0.0,0.0,0.0,0.0,0.0,0.0,0.0,0.0,0.0,0.0,0.0,0.0,0.0,0.0,0.0,0.0,0.0,0.0,0.0,0.0,0.0,0.0,0.0,0.0,0.0,0.0,0.9604,0.0396,0.0,0.0,0.0,0.0,0.0,0.0,0.0,0.0,1.0,0.0,0.0,0.0,0.0,0.0,0.0,0.0,0.0,0.0,0.0,
0.0,0.99955,4.5E-4,0.0,0.0,0.0,0.0,0.0,0.0,0.0,0.0,0.0,0.0,0.0,0.0,0.0,0.0,0.0,0.0,0.0,0.0,0.0,0.99993,0.0,0.0,0.0,0.0,0.0,0.0,0.0,0.0,0.0,7.0E-5,0.0,0.0,0.0,0.0,0.0,0.0,0.0,0.0,0.0,0.0,0.0,0.0,0.0,23.08495,14.74877,4.06282,350.64868,6.00951,7.4093,0.03541,0.0,0.0,1.0E-4,34.81407,8110.47003,11513.51107,12008.14344,13432.69581,2323625.80282,10904.55188,10822.95275,1896.25194,2092.22339,572.497,0.0,0.0,0.0,0.0,0.0,0.0,0.0,0.0,0.0,0.0,0.0,0.0,0.9604,0.0396,0.0,0.0,0.0,0.0,0.0,0.0,0.0,0.0,0.0,0.0,0.0,0.0,0.0,0.0,0.0,0.0,0.0,0.0,0.0,0.0,0.0,0.0,0.0,0.0,0.0,0.0,0.0,0.0,0.0,0.0,0.0,0.9604,0.0396,0.0,0.0,0.0,0.0,0.0,0.0,0.0,0.0,0.9869,0.0,0.0,0.0,0.0,0.0,0.0,0.0,0.0,0.0,0.0131,
0.0,0.99955,4.5E-4,0.0,0.0,0.0,0.0,0.0,0.0,0.0,0.0,0.0,0.0,0.0,0.0,0.0,0.0,0.0,0.0,0.0,0.0,0.0,0.99973,0.0,0.0,0.0,0.0,0.0,0.0,0.0,0.0,0.0,2.7E-4,0.0,0.0,0.0,0.0,0.0,0.0,0.0,0.0,0.0,0.0,0.0,0.0,0.0,23.08543,14.75088,4.0644,350.64868,5.83183,7.5828,0.03541,0.0,0.0,1.0E-4,47.86859,11379.36772,11501.17106,12009.9856,13427.72444,2323610.68752,10755.59636,10974.61249,1896.25194,2107.11639,584.16511,0.0,0.0,0.0,0.0,0.0,0.0,0.0,0.0,0.0,0.0,0.0,0.0,0.9604,0.0396,0.0,0.0,0.0,0.0,0.0,0.0,0.0,0.0,0.0,0.0,0.0,0.0,0.0,0.0,0.0,0.0,0.0,0.0,0.0,0.0,0.0,0.0,0.0,0.0,0.0,0.0,0.0,0.0,0.0,0.0,0.0,0.9604,0.0396,0.0,0.0,0.0,0.0,0.0,0.0,0.0,0.0,0.95373,0.0,0.0,0.0,0.0,0.0,0.0,0.0,0.0,0.0,0.04627,
0.0,0.99955,4.5E-4,0.0,0.0,0.0,0.0,0.0,0.0,0.0,0.0,0.0,0.0,0.0,0.0,0.0,0.0,0.0,0.0,0.0,0.0,0.0,0.99973,0.0,0.0,0.0,0.0,0.0,0.0,0.0,0.0,0.0,2.7E-4,0.0,0.0,0.0,0.0,0.0,0.0,0.0,0.0,0.0,0.0,0.0,0.0,0.0,24.61583,12.25501,5.4567,345.59201,2.76385,14.87066,0.03541,0.0,0.0,1.0E-4,63.16961,14614.69779,11581.54291,11262.98513,13600.31172,2320627.49914,9823.90085,13063.94329,1896.25194,2107.11639,568.86409,0.0,0.0,0.0,0.0,0.0,0.0,0.0,0.0,0.0,0.0,0.0,0.0,0.9604,0.0396,0.0,0.0,0.0,0.0,0.0,0.0,0.0,0.0,0.0,0.0,0.0,0.0,0.0,0.0,0.0,0.0,0.0,0.0,0.0,0.0,0.0,0.0,0.0,0.0,0.0,0.0,0.0,0.0,0.0,0.0,0.0,0.9604,0.0396,0.0,0.0,0.0,0.0,0.0,0.0,0.0,0.0,0.95373,0.0,0.0,0.0,0.0,0.0,0.0,0.0,0.0,0.0,0.04627,
0.0,0.99955,4.5E-4,0.0,0.0,0.0,0.0,0.0,0.0,0.0,0.0,0.0,0.0,0.0,0.0,0.0,0.0,0.0,0.0,0.0,0.0,0.0,0.99973,0.0,0.0,0.0,0.0,0.0,0.0,0.0,0.0,0.0,2.7E-4,0.0,0.0,0.0,0.0,0.0,0.0,0.0,0.0,0.0,0.0,0.0,0.0,0.0,24.8568,12.37429,5.57773,339.6489,2.6925,13.66551,0.03586,0.0,0.0,1.0E-4,85.8094,16859.62725,11642.5021,11278.12837,13665.07056,2316158.6836,9582.48743,13034.52087,1896.86122,2107.11639,546.2243,0.0,0.0,0.0,0.0,0.0,0.0,0.0,0.0,0.0,0.0,0.0,0.0,0.9604,0.0396,0.0,0.0,0.0,0.0,0.0,0.0,0.0,0.0,0.0,0.0,0.0,0.0,0.0,0.0,0.0,0.0,0.0,0.0,0.0,0.0,0.0,0.0,0.0,0.0,0.0,0.0,0.0,0.0,0.0,0.0,0.0,0.9604,0.0396,0.0,0.0,0.0,0.0,0.0,0.0,0.0,0.0,0.95373,0.0,0.0,0.0,0.0,0.0,0.0,0.0,0.0,0.0,0.04627,
0.0,0.99955,4.5E-4,0.0,0.0,0.0,0.0,0.0,0.0,0.0,0.0,0.0,0.0,0.0,0.0,0.0,0.0,0.0,0.0,0.0,0.0,0.0,0.99968,0.0,0.0,0.0,0.0,0.0,0.0,0.0,0.0,0.0,3.2E-4,0.0,0.0,0.0,0.0,0.0,0.0,0.0,0.0,0.0,0.0,0.0,0.0,0.0,25.63832,12.03763,5.84144,339.6489,2.98391,13.66551,0.03586,0.0,0.0,1.0E-4,85.80502,19456.52499,11971.66568,10968.08932,13537.85509,2316150.28215,9690.57837,13034.52087,1896.86122,2062.50256,600.60254,0.0,0.0,0.0,0.0,0.0,0.0,0.0,0.0,0.0,0.0,0.0,0.0,0.9604,0.0396,0.0,0.0,0.0,0.0,0.0,0.0,0.0,0.0,0.0,0.0,0.0,0.0,0.0,0.0,0.0,0.0,0.0,0.0,0.0,0.0,0.0,0.0,0.0,0.0,0.0,0.0,0.0,0.0,0.0,0.0,0.0,0.9604,0.0396,0.0,0.0,0.0,0.0,0.0,0.0,0.0,0.0,0.94112,0.0,0.0,0.0,0.0,0.0,0.0,0.0,0.0,0.0,0.05888,
0.0,0.99955,4.5E-4,0.0,0.0,0.0,0.0,0.0,0.0,0.0,0.0,0.0,0.0,0.0,0.0,0.0,0.0,0.0,0.0,0.0,0.0,0.0,0.99969,0.0,0.0,0.0,0.0,0.0,0.0,0.0,0.0,0.0,3.1E-4,0.0,0.0,0.0,0.0,0.0,0.0,0.0,0.0,0.0,0.0,0.0,0.0,0.0,24.61698,13.37612,5.76925,337.34472,2.72465,13.66551,0.03586,0.0,0.0,1.0E-4,102.44582,22930.82208,11639.21845,11371.05767,13501.22757,2313867.17354,9602.29584,13034.52087,1896.86122,2139.99887,506.46542,0.0,0.0,0.0,0.0,0.0,0.0,0.0,0.0,0.0,0.0,0.0,0.0,0.96125,0.03875,0.0,0.0,0.0,0.0,0.0,0.0,0.0,0.0,0.0,0.0,0.0,0.0,0.0,0.0,0.0,0.0,0.0,0.0,0.0,0.0,0.0,0.0,0.0,0.0,0.0,0.0,0.0,0.0,0.0,0.0,0.0,0.96125,0.03875,0.0,0.0,0.0,0.0,0.0,0.0,0.0,0.0,0.94422,0.0,0.0,0.0,0.0,0.0,0.0,0.0,0.0,0.0,0.05578,
0.0,0.99955,4.5E-4,0.0,0.0,0.0,0.0,0.0,0.0,0.0,0.0,0.0,0.0,0.0,0.0,0.0,0.0,0.0,0.0,0.0,0.0,0.0,0.99961,0.0,0.0,0.0,0.0,0.0,0.0,0.0,0.0,0.0,3.9E-4,0.0,0.0,0.0,0.0,0.0,0.0,0.0,0.0,0.0,0.0,0.0,0.0,0.0,26.128,12.75949,5.61073,337.15561,2.72152,14.12187,0.03586,0.0,0.0,1.0E-4,110.43941,26245.49622,11954.68742,11048.59767,13426.5933,2313833.89798,9588.32301,13150.40799,1896.86122,2139.99887,514.63622,0.0,0.0,0.0,0.0,0.0,0.0,0.0,0.0,0.0,0.0,0.0,0.0,0.96125,0.03875,0.0,0.0,0.0,0.0,0.0,0.0,0.0,0.0,0.0,0.0,0.0,0.0,0.0,0.0,0.0,0.0,0.0,0.0,0.0,0.0,0.0,0.0,0.0,0.0,0.0,0.0,0.0,0.0,0.0,0.0,0.0,0.96125,0.03875,0.0,0.0,0.0,0.0,0.0,0.0,0.0,0.0,0.92524,0.0,0.0,0.0,0.0,0.0,0.0,0.0,0.0,0.0,0.07476,
0.0,0.99949,5.1E-4,0.0,0.0,0.0,0.0,0.0,0.0,0.0,0.0,0.0,0.0,0.0,0.0,0.0,0.0,0.0,0.0,0.0,0.0,0.0,0.9995,0.0,0.0,0.0,0.0,0.0,0.0,0.0,0.0,0.0,5.0E-4,0.0,0.0,0.0,0.0,0.0,0.0,0.0,0.0,0.0,0.0,0.0,0.0,0.0,26.17453,13.71297,5.61073,337.15561,2.72152,14.12187,0.03586,0.0,0.0,1.0E-4,116.42895,29922.30465,11841.14033,11049.64937,13409.07075,2313820.42398,9605.84556,13150.40799,1896.86122,2139.99887,529.66945,0.0,0.0,0.0,0.0,0.0,0.0,0.0,0.0,0.0,0.0,0.0,0.0,0.95246,0.04754,0.0,0.0,0.0,0.0,0.0,0.0,0.0,0.0,0.0,0.0,0.0,0.0,0.0,0.0,0.0,0.0,0.0,0.0,0.0,0.0,0.0,0.0,0.0,0.0,0.0,0.0,0.0,0.0,0.0,0.0,0.0,0.95246,0.04754,0.0,0.0,0.0,0.0,0.0,0.0,0.0,0.0,0.90721,0.0,0.0,0.0,0.0,0.0,0.0,0.0,0.0,0.0,0.09279,
0.0,0.99934,6.6E-4,0.0,0.0,0.0,0.0,0.0,0.0,0.0,0.0,0.0,0.0,0.0,0.0,0.0,0.0,0.0,0.0,0.0,0.0,0.0,0.9995,0.0,0.0,0.0,0.0,0.0,0.0,0.0,0.0,0.0,5.0E-4,0.0,0.0,0.0,0.0,0.0,0.0,0.0,0.0,0.0,0.0,0.0,0.0,0.0,26.98847,13.88717,5.60376,333.87489,2.76806,14.07956,0.03586,0.0,0.0,1.0E-4,119.14586,33013.95559,11867.50344,11174.09431,13404.156,2311526.51846,9488.47387,13139.28709,1896.86122,2139.99887,526.95254,0.0,0.0,0.0,0.0,0.0,0.0,0.0,0.0,0.0,0.0,0.0,0.0,0.93511,0.06489,0.0,0.0,0.0,0.0,0.0,0.0,0.0,0.0,0.0,0.0,0.0,0.0,0.0,0.0,0.0,0.0,0.0,0.0,0.0,0.0,0.0,0.0,0.0,0.0,0.0,0.0,0.0,0.0,0.0,0.0,0.0,0.93511,0.06489,0.0,0.0,0.0,0.0,0.0,0.0,0.0,0.0,0.90796,0.0,0.0,0.0,0.0,0.0,0.0,0.0,0.0,0.0,0.09204,
0.0,0.99934,6.5E-4,1.0E-5,0.0,0.0,0.0,0.0,0.0,0.0,0.0,0.0,0.0,0.0,0.0,0.0,0.0,0.0,0.0,0.0,0.0,0.0,0.9995,0.0,0.0,0.0,0.0,0.0,0.0,0.0,0.0,0.0,5.0E-4,0.0,0.0,0.0,0.0,0.0,0.0,0.0,0.0,0.0,0.0,0.0,0.0,0.0,26.8617,13.3684,5.53214,330.63267,2.47474,15.06991,0.03586,0.0,0.0,1.0E-4,125.14756,35516.9733,12012.40693,10958.05151,13381.06084,2309244.34986,9462.3374,13245.52931,1896.86122,2139.99887,520.95084,0.0,0.0,0.0,0.0,0.0,0.0,0.0,0.0,0.0,0.0,0.0,0.0,0.93511,0.04754,0.01735,0.0,0.0,0.0,0.0,0.0,0.0,0.0,0.0,0.0,0.0,0.0,0.0,0.0,0.0,0.0,0.0,0.0,0.0,0.0,0.0,0.0,0.0,0.0,0.0,0.0,0.0,0.0,0.0,0.0,0.0,0.93511,0.04754,0.01735,0.0,0.0,0.0,0.0,0.0,0.0,0.0,0.90796,0.0,0.0,0.0,0.0,0.0,0.0,0.0,0.0,0.0,0.09204,
0.0,0.99934,6.5E-4,1.0E-5,0.0,0.0,0.0,0.0,0.0,0.0,0.0,0.0,0.0,0.0,0.0,0.0,0.0,0.0,0.0,0.0,0.0,0.0,0.99949,0.0,0.0,0.0,0.0,0.0,0.0,0.0,0.0,2.0E-5,4.8E-4,0.0,0.0,0.0,0.0,0.0,0.0,0.0,0.0,0.0,0.0,0.0,0.0,0.0,27.84858,13.49801,5.597,325.43376,2.36255,14.76247,0.0359,0.0,0.0,1.0E-4,137.4246,37376.62356,12011.68773,10963.99456,13384.67331,2304716.07032,9310.64664,13335.36377,1897.33432,2135.13086,518.90842,0.0,0.0,0.0,0.0,0.0,0.0,0.0,0.0,0.0,0.0,0.0,0.0,0.93511,0.04754,0.01735,0.0,0.0,0.0,0.0,0.0,0.0,0.0,0.0,0.0,0.0,0.0,0.0,0.0,0.0,0.0,0.0,0.0,0.0,0.0,0.0,0.0,0.0,0.0,0.0,0.0,0.0,0.0,0.0,0.0,0.0,0.93511,0.04754,0.01735,0.0,0.0,0.0,0.0,0.0,0.0,0.0,0.90578,0.0,0.0,0.0,0.0,0.0,0.0,0.0,0.0,0.00392,0.0903,
0.0,0.99935,6.4E-4,1.0E-5,0.0,0.0,0.0,0.0,0.0,0.0,0.0,0.0,0.0,0.0,0.0,0.0,0.0,0.0,0.0,0.0,0.0,0.0,0.99947,0.0,0.0,0.0,0.0,0.0,0.0,0.0,0.0,2.0E-5,5.1E-4,0.0,0.0,0.0,0.0,0.0,0.0,0.0,0.0,0.0,0.0,0.0,0.0,0.0,28.84858,13.49801,5.597,325.43376,2.36255,14.76247,0.0359,0.0,0.0,1.0E-4,173.62446,39478.50942,11976.12286,10976.98271,13384.67331,2304699.69141,9297.65849,13335.36377,1897.33432,2135.13086,500.30276,0.0,0.0,0.0,0.0,0.0,0.0,0.0,0.0,0.0,0.0,0.0,0.0,0.93832,0.04218,0.01735,0.0,0.0,0.0,0.0,0.0,0.0,0.0,0.0,0.0,0.0,0.0,0.0,0.0,0.0,0.0,0.0,0.0,0.0,0.0,0.0,0.0,0.0,0.0,0.0,0.0,0.0,0.0,0.0,0.0,0.0,0.93832,0.04218,0.01735,0.0,0.0,0.0,0.0,0.0,0.0,0.0,0.90967,0.0,0.0,0.0,0.0,0.0,0.0,0.0,0.0,0.00392,0.0864,
0.0,0.99912,8.7E-4,1.0E-5,0.0,0.0,0.0,0.0,0.0,0.0,0.0,0.0,0.0,0.0,0.0,0.0,0.0,0.0,0.0,0.0,0.0,0.0,0.99928,0.0,0.0,0.0,0.0,0.0,0.0,0.0,0.0,2.0E-5,7.0E-4,0.0,0.0,0.0,0.0,0.0,0.0,0.0,0.0,0.0,0.0,0.0,0.0,0.0,28.67069,13.34704,5.5437,324.59866,2.3527,15.98957,0.0359,0.0,0.0,1.0E-4,182.53766,42153.38003,11891.71548,10954.44756,13366.98161,2304545.77497,9308.88734,13515.5737,1897.33432,2135.13086,528.51824,0.0,0.0,0.0,0.0,0.0,0.0,0.0,0.0,0.0,0.0,0.0,0.0,0.91784,0.06266,0.01735,0.0,0.0,0.0,0.0,0.0,0.0,0.0,0.0,0.0,0.0,0.0,0.0,0.0,0.0,0.0,0.0,0.0,0.0,0.0,0.0,0.0,0.0,0.0,0.0,0.0,0.0,0.0,0.0,0.0,0.0,0.91784,0.06266,0.01735,0.0,0.0,0.0,0.0,0.0,0.0,0.0,0.87557,0.0,0.0,0.0,0.0,0.0,0.0,0.0,0.0,0.00392,0.1205,
0.0,0.99912,8.7E-4,1.0E-5,0.0,0.0,0.0,0.0,0.0,0.0,0.0,0.0,0.0,0.0,0.0,0.0,0.0,0.0,0.0,0.0,0.0,0.0,0.99926,0.0,0.0,0.0,0.0,0.0,0.0,0.0,0.0,2.0E-5,7.2E-4,0.0,0.0,0.0,0.0,0.0,0.0,0.0,0.0,0.0,0.0,0.0,0.0,0.0,29.08274,13.80847,6.13544,322.19272,2.25616,14.8517,0.03567,0.0,0.0,1.0E-4,191.72678,45709.14058,11940.06328,11030.13726,13195.46716,2302375.65442,9274.39953,13464.19186,1898.09725,2135.13086,529.28427,0.0,0.0,0.0,0.0,0.0,0.0,0.0,0.0,0.0,0.0,0.0,0.0,0.91784,0.06266,0.01735,0.0,0.0,0.0,0.0,0.0,0.0,0.0,0.0,0.0,0.0,0.0,0.0,0.0,0.0,0.0,0.0,0.0,0.0,0.0,0.0,0.0,0.0,0.0,0.0,0.0,0.0,0.0,0.0,0.0,0.0,0.91784,0.06266,0.01735,0.0,0.0,0.0,0.0,0.0,0.0,0.0,0.87308,0.0,0.0,0.0,0.0,0.0,0.0,0.0,0.0,0.00392,0.123,
0.0,0.99912,8.7E-4,1.0E-5,0.0,0.0,0.0,0.0,0.0,0.0,0.0,0.0,0.0,0.0,0.0,0.0,0.0,0.0,0.0,0.0,0.0,0.0,0.99923,0.0,0.0,0.0,0.0,0.0,0.0,0.0,0.0,1.5E-4,6.2E-4,0.0,0.0,0.0,0.0,0.0,0.0,0.0,0.0,0.0,0.0,0.0,0.0,0.0,30.25262,13.30991,4.85975,322.74117,2.53843,14.62443,0.03659,0.0,0.0,1.0E-4,210.10501,49174.39115,12325.06606,11784.8213,12914.18787,2301383.31846,9345.09607,13514.70037,1898.70355,2129.48684,522.97571,0.0,0.0,0.0,0.0,0.0,0.0,0.0,0.0,0.0,0.0,0.0,0.0,0.91784,0.06266,0.01735,0.0,0.0,0.0,0.0,0.0,0.0,0.0,0.0,0.0,0.0,0.0,0.0,0.0,0.0,0.0,0.0,0.0,0.0,0.0,0.0,0.0,0.0,0.0,0.0,0.0,0.0,0.0,0.0,0.0,0.0,0.91784,0.06266,0.01735,0.0,0.0,0.0,0.0,0.0,0.0,0.0,0.86674,0.0,0.0,0.0,0.0,0.0,0.0,0.0,0.0,0.01935,0.11391,
0.0,0.99912,8.6E-4,2.0E-5,0.0,0.0,0.0,0.0,0.0,0.0,0.0,0.0,0.0,0.0,0.0,0.0,0.0,0.0,0.0,0.0,0.0,0.0,0.99916,0.0,0.0,0.0,0.0,0.0,0.0,0.0,0.0,1.5E-4,6.9E-4,0.0,0.0,0.0,0.0,0.0,0.0,0.0,0.0,0.0,0.0,0.0,0.0,0.0,30.46663,12.94334,4.89907,320.7131,2.53614,14.62443,0.03659,0.0,0.0,1.0E-4,223.03566,51279.20417,12368.79145,11664.19485,12912.43059,2299162.36469,9360.08575,13514.70037,1898.70355,2122.81167,537.2395,0.0,0.0,0.0,0.0,0.0,0.0,0.0,0.0,0.0,0.0,0.0,0.0,0.91784,0.04218,0.03783,0.0,0.0,0.0,0.0,0.0,0.0,0.0,0.0,0.0,0.0,0.0,0.0,0.0,0.0,0.0,0.0,0.0,0.0,0.0,0.0,0.0,0.0,0.0,0.0,0.0,0.0,0.0,0.0,0.0,0.0,0.91784,0.04218,0.03783,0.0,0.0,0.0,0.0,0.0,0.0,0.0,0.85538,0.0,0.0,0.0,0.0,0.0,0.0,0.0,0.0,0.01991,0.12471,
0.0,0.99912,8.6E-4,2.0E-5,0.0,0.0,0.0,0.0,0.0,0.0,0.0,0.0,0.0,0.0,0.0,0.0,0.0,0.0,0.0,0.0,0.0,0.0,0.99919,0.0,0.0,0.0,0.0,0.0,0.0,0.0,0.0,1.5E-4,6.6E-4,0.0,0.0,0.0,0.0,0.0,0.0,0.0,0.0,0.0,0.0,0.0,0.0,0.0,30.46663,12.94334,4.89907,320.7131,2.53614,14.62443,0.03659,0.0,0.0,1.0E-4,269.00446,55609.73861,12368.79145,11666.38003,12908.19051,2299146.88786,9362.14065,13514.70037,1898.70355,2122.81167,502.91512,0.0,0.0,0.0,0.0,0.0,0.0,0.0,0.0,0.0,0.0,0.0,0.0,0.91784,0.04218,0.03783,0.0,0.0,0.0,0.0,0.0,0.0,0.0,0.0,0.0,0.0,0.0,0.0,0.0,0.0,0.0,0.0,0.0,0.0,0.0,0.0,0.0,0.0,0.0,0.0,0.0,0.0,0.0,0.0,0.0,0.0,0.91784,0.04218,0.03783,0.0,0.0,0.0,0.0,0.0,0.0,0.0,0.86369,0.0,0.0,0.0,0.0,0.0,0.0,0.0,0.0,0.01991,0.1164,
0.0,0.99912,8.6E-4,2.0E-5,0.0,0.0,0.0,0.0,0.0,0.0,0.0,0.0,0.0,0.0,0.0,0.0,0.0,0.0,0.0,0.0,0.0,0.0,0.99895,0.0,0.0,0.0,0.0,0.0,0.0,0.0,0.0,1.7E-4,8.8E-4,0.0,0.0,0.0,0.0,0.0,0.0,0.0,0.0,0.0,0.0,0.0,0.0,0.0,30.3532,13.41659,4.96259,320.26488,2.44484,15.74185,0.03534,0.0,0.0,1.0E-4,296.11152,57621.47332,12347.33171,11653.19723,12904.29591,2299066.13036,9348.10844,13636.48402,1894.25831,2123.91452,530.04897,0.0,0.0,0.0,0.0,0.0,0.0,0.0,0.0,0.0,0.0,0.0,0.0,0.91784,0.04218,0.03783,0.0,0.0,0.0,0.0,0.0,0.0,0.0,0.0,0.0,0.0,0.0,0.0,0.0,0.0,0.0,0.0,0.0,0.0,0.0,0.0,0.0,0.0,0.0,0.0,0.0,0.0,0.0,0.0,0.0,0.0,0.91784,0.04218,0.03783,0.0,0.0,0.0,0.0,0.0,0.0,0.0,0.83526,0.0,0.0,0.0,0.0,0.0,0.0,0.0,0.0,0.02242,0.14232,
0.0,0.99912,7.9E-4,9.0E-5,0.0,0.0,0.0,0.0,0.0,0.0,0.0,0.0,0.0,0.0,0.0,0.0,0.0,0.0,0.0,0.0,0.0,0.0,0.99885,0.0,0.0,0.0,0.0,0.0,0.0,0.0,0.0,1.7E-4,9.8E-4,0.0,0.0,0.0,0.0,0.0,0.0,0.0,0.0,0.0,0.0,0.0,0.0,0.0,31.11062,13.72192,5.012,314.90342,2.60322,14.53644,0.07856,0.0,0.0,1.0E-4,312.40596,60955.29228,12197.88001,11608.57348,12935.42309,2294736.66141,9384.68464,13386.43122,1904.76438,2121.02218,542.53051,0.0,0.0,0.0,0.0,0.0,0.0,0.0,0.0,0.0,0.0,0.0,0.0,0.91784,0.03732,0.04269,0.0,0.0,0.0,0.0,0.0,0.0,0.0,0.0,0.0,0.0,0.0,0.0,0.0,0.0,0.0,0.0,0.0,0.0,0.0,0.0,0.0,0.0,0.0,0.0,0.0,0.0,0.0,0.0,0.0,0.0,0.91784,0.03732,0.04269,0.0,0.0,0.0,0.0,0.0,0.0,0.0,0.82129,0.0,0.0,0.0,0.0,0.0,0.0,0.0,0.0,0.02242,0.1563,
0.0,0.99873,0.00118,9.0E-5,0.0,0.0,0.0,0.0,0.0,0.0,0.0,0.0,0.0,0.0,0.0,0.0,0.0,0.0,0.0,0.0,0.0,0.0,0.99881,0.0,0.0,0.0,0.0,0.0,0.0,0.0,0.0,1.7E-4,0.00103,0.0,0.0,0.0,0.0,0.0,0.0,0.0,0.0,0.0,0.0,0.0,0.0,0.0,32.10759,13.8985,5.00766,312.67637,2.60101,14.53644,0.07856,0.0,0.0,1.0E-4,332.00004,63493.86528,12265.46005,12383.87952,12934.63743,2291722.44649,9349.24297,13386.43122,1904.76438,2121.02218,536.79428,0.0,0.0,0.0,0.0,0.0,0.0,0.0,0.0,0.0,0.0,0.0,0.0,0.88592,0.06624,0.04371,0.0,0.0,0.0,0.0,0.0,0.0,0.0,0.0,0.0,0.0,0.0,0.0,0.0,0.0,0.0,0.0,0.0,0.0,0.0,0.0,0.0,0.0,0.0,0.0,0.0,0.0,0.0,0.0,0.0,0.0,0.88592,0.06624,0.04371,0.0,0.0,0.0,0.0,0.0,0.0,0.0,0.81875,0.0,0.0,0.0,0.0,0.0,0.0,0.0,0.0,0.02242,0.15884,
0.0,0.99873,0.00118,9.0E-5,0.0,0.0,0.0,0.0,0.0,0.0,0.0,0.0,0.0,0.0,0.0,0.0,0.0,0.0,0.0,0.0,0.0,0.0,0.9987,0.0,0.0,0.0,0.0,0.0,0.0,0.0,0.0,1.7E-4,0.00113,0.0,0.0,0.0,0.0,0.0,0.0,0.0,0.0,0.0,0.0,0.0,0.0,0.0,32.68379,14.34621,5.00766,313.65246,2.60101,14.53644,0.07856,0.0,0.0,1.0E-4,341.94942,67108.31034,12207.06796,12397.29038,12847.44285,2291712.99926,9421.16573,13386.43122,1904.76438,2129.62534,548.59573,0.0,0.0,0.0,0.0,0.0,0.0,0.0,0.0,0.0,0.0,0.0,0.0,0.88592,0.06599,0.04353,0.0,0.0,0.0,0.0,0.0,0.0,0.0,0.0,0.0,0.0,0.0,0.0,0.0,0.0,0.0,0.0,0.0,0.0,0.0,0.0,0.0,0.0,0.0,0.0,0.0,0.0,0.0,0.0,0.0,0.0,0.88592,0.06599,0.04353,0.0,0.0,0.0,0.0,0.0,0.0,0.0,0.80564,0.0,0.0,0.0,0.0,0.0,0.0,0.0,0.0,0.0223,0.17207,
0.0,0.99874,0.00118,9.0E-5,0.0,0.0,0.0,0.0,0.0,0.0,0.0,0.0,0.0,0.0,0.0,0.0,0.0,0.0,0.0,0.0,0.0,0.0,0.99858,0.0,0.0,0.0,0.0,0.0,0.0,0.0,0.0,1.7E-4,0.00125,0.0,0.0,0.0,0.0,0.0,0.0,0.0,0.0,0.0,0.0,0.0,0.0,0.0,32.68379,14.34621,5.00766,313.65246,2.60101,14.53644,0.07856,0.0,0.0,1.0E-4,345.90878,69760.04752,12207.05234,12439.56141,12804.32235,2291698.11377,9420.68707,13386.43122,1904.76438,2128.76777,568.78944,0.0,0.0,0.0,0.0,0.0,0.0,0.0,0.0,0.0,0.0,0.0,0.0,0.88592,0.06599,0.04353,0.0,0.0,0.0,0.0,0.0,0.0,0.0,0.0,0.0,0.0,0.0,0.0,0.0,0.0,0.0,0.0,0.0,0.0,0.0,0.0,0.0,0.0,0.0,0.0,0.0,0.0,0.0,0.0,0.0,0.0,0.88592,0.06599,0.04353,0.0,0.0,0.0,0.0,0.0,0.0,0.0,0.79117,0.0,0.0,0.0,0.0,0.0,0.0,0.0,0.0,0.0223,0.18653,
0.0,0.99875,0.00116,9.0E-5,0.0,0.0,0.0,0.0,0.0,0.0,0.0,0.0,0.0,0.0,0.0,0.0,0.0,0.0,0.0,0.0,0.0,0.0,0.99858,0.0,0.0,0.0,0.0,0.0,0.0,0.0,0.0,2.3E-4,0.00119,0.0,0.0,0.0,0.0,0.0,0.0,0.0,0.0,0.0,0.0,0.0,0.0,0.0,32.68952,14.40424,5.02743,311.09293,3.03758,14.53644,0.07856,0.0,0.0,1.0E-4,345.90878,70858.32859,12173.58723,12466.01853,12745.878,2289319.47267,9529.97703,13386.43122,1904.76438,2111.86832,585.68889,0.0,0.0,0.0,0.0,0.0,0.0,0.0,0.0,0.0,0.0,0.0,0.0,0.88592,0.06599,0.04353,0.0,0.0,0.0,0.0,0.0,0.0,0.0,0.0,0.0,0.0,0.0,0.0,0.0,0.0,0.0,0.0,0.0,0.0,0.0,0.0,0.0,0.0,0.0,0.0,0.0,0.0,0.0,0.0,0.0,0.0,0.88592,0.06599,0.04353,0.0,0.0,0.0,0.0,0.0,0.0,0.0,0.79117,0.0,0.0,0.0,0.0,0.0,0.0,0.0,0.0,0.03116,0.17766,
0.0,0.99876,0.00115,9.0E-5,0.0,0.0,0.0,0.0,0.0,0.0,0.0,0.0,0.0,0.0,0.0,0.0,0.0,0.0,0.0,0.0,0.0,0.0,0.99859,0.0,0.0,0.0,0.0,0.0,0.0,0.0,0.0,2.3E-4,0.00118,0.0,0.0,0.0,0.0,0.0,0.0,0.0,0.0,0.0,0.0,0.0,0.0,0.0,33.69325,14.21254,5.03063,311.13659,2.75105,14.96186,0.08077,0.0,0.0,1.0E-4,361.8317,72370.37778,12206.48643,12399.48508,12711.76604,2289327.73543,9404.92138,13552.58012,1905.94274,2111.86832,569.76597,0.0,0.0,0.0,0.0,0.0,0.0,0.0,0.0,0.0,0.0,0.0,0.0,0.88914,0.06277,0.04353,0.0,0.0,0.0,0.0,0.0,0.0,0.0,0.0,0.0,0.0,0.0,0.0,0.0,0.0,0.0,0.0,0.0,0.0,0.0,0.0,0.0,0.0,0.0,0.0,0.0,0.0,0.0,0.0,0.0,0.0,0.88914,0.06277,0.04353,0.0,0.0,0.0,0.0,0.0,0.0,0.0,0.79403,0.0,0.0,0.0,0.0,0.0,0.0,0.0,0.0,0.03116,0.17481,
0.0,0.99876,0.00115,9.0E-5,0.0,0.0,0.0,0.0,0.0,0.0,0.0,0.0,0.0,0.0,0.0,0.0,0.0,0.0,0.0,0.0,0.0,0.0,0.99863,0.0,0.0,0.0,0.0,0.0,0.0,0.0,0.0,2.3E-4,0.00114,0.0,0.0,0.0,0.0,0.0,0.0,0.0,0.0,0.0,0.0,0.0,0.0,0.0,33.6726,12.31843,5.21473,307.50178,5.10749,14.96186,0.08077,0.0,0.0,1.0E-4,384.95078,75069.48473,12159.22867,12603.46203,12656.63313,2280536.7754,15821.8748,13552.58012,1905.94274,2111.62657,546.88864,0.0,0.0,0.0,0.0,0.0,0.0,0.0,0.0,0.0,0.0,0.0,0.0,0.88914,0.06277,0.04353,0.0,0.0,0.0,0.0,0.0,0.0,0.0,0.0,0.0,0.0,0.0,0.0,0.0,0.0,0.0,0.0,0.0,0.0,0.0,0.0,0.0,0.0,0.0,0.0,0.0,0.0,0.0,0.0,0.0,0.0,0.88914,0.06277,0.04353,0.0,0.0,0.0,0.0,0.0,0.0,0.0,0.80235,0.0,0.0,0.0,0.0,0.0,0.0,0.0,0.0,0.03116,0.16649,
0.0,0.99876,0.00115,9.0E-5,0.0,0.0,0.0,0.0,0.0,0.0,0.0,0.0,0.0,0.0,0.0,0.0,0.0,0.0,0.0,0.0,0.0,0.0,0.99852,0.0,0.0,0.0,0.0,0.0,0.0,0.0,0.0,2.3E-4,0.00125,0.0,0.0,0.0,0.0,0.0,0.0,0.0,0.0,0.0,0.0,0.0,0.0,0.0,33.67124,12.24137,5.61801,308.49271,4.79169,14.96186,0.08077,0.0,0.0,1.0E-4,394.23803,77656.80892,12162.70928,12597.83273,12732.36743,2280493.92362,15773.79376,13552.58012,1905.94274,2108.56201,566.16281,0.0,0.0,0.0,0.0,0.0,0.0,0.0,0.0,0.0,0.0,0.0,0.0,0.88914,0.06277,0.04353,0.0,0.0,0.0,0.0,0.0,0.0,0.0,0.0,0.0,0.0,0.0,0.0,0.0,0.0,0.0,0.0,0.0,0.0,0.0,0.0,0.0,0.0,0.0,0.0,0.0,0.0,0.0,0.0,0.0,0.0,0.88914,0.06277,0.04353,0.0,0.0,0.0,0.0,0.0,0.0,0.0,0.78652,0.0,0.0,0.0,0.0,0.0,0.0,0.0,0.0,0.03116,0.18231,
0.0,0.99876,0.00109,1.5E-4,0.0,0.0,0.0,0.0,0.0,0.0,0.0,0.0,0.0,0.0,0.0,0.0,0.0,0.0,0.0,0.0,0.0,0.0,0.99851,0.0,0.0,0.0,0.0,0.0,0.0,0.0,0.0,2.3E-4,0.00126,0.0,0.0,0.0,0.0,0.0,0.0,0.0,0.0,0.0,0.0,0.0,0.0,0.0,34.22691,12.65786,5.60401,308.30168,4.79008,15.20601,0.07109,0.0,0.0,1.0E-4,412.5254,79892.00021,12134.51694,12577.59924,12702.8767,2280434.71369,15762.75746,13641.9923,1903.82952,2108.56201,555.15098,0.0,0.0,0.0,0.0,0.0,0.0,0.0,0.0,0.0,0.0,0.0,0.0,0.88914,0.05666,0.0478,0.0,0.0,0.0,0.0,0.0,0.0,0.0,0.0,0.0,0.0,0.0,0.0,0.0,0.0,0.0,0.0,0.0,0.0,0.0,0.0,0.0,0.0,0.0,0.0,0.0,0.0,0.0,0.0,0.0,0.0,0.88914,0.05666,0.0478,0.0,0.0,0.0,0.0,0.0,0.0,0.0,0.78409,0.0,0.0,0.0,0.0,0.0,0.0,0.0,0.0,0.03116,0.18475,
0.0,0.99876,0.00103,2.1E-4,0.0,0.0,0.0,0.0,0.0,0.0,0.0,0.0,0.0,0.0,0.0,0.0,0.0,0.0,0.0,0.0,0.0,0.0,0.99855,0.0,0.0,0.0,0.0,0.0,0.0,0.0,0.0,2.3E-4,0.00122,0.0,0.0,0.0,0.0,0.0,0.0,0.0,0.0,0.0,0.0,0.0,0.0,0.0,34.0622,12.81818,5.59985,306.32858,4.78279,15.20601,0.07109,0.0,0.0,1.0E-4,430.77479,82659.93422,12180.34744,12032.62141,13188.4848,2278175.57932,15761.61565,13641.9923,1903.82952,2108.56201,546.3206,0.0,0.0,0.0,0.0,0.0,0.0,0.0,0.0,0.0,0.0,0.0,0.0,0.88914,0.05222,0.05223,0.0,0.0,0.0,0.0,0.0,0.0,0.0,0.0,0.0,0.0,0.0,0.0,0.0,0.0,0.0,0.0,0.0,0.0,0.0,0.0,0.0,0.0,0.0,0.0,0.0,0.0,0.0,0.0,0.0,0.0,0.88914,0.05222,0.05223,0.0,0.0,0.0,0.0,0.0,0.0,0.0,0.79341,0.0,0.0,0.0,0.0,0.0,0.0,0.0,0.0,0.03116,0.17543,
0.0,0.99843,0.00136,2.1E-4,0.0,0.0,0.0,0.0,0.0,0.0,0.0,0.0,0.0,0.0,0.0,0.0,0.0,0.0,0.0,0.0,0.0,0.0,0.99849,0.0,0.0,0.0,0.0,0.0,0.0,0.0,0.0,3.3E-4,0.00118,0.0,0.0,0.0,0.0,0.0,0.0,0.0,0.0,0.0,0.0,0.0,0.0,0.0,34.04655,12.81014,5.57741,295.70466,4.74353,15.20601,0.07109,0.0,0.0,1.0E-4,456.46251,85117.90137,12158.5472,12025.65754,13169.66775,2296268.7141,15728.68198,13641.92244,1904.15844,2075.45189,577.99224,0.0,0.0,0.0,0.0,0.0,0.0,0.0,0.0,0.0,0.0,0.0,0.0,0.86015,0.08121,0.05223,0.0,0.0,0.0,0.0,0.0,0.0,0.0,0.0,0.0,0.0,0.0,0.0,0.0,0.0,0.0,0.0,0.0,0.0,0.0,0.0,0.0,0.0,0.0,0.0,0.0,0.0,0.0,0.0,0.0,0.0,0.86015,0.08121,0.05223,0.0,0.0,0.0,0.0,0.0,0.0,0.0,0.78835,0.0,0.0,0.0,0.0,0.0,0.0,0.0,0.0,0.04162,0.17003,
0.0,0.99843,0.00136,2.1E-4,0.0,0.0,0.0,0.0,0.0,0.0,0.0,0.0,0.0,0.0,0.0,0.0,0.0,0.0,0.0,0.0,0.0,0.0,0.99835,0.0,0.0,0.0,0.0,0.0,0.0,0.0,0.0,3.5E-4,0.0013,0.0,0.0,0.0,0.0,0.0,0.0,0.0,0.0,0.0,0.0,0.0,0.0,0.0,33.96897,12.7564,5.50857,292.00761,5.52684,15.50139,0.02764,0.0,0.0,1.0E-4,463.2484,88490.83787,12122.15849,11409.39784,13733.21412,2293811.76352,16155.13465,13499.95981,1894.23117,2142.64137,528.92168,0.0,0.0,0.0,0.0,0.0,0.0,0.0,0.0,0.0,0.0,0.0,0.0,0.86015,0.08121,0.05223,0.0,0.0,0.0,0.0,0.0,0.0,0.0,0.0,0.0,0.0,0.0,0.0,0.0,0.0,0.0,0.0,0.0,0.0,0.0,0.0,0.0,0.0,0.0,0.0,0.0,0.0,0.0,0.0,0.0,0.0,0.86015,0.08121,0.05223,0.0,0.0,0.0,0.0,0.0,0.0,0.0,0.76722,0.0,0.0,0.0,0.0,0.0,0.0,0.0,0.0,0.04162,0.19116,
0.0,0.99843,0.00136,2.1E-4,0.0,0.0,0.0,0.0,0.0,0.0,0.0,0.0,0.0,0.0,0.0,0.0,0.0,0.0,0.0,0.0,0.0,0.0,0.99829,0.0,0.0,0.0,0.0,0.0,0.0,0.0,0.0,3.5E-4,0.00136,0.0,0.0,0.0,0.0,0.0,0.0,0.0,0.0,0.0,0.0,0.0,0.0,0.0,33.96854,12.75661,5.50666,290.21517,4.73979,16.24832,0.02898,0.0,0.0,1.0E-4,467.62948,90602.91025,12120.11129,11457.83562,13611.32707,2291559.25808,15791.89718,13905.61206,1894.95458,2140.71655,540.93372,0.0,0.0,0.0,0.0,0.0,0.0,0.0,0.0,0.0,0.0,0.0,0.0,0.86015,0.08121,0.05223,0.0,0.0,0.0,0.0,0.0,0.0,0.0,0.0,0.0,0.0,0.0,0.0,0.0,0.0,0.0,0.0,0.0,0.0,0.0,0.0,0.0,0.0,0.0,0.0,0.0,0.0,0.0,0.0,0.0,0.0,0.86015,0.08121,0.05223,0.0,0.0,0.0,0.0,0.0,0.0,0.0,0.75796,0.0,0.0,0.0,0.0,0.0,0.0,0.0,0.0,0.04162,0.20042,
0.0,0.99843,0.00136,2.1E-4,0.0,0.0,0.0,0.0,0.0,0.0,0.0,0.0,0.0,0.0,0.0,0.0,0.0,0.0,0.0,0.0,0.0,0.0,0.99832,0.0,0.0,0.0,0.0,0.0,0.0,0.0,0.0,4.1E-4,0.00127,0.0,0.0,0.0,0.0,0.0,0.0,0.0,0.0,0.0,0.0,0.0,0.0,0.0,34.70504,13.03123,5.5564,285.59204,4.75659,15.14956,0.07133,0.0,0.0,1.0E-4,490.87495,93035.62229,12219.28344,12003.30484,13603.61797,2286702.24803,15788.33811,13637.51402,1903.9076,2137.63936,521.86272,0.0,0.0,0.0,0.0,0.0,0.0,0.0,0.0,0.0,0.0,0.0,0.0,0.86015,0.08121,0.05223,0.0,0.0,0.0,0.0,0.0,0.0,0.0,0.0,0.0,0.0,0.0,0.0,0.0,0.0,0.0,0.0,0.0,0.0,0.0,0.0,0.0,0.0,0.0,0.0,0.0,0.0,0.0,0.0,0.0,0.0,0.86015,0.08121,0.05223,0.0,0.0,0.0,0.0,0.0,0.0,0.0,0.76512,0.0,0.0,0.0,0.0,0.0,0.0,0.0,0.0,0.05105,0.18382,
0.0,0.99843,0.00136,2.1E-4,0.0,0.0,0.0,0.0,0.0,0.0,0.0,0.0,0.0,0.0,0.0,0.0,0.0,0.0,0.0,0.0,0.0,0.0,0.99823,0.0,0.0,0.0,0.0,0.0,0.0,0.0,0.0,4.3E-4,0.00134,0.0,0.0,0.0,0.0,0.0,0.0,0.0,0.0,0.0,0.0,0.0,0.0,0.0,34.28911,13.44716,5.5564,285.59204,4.75659,15.14956,0.07133,0.0,0.0,1.0E-4,524.08459,95365.65143,12184.14248,12037.53609,13603.58488,2286657.10915,15788.67256,13637.51402,1903.9076,2135.17457,512.31106,0.0,0.0,0.0,0.0,0.0,0.0,0.0,0.0,0.0,0.0,0.0,0.0,0.86015,0.07982,0.05362,0.0,0.0,0.0,0.0,0.0,0.0,0.0,0.0,0.0,0.0,0.0,0.0,0.0,0.0,0.0,0.0,0.0,0.0,0.0,0.0,0.0,0.0,0.0,0.0,0.0,0.0,0.0,0.0,0.0,0.0,0.86015,0.07982,0.05362,0.0,0.0,0.0,0.0,0.0,0.0,0.0,0.75793,0.0,0.0,0.0,0.0,0.0,0.0,0.0,0.0,0.05329,0.18879,
0.0,0.99844,0.00135,2.1E-4,0.0,0.0,0.0,0.0,0.0,0.0,0.0,0.0,0.0,0.0,0.0,0.0,0.0,0.0,0.0,0.0,0.0,0.0,0.99804,0.0,0.0,0.0,0.0,0.0,0.0,0.0,0.0,4.3E-4,0.00153,0.0,0.0,0.0,0.0,0.0,0.0,0.0,0.0,0.0,0.0,0.0,0.0,0.0,34.29105,13.44522,5.5564,286.59204,4.75659,15.14956,0.07133,0.0,0.0,1.0E-4,529.38135,97901.61761,12165.07135,12037.56117,13618.57954,2286645.11815,15773.69273,13637.51402,1903.9076,2135.17457,545.95899,0.0,0.0,0.0,0.0,0.0,0.0,0.0,0.0,0.0,0.0,0.0,0.0,0.86015,0.07982,0.05362,0.0,0.0,0.0,0.0,0.0,0.0,0.0,0.0,0.0,0.0,0.0,0.0,0.0,0.0,0.0,0.0,0.0,0.0,0.0,0.0,0.0,0.0,0.0,0.0,0.0,0.0,0.0,0.0,0.0,0.0,0.86015,0.07982,0.05362,0.0,0.0,0.0,0.0,0.0,0.0,0.0,0.73637,0.0,0.0,0.0,0.0,0.0,0.0,0.0,0.0,0.05329,0.21034,
0.0,0.99845,0.00138,1.7E-4,0.0,0.0,0.0,0.0,0.0,0.0,0.0,0.0,0.0,0.0,0.0,0.0,0.0,0.0,0.0,0.0,0.0,0.0,0.99805,0.0,0.0,0.0,0.0,0.0,0.0,0.0,0.0,4.3E-4,0.00152,0.0,0.0,0.0,0.0,0.0,0.0,0.0,0.0,0.0,0.0,0.0,0.0,0.0,34.51886,13.2882,4.67843,286.95647,3.69923,16.6062,0.08482,0.0,0.0,1.0E-4,534.80068,99454.44008,12169.76972,12056.54873,13276.3709,2286655.41741,15367.87759,14265.442,1907.44842,2137.27309,538.44114,0.0,0.0,0.0,0.0,0.0,0.0,0.0,0.0,0.0,0.0,0.0,0.0,0.8627,0.05448,0.07642,0.0,0.0,0.0,0.0,0.0,0.0,0.0,0.0,0.0,0.0,0.0,0.0,0.0,0.0,0.0,0.0,0.0,0.0,0.0,0.0,0.0,0.0,0.0,0.0,0.0,0.0,0.0,0.0,0.0,0.0,0.8627,0.05448,0.07642,0.0,0.0,0.0,0.0,0.0,0.0,0.0,0.73908,0.0,0.0,0.0,0.0,0.0,0.0,0.0,0.0,0.05329,0.20763,
0.0,0.99834,0.00148,1.7E-4,0.0,0.0,0.0,0.0,0.0,0.0,0.0,0.0,0.0,0.0,0.0,0.0,0.0,0.0,0.0,0.0,0.0,0.0,0.99809,0.0,0.0,0.0,0.0,0.0,0.0,0.0,0.0,4.7E-4,0.00144,0.0,0.0,0.0,0.0,0.0,0.0,0.0,0.0,0.0,0.0,0.0,0.0,0.0,35.25014,14.35426,2.8125,285.21087,4.75441,16.6062,0.08482,0.0,0.0,1.0E-4,542.84925,101415.88437,12382.65861,11878.66427,13028.37478,2284429.41859,15583.7618,14265.41932,1900.78752,2136.9286,537.42063,0.0,0.0,0.0,0.0,0.0,0.0,0.0,0.0,0.0,0.0,0.0,0.0,0.85156,0.06556,0.07637,0.0,0.0,0.0,0.0,0.0,0.0,0.0,0.0,0.0,0.0,0.0,0.0,0.0,0.0,0.0,0.0,0.0,0.0,0.0,0.0,0.0,0.0,0.0,0.0,0.0,0.0,0.0,0.0,0.0,0.0,0.85156,0.06556,0.07637,0.0,0.0,0.0,0.0,0.0,0.0,0.0,0.74734,0.0,0.0,0.0,0.0,0.0,0.0,0.0,7.1E-4,0.05831,0.19364,
0.0,0.99835,0.00147,1.7E-4,0.0,0.0,0.0,0.0,0.0,0.0,0.0,0.0,0.0,0.0,0.0,0.0,0.0,0.0,0.0,0.0,0.0,0.0,0.99807,0.0,0.0,0.0,0.0,0.0,0.0,0.0,0.0,4.6E-4,0.00147,0.0,0.0,0.0,0.0,0.0,0.0,0.0,0.0,0.0,0.0,0.0,0.0,0.0,36.82263,14.4504,2.99439,285.21087,3.90389,16.6062,0.08482,0.0,0.0,1.0E-4,547.19845,103619.19931,12572.11276,11890.16102,13050.51979,2284338.45733,15358.45621,14265.41932,1900.78752,2130.28932,548.43397,0.0,0.0,0.0,0.0,0.0,0.0,0.0,0.0,0.0,0.0,0.0,0.0,0.85442,0.0627,0.07637,0.0,0.0,0.0,0.0,0.0,0.0,0.0,0.0,0.0,0.0,0.0,0.0,0.0,0.0,0.0,0.0,0.0,0.0,0.0,0.0,0.0,0.0,0.0,0.0,0.0,0.0,0.0,0.0,0.0,0.0,0.85442,0.0627,0.07637,0.0,0.0,0.0,0.0,0.0,0.0,0.0,0.74272,0.0,0.0,0.0,0.0,0.0,0.0,0.0,7.1E-4,0.05831,0.19827,
0.0,0.99837,0.00146,1.7E-4,0.0,0.0,0.0,0.0,0.0,0.0,0.0,0.0,0.0,0.0,0.0,0.0,0.0,0.0,0.0,0.0,0.0,0.0,0.99816,0.0,0.0,0.0,0.0,0.0,0.0,0.0,0.0,4.9E-4,0.00134,0.0,0.0,0.0,0.0,0.0,0.0,0.0,0.0,0.0,0.0,0.0,0.0,0.0,36.89862,11.79047,5.57854,279.79702,3.86213,16.6062,0.08482,0.0,0.0,1.0E-4,587.43943,106686.87021,12610.7275,11521.5613,13348.40434,2279883.41776,15344.10348,14265.41932,1900.78752,2126.30612,515.56679,0.0,0.0,0.0,0.0,0.0,0.0,0.0,0.0,0.0,0.0,0.0,0.0,0.85442,0.06041,0.07866,0.0,0.0,0.0,0.0,0.0,0.0,0.0,0.0,0.0,0.0,0.0,0.0,0.0,0.0,0.0,0.0,0.0,0.0,0.0,0.0,0.0,0.0,0.0,0.0,0.0,0.0,0.0,0.0,0.0,0.0,0.85442,0.06041,0.07866,0.0,0.0,0.0,0.0,0.0,0.0,0.0,0.76187,0.0,0.0,0.0,0.0,0.0,0.0,0.0,7.1E-4,0.06278,0.17464,
0.0,0.99805,0.00178,1.7E-4,0.0,0.0,0.0,0.0,0.0,0.0,0.0,0.0,0.0,0.0,0.0,0.0,0.0,0.0,0.0,0.0,0.0,0.0,0.99794,0.0,0.0,0.0,0.0,0.0,0.0,0.0,0.0,5.0E-4,0.00156,0.0,0.0,0.0,0.0,0.0,0.0,0.0,0.0,0.0,0.0,0.0,0.0,0.0,36.97103,13.48525,3.74398,278.16663,3.87303,16.6062,0.08482,0.0,0.0,1.0E-4,587.30651,108008.05681,12687.06497,12086.51467,12707.44099,2277692.19002,15338.30798,14265.41932,1900.78752,2138.53543,546.56848,0.0,0.0,0.0,0.0,0.0,0.0,0.0,0.0,0.0,0.0,0.0,0.0,0.82684,0.088,0.07866,0.0,0.0,0.0,0.0,0.0,0.0,0.0,0.0,0.0,0.0,0.0,0.0,0.0,0.0,0.0,0.0,0.0,0.0,0.0,0.0,0.0,0.0,0.0,0.0,0.0,0.0,0.0,0.0,0.0,0.0,0.82684,0.088,0.07866,0.0,0.0,0.0,0.0,0.0,0.0,0.0,0.72891,0.0,0.0,0.0,0.0,0.0,0.0,0.0,7.1E-4,0.0627,0.20768,
0.0,0.99805,0.00178,1.7E-4,1.0E-5,0.0,0.0,0.0,0.0,0.0,0.0,0.0,0.0,0.0,0.0,0.0,0.0,0.0,0.0,0.0,0.0,0.0,0.99794,0.0,0.0,0.0,0.0,0.0,0.0,0.0,0.0,5.0E-4,0.00156,0.0,0.0,0.0,0.0,0.0,0.0,0.0,0.0,0.0,0.0,0.0,0.0,0.0,37.85569,13.6669,4.68479,280.83188,4.20066,16.6062,0.08482,0.0,0.0,1.0E-4,600.86529,110861.69038,12687.31689,12124.50749,13136.5864,2276056.70734,16417.48611,14265.41932,1900.78752,2138.53543,533.00971,0.0,0.0,0.0,0.0,0.0,0.0,0.0,0.0,0.0,0.0,0.0,0.0,0.82684,0.088,0.07343,0.00523,0.0,0.0,0.0,0.0,0.0,0.0,0.0,0.0,0.0,0.0,0.0,0.0,0.0,0.0,0.0,0.0,0.0,0.0,0.0,0.0,0.0,0.0,0.0,0.0,0.0,0.0,0.0,0.0,0.0,0.82684,0.088,0.07343,0.00523,0.0,0.0,0.0,0.0,0.0,0.0,0.73034,0.0,0.0,0.0,0.0,0.0,0.0,0.0,7.1E-4,0.0627,0.20625,
0.0,0.99805,0.00178,1.7E-4,1.0E-5,0.0,0.0,0.0,0.0,0.0,0.0,0.0,0.0,0.0,0.0,0.0,0.0,0.0,0.0,0.0,0.0,0.0,0.99788,0.0,0.0,0.0,0.0,0.0,0.0,0.0,0.0,5.0E-4,0.00162,0.0,0.0,0.0,0.0,0.0,0.0,0.0,0.0,0.0,0.0,0.0,0.0,0.0,37.85179,13.26452,5.08053,278.18223,4.19087,16.6062,0.08482,0.0,0.0,1.0E-4,602.82198,113408.52748,12684.07192,12009.44599,13307.14398,2273791.13657,16348.31918,14265.41932,1900.78752,2138.54388,544.94855,0.0,0.0,0.0,0.0,0.0,0.0,0.0,0.0,0.0,0.0,0.0,0.0,0.82684,0.088,0.07343,0.00523,0.0,0.0,0.0,0.0,0.0,0.0,0.0,0.0,0.0,0.0,0.0,0.0,0.0,0.0,0.0,0.0,0.0,0.0,0.0,0.0,0.0,0.0,0.0,0.0,0.0,0.0,0.0,0.0,0.0,0.82684,0.088,0.07343,0.00523,0.0,0.0,0.0,0.0,0.0,0.0,0.72163,0.0,0.0,0.0,0.0,0.0,0.0,0.0,7.1E-4,0.0627,0.21496,
0.0,0.99806,0.00175,1.8E-4,1.0E-5,0.0,1.0E-5,0.0,0.0,0.0,0.0,0.0,0.0,0.0,0.0,0.0,0.0,0.0,0.0,0.0,0.0,0.0,0.99793,0.0,0.0,0.0,0.0,0.0,0.0,0.0,0.0,5.0E-4,0.00157,0.0,0.0,0.0,0.0,0.0,0.0,0.0,0.0,0.0,0.0,0.0,0.0,0.0,37.61599,14.23465,4.99198,276.69534,3.95555,18.73403,0.03341,0.0,0.0,1.0E-4,615.8885,115573.96223,12644.3055,12032.71961,13273.86976,2273416.34848,16195.42933,14831.48591,1888.55117,2138.54388,531.88203,0.0,0.0,0.0,0.0,0.0,0.0,0.0,0.0,0.0,0.0,0.0,0.0,0.82961,0.08523,0.03569,0.04297,0.0,0.0,0.0,0.0,0.0,0.0,0.0,0.0,0.0,0.0,0.0,0.0,0.0,0.0,0.0,0.0,0.0,0.0,0.0,0.0,0.0,0.0,0.0,0.0,0.0,0.0,0.0,0.0,0.0,0.82961,0.08523,0.03569,0.04297,0.0,0.0,0.0,0.0,0.0,0.0,0.73211,0.0,0.0,0.0,0.0,0.0,0.0,0.0,7.1E-4,0.0627,0.20449,
0.0,0.99807,0.00175,1.8E-4,1.0E-5,0.0,1.0E-5,0.0,0.0,0.0,0.0,0.0,0.0,0.0,0.0,0.0,0.0,0.0,0.0,0.0,0.0,0.0,0.99796,0.0,0.0,0.0,0.0,0.0,0.0,0.0,0.0,5.0E-4,0.00154,0.0,0.0,0.0,0.0,0.0,0.0,0.0,0.0,0.0,0.0,0.0,0.0,0.0,37.75798,14.32862,5.0495,275.2969,3.99058,16.93489,0.08089,0.0,0.0,1.0E-4,629.8966,117982.70661,12676.50655,12055.77443,13288.17353,2271518.99962,16199.42561,14393.99915,1901.62159,2137.74509,522.3749,0.0,0.0,0.0,0.0,0.0,0.0,0.0,0.0,0.0,0.0,0.0,0.0,0.83483,0.08523,0.03569,0.03775,0.0,0.0,0.0,0.0,0.0,0.0,0.0,0.0,0.0,0.0,0.0,0.0,0.0,0.0,0.0,0.0,0.0,0.0,0.0,0.0,0.0,0.0,0.0,0.0,0.0,0.0,0.0,0.0,0.0,0.83483,0.08523,0.03569,0.03775,0.0,0.0,0.0,0.0,0.0,0.0,0.73872,0.0,0.0,0.0,0.0,0.0,0.0,0.0,7.0E-4,0.06271,0.19788,
0.0,0.99807,0.00174,1.8E-4,1.0E-5,0.0,0.0,0.0,0.0,0.0,0.0,0.0,0.0,0.0,0.0,0.0,0.0,0.0,0.0,0.0,0.0,0.0,0.99789,0.0,0.0,0.0,0.0,0.0,0.0,0.0,0.0,5.0E-4,0.00161,0.0,0.0,0.0,0.0,0.0,0.0,0.0,0.0,0.0,0.0,0.0,0.0,0.0,37.86163,14.39935,5.10761,276.27282,4.027,15.65632,0.11463,0.0,0.0,1.0E-4,633.83581,121557.10806,12710.61862,12069.55628,13302.87676,2271748.09494,16210.69573,14042.9947,1909.35926,2138.49393,537.64848,0.0,0.0,0.0,0.0,0.0,0.0,0.0,0.0,0.0,0.0,0.0,0.0,0.83483,0.06649,0.05443,0.03775,0.0,0.0,0.0,0.0,0.0,0.0,0.0,0.0,0.0,0.0,0.0,0.0,0.0,0.0,0.0,0.0,0.0,0.0,0.0,0.0,0.0,0.0,0.0,0.0,0.0,0.0,0.0,0.0,0.0,0.83483,0.06649,0.05443,0.03775,0.0,0.0,0.0,0.0,0.0,0.0,0.729,0.0,0.0,0.0,0.0,0.0,0.0,0.0,7.1E-4,0.0627,0.2076,
0.0,0.99807,0.0017,2.2E-4,0.0,0.0,0.0,0.0,0.0,0.0,0.0,0.0,0.0,0.0,0.0,0.0,0.0,0.0,0.0,0.0,0.0,0.0,0.9978,0.0,0.0,0.0,0.0,0.0,0.0,0.0,0.0,5.0E-4,0.0017,0.0,0.0,0.0,0.0,0.0,0.0,0.0,0.0,0.0,0.0,0.0,0.0,0.0,41.45197,10.80118,5.09878,272.08741,4.01153,15.65632,0.11463,0.0,0.0,1.0E-4,635.79687,124428.59825,13230.64056,11554.01049,13280.82937,2267338.60354,15460.58029,14775.7848,1909.35143,2138.49393,554.43878,0.0,0.0,0.0,0.0,0.0,0.0,0.0,0.0,0.0,0.0,0.0,0.0,0.84065,0.04069,0.08022,0.03193,0.0,0.0,0.0,0.0,0.0,0.0,0.0,0.0,0.0,0.0,0.0,0.0,0.0,0.0,0.0,0.0,0.0,0.0,0.0,0.0,0.0,0.0,0.0,0.0,0.0,0.0,0.0,0.0,0.0,0.84065,0.04069,0.08022,0.03193,0.0,0.0,0.0,0.0,0.0,0.0,0.71838,0.0,0.0,0.0,0.0,0.0,0.0,0.0,7.1E-4,0.0627,0.21821,
0.0,0.99807,0.00165,2.7E-4,0.0,0.0,0.0,0.0,0.0,0.0,0.0,0.0,0.0,0.0,0.0,0.0,0.0,0.0,0.0,0.0,0.0,0.0,0.99786,0.0,0.0,0.0,0.0,0.0,0.0,0.0,0.0,5.0E-4,0.00164,0.0,0.0,0.0,0.0,0.0,0.0,0.0,0.0,0.0,0.0,0.0,0.0,0.0,42.42832,10.79241,5.08345,269.35736,4.21465,15.65632,0.11463,0.0,0.0,1.0E-4,647.91709,126355.72898,13512.99535,11248.4845,13266.27173,2264905.21141,15662.17169,14769.90415,1909.35143,2138.52676,542.28573,0.0,0.0,0.0,0.0,0.0,0.0,0.0,0.0,0.0,0.0,0.0,0.0,0.84065,0.03629,0.08462,0.03193,0.0,0.0,0.0,0.0,0.0,0.0,0.0,0.0,0.0,0.0,0.0,0.0,0.0,0.0,0.0,0.0,0.0,0.0,0.0,0.0,0.0,0.0,0.0,0.0,0.0,0.0,0.0,0.0,0.0,0.84065,0.03629,0.08462,0.03193,0.0,0.0,0.0,0.0,0.0,0.0,0.73013,0.0,0.0,0.0,0.0,0.0,0.0,0.0,7.1E-4,0.0627,0.20646,
0.0,0.99807,0.00165,2.7E-4,1.0E-5,0.0,0.0,0.0,0.0,0.0,0.0,0.0,0.0,0.0,0.0,0.0,0.0,0.0,0.0,0.0,0.0,0.0,0.9978,0.0,0.0,0.0,0.0,0.0,0.0,0.0,0.0,5.0E-4,0.0017,0.0,0.0,0.0,0.0,0.0,0.0,0.0,0.0,0.0,0.0,0.0,0.0,0.0,24.91618,9.48295,22.30377,271.23022,3.39414,15.65632,0.11463,0.0,0.0,1.0E-4,655.90463,128828.58355,9938.61254,10985.36147,17664.30759,2262927.02802,14818.11981,14769.90415,1909.35143,2138.52676,552.095,0.0,0.0,0.0,0.0,0.0,0.0,0.0,0.0,0.0,0.0,0.0,0.0,0.84065,0.03525,0.08462,0.03297,0.0,0.0,0.0,0.0,0.0,0.0,0.0,0.0,0.0,0.0,0.0,0.0,0.0,0.0,0.0,0.0,0.0,0.0,0.0,0.0,0.0,0.0,0.0,0.0,0.0,0.0,0.0,0.0,0.0,0.84065,0.03525,0.08462,0.03297,0.0,0.0,0.0,0.0,0.0,0.0,0.72492,0.0,0.0,0.0,0.0,0.0,0.0,0.0,7.1E-4,0.0627,0.21167,
0.0,0.99777,0.00195,2.7E-4,1.0E-5,0.0,0.0,0.0,0.0,0.0,0.0,0.0,0.0,0.0,0.0,0.0,0.0,0.0,0.0,0.0,0.0,0.0,0.99781,0.0,0.0,0.0,0.0,0.0,0.0,0.0,0.0,5.0E-4,0.00169,0.0,0.0,0.0,0.0,0.0,0.0,0.0,0.0,0.0,0.0,0.0,0.0,0.0,24.91618,9.48295,22.30377,271.23022,3.39414,15.65632,0.11463,0.0,0.0,1.0E-4,658.91206,131313.87643,9947.61062,10960.81224,17567.29809,2262918.69528,15367.32385,14324.28442,1909.3436,2138.52676,549.08757,0.0,0.0,0.0,0.0,0.0,0.0,0.0,0.0,0.0,0.0,0.0,0.0,0.81797,0.05979,0.08381,0.03193,0.0,0.0,0.0,0.0,0.0,0.0,0.0,0.0,0.0,0.0,0.0,0.0,0.0,0.0,0.0,0.0,0.0,0.0,0.0,0.0,0.0,0.0,0.0,0.0,0.0,0.0,0.0,0.0,0.0,0.81797,0.05979,0.08381,0.03193,0.0,0.0,0.0,0.0,0.0,0.0,0.7261,0.0,0.0,0.0,0.0,0.0,0.0,0.0,7.1E-4,0.0627,0.2105,
0.0,0.99777,0.00176,2.6E-4,1.0E-5,2.0E-4,1.0E-5,0.0,0.0,0.0,0.0,0.0,0.0,0.0,0.0,0.0,0.0,0.0,0.0,0.0,0.0,0.0,0.99783,0.0,0.0,0.0,0.0,0.0,0.0,0.0,0.0,5.0E-4,0.00167,0.0,0.0,0.0,0.0,0.0,0.0,0.0,0.0,0.0,0.0,0.0,0.0,0.0,21.9069,9.81814,22.00383,272.6801,3.38485,15.65632,0.11463,0.0,0.0,1.0E-4,663.28612,134541.83134,9308.30485,11112.28274,17532.77226,2261196.56063,14761.51489,14803.00919,1909.3436,2138.52676,544.71351,0.0,0.0,0.0,0.0,0.0,0.0,0.0,0.0,0.0,0.0,0.0,0.0,0.81797,0.05897,0.08462,0.03193,0.0,0.0,0.0,0.0,0.0,0.0,0.0,0.0,0.0,0.0,0.0,0.0,0.0,0.0,0.0,0.0,0.0,0.0,0.0,0.0,0.0,0.0,0.0,0.0,0.0,0.0,0.0,0.0,0.0,0.81797,0.05897,0.08462,0.03193,0.0,0.0,0.0,0.0,0.0,0.0,0.73072,0.0,0.0,0.0,0.0,0.0,0.0,0.0,7.1E-4,0.0627,0.20587,
0.0,0.99777,8.6E-4,2.7E-4,1.0E-5,0.00109,1.0E-5,0.0,0.0,0.0,0.0,0.0,0.0,0.0,0.0,0.0,0.0,0.0,0.0,0.0,0.0,0.0,0.99783,0.0,0.0,0.0,0.0,0.0,0.0,0.0,0.0,5.0E-4,0.00167,0.0,0.0,0.0,0.0,0.0,0.0,0.0,0.0,0.0,0.0,0.0,0.0,0.0,12.09081,9.82811,22.00383,283.48622,3.38485,15.65632,0.11463,0.0,0.0,1.0E-4,675.40544,136510.63466,7779.75728,11108.62056,17541.74591,2262695.84709,14751.41642,14803.00919,1909.3436,2138.52676,544.41717,0.0,0.0,0.0,0.0,0.0,0.0,0.0,0.0,0.0,0.0,0.0,0.0,0.81797,0.03525,0.08496,0.03193,0.02338,0.0,0.0,0.0,0.0,0.0,0.0,0.0,0.0,0.0,0.0,0.0,0.0,0.0,0.0,0.0,0.0,0.0,0.0,0.0,0.0,0.0,0.0,0.0,0.0,0.0,0.0,0.0,0.0,0.81797,0.03525,0.08496,0.03193,0.02338,0.0,0.0,0.0,0.0,0.0,0.73094,0.0,0.0,0.0,0.0,0.0,0.0,0.0,7.1E-4,0.0627,0.20565,
0.0,0.99737,0.00132,2.6E-4,1.0E-5,0.00108,1.0E-5,0.0,0.0,0.0,0.0,0.0,0.0,0.0,0.0,0.0,0.0,0.0,0.0,0.0,0.0,0.0,0.99781,0.0,0.0,0.0,0.0,0.0,0.0,0.0,0.0,5.0E-4,0.00169,0.0,0.0,0.0,0.0,0.0,0.0,0.0,0.0,0.0,0.0,0.0,0.0,0.0,12.03085,9.77607,21.24142,284.21456,3.42091,15.65632,0.11463,0.0,0.0,1.0E-4,681.4313,138738.34257,8391.90887,14484.63746,17423.72638,2259092.4485,14953.50185,14803.00919,1909.3436,2138.48818,548.98146,0.0,0.0,0.0,0.0,0.0,0.0,0.0,0.0,0.0,0.0,0.0,0.0,0.77935,0.05142,0.1084,0.03193,0.02334,0.00122,0.0,0.0,0.0,0.0,0.0,0.0,0.0,0.0,0.0,0.0,0.0,0.0,0.0,0.0,0.0,0.0,0.0,0.0,0.0,0.0,0.0,0.0,0.0,0.0,0.0,0.0,0.0,0.77935,0.05142,0.1084,0.03193,0.02334,0.00122,0.0,0.0,0.0,0.0,0.72797,0.0,0.0,0.0,0.0,0.0,0.0,0.0,7.1E-4,0.0627,0.20862,
