R-TfaEn,REn,RabA,RabB,RabC,RabD,RabE,RabF,RabG,RabH,RabI,TfaEn,area,cMHCIEn,exCxEn,imCxEn,membraneMarker,mvb,oMHCIEn,pepEn,pepMHCIEn,protonEn,solubleMarker,volume,
1.6E-37,0.0095,960.0,420.0,3100.0,3799999.9999999995,3900.0,1600.0,2100.0,240.0,2500.0,0.19,3799999.9999999995,3.4E-5,0.031,0.031,0.0,490.0,8.6,0.0,0.0,2.0E7,1.0,7.0E8,
5.2E-36,0.35,54000.0,97000.0,180000.0,5300000.0,2800.0,1600.0,2100.0,240.0,2500.0,0.19,5699999.999999999,2.9E-4,0.26,0.26,0.0,490.0,64.0,0.0,0.0,1.9E7,1.0,7.2E8,
1.9000000000000002E-36,0.13,46000.0,96000.0,3200.0,5300000.0,2800.0,1600.0,2000.0,240.0,2500.0,0.19,5400000.0,1.5E-5,0.25,0.25,0.0,470.0,3.0,0.0,0.0,1.8E7,1.0,7.2E8,
1.6E-37,0.011,2600.0,240.0,3100.0,5100000.0,2700.0,1500.0,2000.0,230.0,2500.0,0.19,5100000.0,1.6E-5,0.11,0.11,0.0,460.0,2.9,0.0,0.0,1.8E7,1.0,7.2E8,
1.5E-37,0.01,2600.0,240.0,3100.0,4700000.0,2700.0,1500.0,2000.0,230.0,2400.0,0.18,4700000.0,1.6E-5,0.1,0.1,0.0,450.0,2.7,0.0,0.0,1.7E7,1.0,7.2E8,
1.3000000000000001E-37,0.009,2500.0,230.0,3000.0,3899999.9999999995,2600.0,1500.0,1900.0,230.0,2400.0,0.18,3999999.9999999995,1.6E-5,0.092,0.092,0.0,450.0,2.4,0.0,0.0,1.6E7,1.0,7.1E8,
1.3000000000000001E-37,0.0089,2500.0,230.0,3000.0,3799999.9999999995,2600.0,1500.0,1900.0,230.0,2400.0,0.18,3899999.9999999995,1.7E-5,0.091,0.091,0.0,420.0,2.4,0.0,0.0,1.6E7,1.0,7.1E8,
1.3000000000000001E-37,0.0089,2500.0,230.0,3000.0,3799999.9999999995,2600.0,1500.0,1900.0,230.0,2400.0,0.18,3799999.9999999995,1.5E-5,0.091,0.091,0.0,400.0,2.4,0.0,0.0,1.7E7,1.0,7.0E8,
1.1E-37,0.0075,2500.0,1200.0,4400.0,4800000.0,2600.0,1500.0,1900.0,220.0,2400.0,0.18,4800000.0,0.15,0.089,0.089,0.0,420.0,2.9,0.0,0.0,1.7E7,1.0,7.2E8,
1.0E-37,0.0069,2500.0,1100.0,4400.0,4099999.9999999995,2600.0,1500.0,1900.0,220.0,2300.0,0.17,4099999.9999999995,2.0E-5,0.08,0.08,0.0,400.0,2.8,0.0,0.0,1.6E7,1.0,7.1E8,
9.9E-38,0.0067,2500.0,1100.0,4400.0,3799999.9999999995,2600.0,1500.0,1900.0,220.0,2300.0,0.17,3799999.9999999995,2.0E-5,0.077,0.077,0.0,380.0,2.7,0.0,0.0,1.6E7,1.0,7.1E8,
9.9E-38,0.0067,2500.0,1100.0,4400.0,3799999.9999999995,2600.0,1500.0,1900.0,220.0,2300.0,0.17,3799999.9999999995,1.8E-5,0.077,0.077,0.0,380.0,2.7,0.0,0.0,1.6E7,1.0,7.1E8,
1.4E-37,0.011,2500.0,2500.0,3400.0,4500000.0,2600.0,1500.0,1900.0,220.0,2300.0,0.17,4500000.0,1.7E-5,0.074,0.074,0.0,420.0,2.5,0.0,0.0,1.6E7,1.0,7.2E8,
1.4E-37,0.01,2500.0,2500.0,3400.0,4099999.9999999995,2600.0,1500.0,1900.0,220.0,2300.0,0.17,4200000.0,1.7E-5,0.071,0.071,0.0,410.0,2.4,0.0,0.0,1.6E7,1.0,7.1E8,
1.4E-37,0.01,2500.0,2500.0,3400.0,3899999.9999999995,2600.0,1400.0,1900.0,220.0,2300.0,0.17,3899999.9999999995,1.6E-5,0.068,0.068,0.0,410.0,2.3,0.0,0.0,1.6E7,1.0,7.1E8,
1.3000000000000001E-37,0.01,2500.0,2500.0,3400.0,3799999.9999999995,2600.0,1400.0,1900.0,220.0,2300.0,0.17,3899999.9999999995,1.7E-5,0.068,0.068,0.0,410.0,2.3,0.0,0.0,1.6E7,1.0,7.1E8,
1.3000000000000001E-37,0.01,2500.0,2500.0,3400.0,3799999.9999999995,2600.0,1400.0,1900.0,220.0,2300.0,0.17,3899999.9999999995,1.6E-5,0.068,0.068,0.0,410.0,2.3,0.0,0.0,1.6E7,1.0,7.1E8,
1.3000000000000001E-37,0.01,2500.0,2500.0,3400.0,3799999.9999999995,2600.0,1400.0,1900.0,220.0,2300.0,0.17,3899999.9999999995,1.4E-5,0.068,0.068,0.0,410.0,2.3,0.0,0.0,1.7E7,1.0,7.1E8,
1.3000000000000001E-37,0.01,2500.0,2500.0,3400.0,3799999.9999999995,2600.0,1400.0,1900.0,220.0,2300.0,0.17,3899999.9999999995,1.2E-5,0.068,0.068,0.0,410.0,2.3,0.0,0.0,1.8E7,1.0,7.1E8,
1.3000000000000001E-37,0.01,2500.0,2500.0,3400.0,3799999.9999999995,2600.0,1400.0,1900.0,220.0,2300.0,0.17,3899999.9999999995,9.8E-6,0.068,0.068,0.0,410.0,2.3,0.0,0.0,1.9E7,1.0,7.1E8,
1.3000000000000001E-37,0.01,2500.0,2500.0,3400.0,3799999.9999999995,2600.0,1400.0,1900.0,220.0,2300.0,0.17,3899999.9999999995,8.0E-6,0.068,0.068,0.0,410.0,2.3,0.0,0.0,2.1E7,1.0,7.1E8,
1.3000000000000001E-37,0.01,2500.0,2500.0,3400.0,3799999.9999999995,2600.0,1400.0,1900.0,220.0,2300.0,0.17,3899999.9999999995,6.6E-6,0.068,0.068,0.0,400.0,2.3,0.0,0.0,2.2E7,1.0,7.1E8,
1.9E-37,0.056,4700.0,7100.0,5400.0,4700000.0,2600.0,1400.0,1900.0,220.0,2300.0,0.17,4700000.0,2.2E-5,0.079,0.079,0.0,410.0,14.0,0.0,0.0,2.4E7,1.0,7.2E8,
1.9E-37,0.055,4700.0,7100.0,5300.0,4300000.0,2600.0,1400.0,1900.0,220.0,2300.0,0.17,4400000.0,3.5E-5,0.076,0.076,0.0,410.0,13.0,0.0,0.0,2.3E7,1.0,7.2E8,
1.8E-37,0.054,4700.0,7000.0,5300.0,4099999.9999999995,2600.0,1400.0,1900.0,220.0,2300.0,0.17,4099999.9999999995,3.9E-5,0.073,0.073,0.0,410.0,13.0,0.0,0.0,2.2E7,1.0,7.2E8,
1.8E-37,0.053,4700.0,7000.0,5300.0,3799999.9999999995,2600.0,1400.0,1900.0,220.0,2300.0,0.17,3899999.9999999995,4.2E-5,0.07,0.07,0.0,410.0,12.0,0.0,0.0,2.1E7,1.0,7.2E8,
1.8E-37,0.053,4700.0,7000.0,5300.0,3799999.9999999995,2600.0,1400.0,1900.0,220.0,2300.0,0.17,3899999.9999999995,4.4E-5,0.07,0.07,0.0,410.0,12.0,0.0,0.0,2.1E7,1.0,7.2E8,
1.8E-37,0.053,4700.0,7000.0,5300.0,3799999.9999999995,2600.0,1400.0,1900.0,220.0,2300.0,0.17,3899999.9999999995,4.2E-5,0.07,0.07,0.0,410.0,12.0,0.0,0.0,2.1E7,1.0,7.2E8,
1.8E-37,0.053,4700.0,7000.0,5300.0,3799999.9999999995,2600.0,1400.0,1900.0,220.0,2300.0,0.17,3899999.9999999995,3.7E-5,0.07,0.07,0.0,400.0,12.0,0.0,0.0,2.2E7,1.0,7.2E8,
1.8E-37,0.053,4700.0,7000.0,5300.0,3799999.9999999995,2600.0,1400.0,1900.0,220.0,2300.0,0.17,3899999.9999999995,3.2E-5,0.07,0.07,0.0,400.0,12.0,0.0,0.0,2.3E7,1.0,7.2E8,
1.8E-37,0.053,4700.0,7000.0,5300.0,3799999.9999999995,2600.0,1400.0,1900.0,220.0,2300.0,0.17,3899999.9999999995,2.7E-5,0.07,0.07,0.0,400.0,12.0,0.0,0.0,2.5E7,1.0,7.2E8,
1.8E-37,0.053,4700.0,7000.0,5300.0,3799999.9999999995,2600.0,1400.0,1900.0,220.0,2300.0,0.17,3899999.9999999995,2.3E-5,0.07,0.07,0.0,390.0,12.0,0.0,0.0,2.6E7,1.0,7.2E8,
1.8E-37,0.053,4700.0,7000.0,5300.0,3799999.9999999995,2600.0,1400.0,1900.0,220.0,2300.0,0.17,3899999.9999999995,1.9E-5,0.07,0.07,0.0,380.0,12.0,0.0,0.0,2.8E7,1.0,7.2E8,
1.8E-37,0.053,4700.0,7000.0,5300.0,3799999.9999999995,2600.0,1400.0,1900.0,220.0,2300.0,0.17,3899999.9999999995,1.9E-5,0.07,0.07,0.0,380.0,12.0,0.0,0.0,2.8E7,1.0,7.2E8,
1.8E-37,0.053,4700.0,7000.0,5300.0,3799999.9999999995,2600.0,1400.0,1900.0,220.0,2300.0,0.17,3899999.9999999995,2.3E-5,0.07,0.07,0.0,380.0,12.0,0.0,0.0,2.6E7,1.0,7.2E8,
1.8E-37,0.053,4700.0,7000.0,5300.0,3799999.9999999995,2600.0,1400.0,1900.0,220.0,2300.0,0.17,3899999.9999999995,2.4E-5,0.07,0.07,0.0,380.0,12.0,0.0,0.0,2.6E7,1.0,7.2E8,
1.8E-37,0.053,4700.0,7000.0,5300.0,3799999.9999999995,2600.0,1400.0,1900.0,220.0,2300.0,0.17,3899999.9999999995,2.4E-5,0.07,0.07,0.0,370.0,12.0,0.0,0.0,2.6E7,1.0,7.2E8,
1.8E-37,0.053,4700.0,7000.0,5300.0,3799999.9999999995,2600.0,1400.0,1900.0,220.0,2300.0,0.17,3899999.9999999995,2.1E-5,0.07,0.07,0.0,370.0,12.0,0.0,0.0,2.7E7,1.0,7.2E8,
1.6E-37,0.029,560.0,7600.0,5300.0,4600000.0,2600.0,1400.0,1900.0,220.0,2300.0,0.17,4700000.0,0.92,0.074,0.074,0.0,380.0,15.0,0.0,0.0,2.8E7,1.0,7.2E8,
8.7E-38,0.016,560.0,43.0,5300.0,4500000.0,2600.0,1400.0,1900.0,220.0,2300.0,0.17,4500000.0,2.9E-5,0.066,0.066,0.0,370.0,15.0,0.0,0.0,2.6E7,1.0,7.2E8,
8.5E-38,0.016,560.0,43.0,5300.0,4300000.0,2600.0,1400.0,1900.0,220.0,2300.0,0.17,4300000.0,3.3E-5,0.063,0.063,0.0,370.0,15.0,0.0,0.0,2.5E7,1.0,7.2E8,
1.1E-37,0.016,560.0,7.9,6100.0,4500000.0,2600.0,1400.0,1900.0,220.0,2300.0,0.17,4600000.0,5.1E-5,0.053,0.053,0.0,380.0,20.0,0.0,0.0,2.4E7,1.0,7.2E8,
1.1E-37,0.016,560.0,7.9,6100.0,4300000.0,2500.0,1400.0,1900.0,220.0,2300.0,0.17,4300000.0,5.7E-5,0.052,0.052,0.0,380.0,20.0,0.0,0.0,2.2E7,1.0,7.2E8,
1.1E-37,0.015,560.0,7.9,6100.0,4099999.9999999995,2500.0,1400.0,1900.0,220.0,2300.0,0.17,4099999.9999999995,6.3E-5,0.05,0.05,0.0,370.0,19.0,0.0,0.0,2.2E7,1.0,7.2E8,
1.1E-37,0.015,560.0,7.9,6000.0,3899999.9999999995,2500.0,1400.0,1900.0,220.0,2300.0,0.17,3899999.9999999995,7.0E-5,0.048,0.048,0.0,370.0,19.0,0.0,0.0,2.0E7,1.0,7.2E8,
1.1E-37,0.015,560.0,7.9,6000.0,3899999.9999999995,2500.0,1400.0,1900.0,220.0,2300.0,0.17,3899999.9999999995,7.2E-5,0.048,0.048,0.0,370.0,19.0,0.0,0.0,2.0E7,1.0,7.2E8,
1.1E-37,0.015,560.0,7.9,6000.0,3899999.9999999995,2500.0,1400.0,1900.0,220.0,2300.0,0.17,3899999.9999999995,6.8E-5,0.048,0.048,0.0,360.0,19.0,0.0,0.0,2.1E7,1.0,7.2E8,
1.1E-37,0.015,560.0,7.9,6000.0,3899999.9999999995,2500.0,1400.0,1900.0,220.0,2300.0,0.17,3899999.9999999995,5.9E-5,0.048,0.048,0.0,360.0,19.0,0.0,0.0,2.2E7,1.0,7.2E8,
1.1E-37,0.015,560.0,7.9,6000.0,3899999.9999999995,2500.0,1400.0,1900.0,220.0,2300.0,0.17,3899999.9999999995,5.1E-5,0.048,0.048,0.0,360.0,19.0,0.0,0.0,2.3E7,1.0,7.2E8,
1.1E-37,0.015,560.0,7.9,6000.0,3899999.9999999995,2500.0,1400.0,1900.0,220.0,2300.0,0.17,3899999.9999999995,4.3E-5,0.048,0.048,0.0,350.0,19.0,0.0,0.0,2.4E7,1.0,7.2E8,
1.1E-37,0.015,560.0,7.9,6000.0,3899999.9999999995,2500.0,1400.0,1900.0,220.0,2300.0,0.17,3899999.9999999995,3.6E-5,0.048,0.048,0.0,350.0,19.0,0.0,0.0,2.6E7,1.0,7.2E8,
1.1E-37,0.015,560.0,7.9,6000.0,3899999.9999999995,2500.0,1400.0,1900.0,220.0,2300.0,0.17,3899999.9999999995,3.1E-5,0.048,0.048,0.0,350.0,19.0,0.0,0.0,2.8E7,1.0,7.2E8,
1.1E-37,0.015,560.0,7.9,6000.0,3899999.9999999995,2500.0,1400.0,1900.0,220.0,2300.0,0.17,3899999.9999999995,3.0E-5,0.048,0.048,0.0,340.0,19.0,0.0,0.0,2.8E7,1.0,7.2E8,
1.1E-37,0.015,560.0,7.9,6000.0,3899999.9999999995,2500.0,1400.0,1900.0,220.0,2300.0,0.17,3899999.9999999995,3.7E-5,0.048,0.048,0.0,340.0,19.0,0.0,0.0,2.6E7,1.0,7.2E8,
1.1E-37,0.015,560.0,7.9,6000.0,3899999.9999999995,2500.0,1400.0,1900.0,220.0,2300.0,0.17,3899999.9999999995,3.8E-5,0.048,0.048,0.0,340.0,19.0,0.0,0.0,2.5E7,1.0,7.2E8,
1.1E-37,0.015,560.0,7.9,6000.0,3899999.9999999995,2500.0,1400.0,1900.0,220.0,2300.0,0.17,3899999.9999999995,3.7E-5,0.048,0.048,0.0,340.0,19.0,0.0,0.0,2.6E7,1.0,7.2E8,
1.1E-37,0.015,560.0,7.9,6000.0,3899999.9999999995,2500.0,1400.0,1900.0,220.0,2300.0,0.17,3899999.9999999995,3.3E-5,0.048,0.048,0.0,340.0,19.0,0.0,0.0,2.7E7,1.0,7.2E8,
2.9E-37,0.042,2000.0,19000.0,25000.0,4600000.0,2500.0,1400.0,1900.0,220.0,2300.0,0.17,4600000.0,8.0E-5,0.064,0.064,0.0,350.0,23.0,0.0,0.0,2.8E7,1.0,7.3E8,
6.400000000000001E-38,0.0094,2000.0,1800.0,4800.0,4400000.0,2500.0,1400.0,1900.0,220.0,2300.0,0.17,4400000.0,1.3E-5,0.05,0.05,0.0,350.0,7.2,0.0,0.0,2.7E7,1.0,7.2E8,
6.300000000000001E-38,0.0092,2000.0,1800.0,4800.0,4200000.0,2500.0,1400.0,1900.0,220.0,2300.0,0.17,4200000.0,1.5E-5,0.048,0.048,0.0,350.0,7.1,0.0,0.0,2.5E7,1.0,7.2E8,
6.200000000000001E-38,0.0091,2000.0,1800.0,4800.0,3999999.9999999995,2500.0,1400.0,1900.0,220.0,2300.0,0.17,3999999.9999999995,1.7E-5,0.047,0.047,0.0,350.0,6.9,0.0,0.0,2.4E7,1.0,7.2E8,
6.100000000000001E-38,0.0089,2000.0,1800.0,4800.0,3899999.9999999995,2500.0,1400.0,1900.0,220.0,2300.0,0.17,3899999.9999999995,1.9E-5,0.046,0.046,0.0,340.0,6.8,0.0,0.0,2.3E7,1.0,7.2E8,
6.100000000000001E-38,0.0089,2000.0,1800.0,4800.0,3799999.9999999995,2500.0,1400.0,1900.0,220.0,2300.0,0.17,3899999.9999999995,2.2E-5,0.046,0.046,0.0,340.0,6.8,0.0,0.0,2.1E7,1.0,7.1E8,
6.100000000000001E-38,0.0089,2000.0,1800.0,4800.0,3799999.9999999995,2500.0,1400.0,1900.0,220.0,2300.0,0.17,3899999.9999999995,2.4E-5,0.046,0.046,0.0,340.0,6.8,0.0,0.0,2.1E7,1.0,7.1E8,
6.100000000000001E-38,0.0089,2000.0,1800.0,4800.0,3799999.9999999995,2500.0,1400.0,1900.0,220.0,2300.0,0.17,3899999.9999999995,2.3E-5,0.046,0.046,0.0,340.0,6.8,0.0,0.0,2.1E7,1.0,7.1E8,
6.100000000000001E-38,0.0089,2000.0,1800.0,4800.0,3799999.9999999995,2500.0,1400.0,1900.0,220.0,2300.0,0.17,3899999.9999999995,2.1E-5,0.046,0.046,0.0,340.0,6.8,0.0,0.0,2.2E7,1.0,7.1E8,
6.100000000000001E-38,0.0089,2000.0,1800.0,4800.0,3799999.9999999995,2500.0,1400.0,1900.0,220.0,2300.0,0.17,3899999.9999999995,1.8E-5,0.046,0.046,0.0,330.0,6.8,0.0,0.0,2.3E7,1.0,7.1E8,
6.100000000000001E-38,0.0089,2000.0,1800.0,4800.0,3799999.9999999995,2500.0,1400.0,1900.0,220.0,2300.0,0.17,3899999.9999999995,1.5E-5,0.046,0.046,0.0,330.0,6.8,0.0,0.0,2.4E7,1.0,7.1E8,
6.100000000000001E-38,0.0089,2000.0,1800.0,4800.0,3799999.9999999995,2500.0,1400.0,1900.0,220.0,2300.0,0.17,3899999.9999999995,1.3E-5,0.046,0.046,0.0,320.0,6.8,0.0,0.0,2.6E7,1.0,7.1E8,
6.100000000000001E-38,0.0089,2000.0,1800.0,4800.0,3799999.9999999995,2500.0,1400.0,1900.0,220.0,2300.0,0.17,3899999.9999999995,1.1E-5,0.046,0.046,0.0,320.0,6.8,0.0,0.0,2.7E7,1.0,7.1E8,
6.100000000000001E-38,0.0089,2000.0,1800.0,4800.0,3799999.9999999995,2500.0,1400.0,1900.0,220.0,2300.0,0.17,3899999.9999999995,9.4E-6,0.046,0.046,0.0,320.0,6.8,0.0,0.0,2.9E7,1.0,7.1E8,
6.100000000000001E-38,0.0089,2000.0,1800.0,4800.0,3799999.9999999995,2500.0,1400.0,1900.0,220.0,2300.0,0.17,3799999.9999999995,1.2E-5,0.045,0.045,0.0,320.0,6.7,0.0,0.0,2.6E7,1.0,7.0E8,
6.100000000000001E-38,0.0089,2000.0,1800.0,4800.0,3799999.9999999995,2500.0,1400.0,1900.0,220.0,2300.0,0.17,3799999.9999999995,1.4E-5,0.045,0.045,0.0,320.0,6.7,0.0,0.0,2.5E7,1.0,7.0E8,
6.100000000000001E-38,0.0089,2000.0,1800.0,4800.0,3799999.9999999995,2500.0,1400.0,1900.0,220.0,2300.0,0.17,3799999.9999999995,1.5E-5,0.045,0.045,0.0,320.0,6.7,0.0,0.0,2.4E7,1.0,7.0E8,
6.100000000000001E-38,0.0089,2000.0,1800.0,4800.0,3799999.9999999995,2500.0,1400.0,1900.0,220.0,2300.0,0.17,3799999.9999999995,1.4E-5,0.045,0.045,0.0,320.0,6.7,0.0,0.0,2.5E7,1.0,7.0E8,
6.100000000000001E-38,0.0089,2000.0,1800.0,4800.0,3799999.9999999995,2500.0,1400.0,1900.0,220.0,2300.0,0.17,3799999.9999999995,1.3E-5,0.045,0.045,0.0,320.0,6.7,0.0,0.0,2.5E7,1.0,7.0E8,
6.100000000000001E-38,0.0089,2000.0,1800.0,4800.0,3799999.9999999995,2500.0,1400.0,1900.0,220.0,2300.0,0.17,3799999.9999999995,1.1E-5,0.045,0.045,0.0,310.0,6.7,0.0,0.0,2.7E7,1.0,7.0E8,
6.100000000000001E-38,0.0089,2000.0,1800.0,4800.0,3799999.9999999995,2500.0,1400.0,1900.0,220.0,2300.0,0.17,3799999.9999999995,9.9E-6,0.045,0.045,0.0,310.0,6.7,0.0,0.0,2.8E7,1.0,7.0E8,
6.100000000000001E-38,0.0089,2000.0,1800.0,4800.0,3799999.9999999995,2500.0,1400.0,1900.0,220.0,2300.0,0.17,3799999.9999999995,8.6E-6,0.045,0.045,0.0,310.0,6.7,0.0,0.0,2.9E7,1.0,7.0E8,
5.6E-38,0.01,1200.0,1700.0,3200.0,4800000.0,4700.0,1400.0,1900.0,210.0,6700.0,0.18,4800000.0,7.8E-7,0.14,0.14,0.0,420.0,11.0,0.0,0.0,3.0E7,1.0,7.3E8,
5.5E-38,0.01,1200.0,1700.0,3200.0,4500000.0,4700.0,1400.0,1900.0,210.0,6700.0,0.18,4500000.0,1.8E-5,0.14,0.14,0.0,420.0,11.0,0.0,0.0,2.7E7,1.0,7.2E8,
5.2E-38,0.0096,1200.0,1700.0,3200.0,4099999.9999999995,4700.0,1400.0,1800.0,210.0,6700.0,0.18,4099999.9999999995,2.1E-5,0.14,0.14,0.0,420.0,10.0,0.0,0.0,2.5E7,1.0,7.2E8,
5.1E-38,0.0094,1200.0,1700.0,3200.0,3899999.9999999995,4700.0,1400.0,1800.0,210.0,6700.0,0.17,3899999.9999999995,2.3E-5,0.13,0.13,0.0,420.0,9.7,0.0,0.0,2.4E7,1.0,7.2E8,
5.1E-38,0.0094,1200.0,1700.0,3200.0,3899999.9999999995,4700.0,1400.0,1800.0,210.0,6700.0,0.17,3899999.9999999995,2.5E-5,0.13,0.13,0.0,420.0,9.7,0.0,0.0,2.3E7,1.0,7.2E8,
5.1E-38,0.0094,1200.0,1700.0,3200.0,3899999.9999999995,4700.0,1400.0,1800.0,210.0,6700.0,0.17,3899999.9999999995,2.5E-5,0.13,0.13,0.0,420.0,9.7,0.0,0.0,2.3E7,1.0,7.2E8,
5.1E-38,0.0094,1200.0,1700.0,3200.0,3799999.9999999995,4700.0,1400.0,1800.0,210.0,6700.0,0.17,3899999.9999999995,2.6E-5,0.13,0.13,0.0,420.0,9.7,0.0,0.0,2.3E7,1.0,7.1E8,
5.1E-38,0.0094,1200.0,1700.0,3200.0,3799999.9999999995,4700.0,1400.0,1800.0,210.0,6700.0,0.17,3899999.9999999995,2.9E-5,0.13,0.13,0.0,420.0,9.7,0.0,0.0,2.2E7,1.0,7.1E8,
4.1000000000000003E-38,0.0095,6600.0,3400.0,1900.0,4700000.0,4700.0,1400.0,1800.0,210.0,6700.0,0.18,4800000.0,1.9E-5,0.14,0.14,0.0,440.0,5.9,0.0,0.0,2.2E7,1.0,7.2E8,
3.9000000000000004E-38,0.0092,6500.0,3400.0,1900.0,4400000.0,4700.0,1400.0,1800.0,210.0,6700.0,0.18,4400000.0,1.9E-5,0.13,0.13,0.0,440.0,5.6,0.0,0.0,2.1E7,1.0,7.2E8,
3.8000000000000005E-38,0.0088,6500.0,3400.0,1900.0,3999999.9999999995,4700.0,1400.0,1800.0,210.0,6700.0,0.17,3999999.9999999995,2.0E-5,0.13,0.13,0.0,430.0,5.3,0.0,0.0,2.0E7,1.0,7.1E8,
3.7E-38,0.0087,6500.0,3400.0,1900.0,3799999.9999999995,4700.0,1400.0,1800.0,210.0,6700.0,0.17,3899999.9999999995,2.2E-5,0.13,0.13,0.0,430.0,5.1,0.0,0.0,1.9E7,1.0,7.1E8,
3.7E-38,0.0087,6500.0,3400.0,1900.0,3799999.9999999995,4700.0,1400.0,1800.0,210.0,6700.0,0.17,3899999.9999999995,2.3E-5,0.13,0.13,0.0,430.0,5.1,0.0,0.0,1.9E7,1.0,7.1E8,
3.7E-38,0.0087,6500.0,3400.0,1900.0,3799999.9999999995,4700.0,1400.0,1800.0,210.0,6700.0,0.17,3899999.9999999995,2.2E-5,0.13,0.13,0.0,430.0,5.1,0.0,0.0,1.9E7,1.0,7.1E8,
3.7E-38,0.0087,6500.0,3400.0,1900.0,3799999.9999999995,4700.0,1400.0,1800.0,210.0,6700.0,0.17,3899999.9999999995,1.9E-5,0.13,0.13,0.0,430.0,5.1,0.0,0.0,2.0E7,1.0,7.1E8,
3.7E-38,0.0087,6500.0,3400.0,1900.0,3799999.9999999995,4700.0,1400.0,1800.0,210.0,6700.0,0.17,3899999.9999999995,1.6E-5,0.13,0.13,0.0,430.0,5.1,0.0,0.0,2.1E7,1.0,7.1E8,
3.7E-38,0.0087,6500.0,3400.0,1900.0,3799999.9999999995,4700.0,1400.0,1800.0,210.0,6700.0,0.17,3899999.9999999995,1.4E-5,0.13,0.13,0.0,430.0,5.1,0.0,0.0,2.3E7,1.0,7.1E8,
4.9E-38,0.0086,1100.0,220.0,3600.0,4900000.0,4700.0,1400.0,1800.0,210.0,6700.0,0.18,4900000.0,1.7E-5,0.11,0.11,0.0,470.0,5.9,0.0,0.0,2.3E7,1.0,7.3E8,
4.8E-38,0.0084,1100.0,220.0,3600.0,4700000.0,4700.0,1400.0,1800.0,210.0,6700.0,0.18,4700000.0,1.9E-5,0.11,0.11,0.0,470.0,5.8,0.0,0.0,2.2E7,1.0,7.3E8,
4.6E-38,0.008,1100.0,220.0,3600.0,4300000.0,4700.0,1400.0,1800.0,210.0,6700.0,0.17,4300000.0,2.0E-5,0.11,0.11,0.0,470.0,5.5,0.0,0.0,2.1E7,1.0,7.2E8,
4.3E-38,0.0076,1100.0,220.0,3600.0,3899999.9999999995,4700.0,1400.0,1800.0,210.0,6700.0,0.17,3899999.9999999995,2.1E-5,0.1,0.1,0.0,470.0,5.2,0.0,0.0,2.0E7,1.0,7.2E8,
4.3E-38,0.0076,1100.0,220.0,3600.0,3899999.9999999995,4700.0,1400.0,1800.0,210.0,6700.0,0.17,3899999.9999999995,2.2E-5,0.1,0.1,0.0,470.0,5.2,0.0,0.0,2.0E7,1.0,7.2E8,
4.3E-38,0.0076,1100.0,220.0,3600.0,3899999.9999999995,4700.0,1400.0,1800.0,210.0,6700.0,0.17,3899999.9999999995,2.1E-5,0.1,0.1,0.0,470.0,5.2,0.0,0.0,2.0E7,1.0,7.2E8,
2.3E-37,0.036,3300.0,25000.0,5900.0,4800000.0,9000.0,1400.0,1800.0,210.0,6700.0,0.18,4900000.0,1.1E-5,0.14,0.14,0.0,470.0,6.6,0.0,0.0,2.1E7,1.0,7.3E8,
8.4E-38,0.013,3300.0,2800.0,5900.0,4700000.0,1400.0,1400.0,1800.0,210.0,6700.0,0.18,4700000.0,2.6E-5,0.12,0.12,0.0,470.0,6.5,0.0,0.0,2.0E7,1.0,7.3E8,
8.100000000000001E-38,0.013,3300.0,2800.0,5900.0,4200000.0,1400.0,1400.0,1800.0,210.0,6700.0,0.17,4200000.0,2.8E-5,0.11,0.11,0.0,470.0,6.2,0.0,0.0,1.9E7,1.0,7.2E8,
8.000000000000001E-38,0.013,3300.0,2800.0,5800.0,3999999.9999999995,1400.0,1400.0,1800.0,210.0,6600.0,0.17,3999999.9999999995,3.0E-5,0.11,0.11,0.0,470.0,6.1,0.0,0.0,1.9E7,1.0,7.2E8,
7.900000000000001E-38,0.013,3300.0,2800.0,5800.0,3899999.9999999995,1400.0,1400.0,1800.0,210.0,6600.0,0.17,3899999.9999999995,3.2E-5,0.11,0.11,0.0,470.0,6.0,0.0,0.0,1.8E7,1.0,7.2E8,
7.900000000000001E-38,0.013,3300.0,2800.0,5800.0,3899999.9999999995,1400.0,1400.0,1800.0,210.0,6600.0,0.17,3899999.9999999995,3.2E-5,0.11,0.11,0.0,470.0,6.0,0.0,0.0,1.8E7,1.0,7.2E8,
7.900000000000001E-38,0.013,3300.0,2800.0,5800.0,3899999.9999999995,1400.0,1400.0,1800.0,210.0,6600.0,0.17,3899999.9999999995,2.9E-5,0.11,0.11,0.0,470.0,6.0,0.0,0.0,1.9E7,1.0,7.2E8,
7.900000000000001E-38,0.013,3300.0,2800.0,5800.0,3899999.9999999995,1400.0,1400.0,1800.0,210.0,6600.0,0.17,3899999.9999999995,2.4E-5,0.11,0.11,0.0,470.0,6.0,0.0,0.0,2.0E7,1.0,7.2E8,
7.900000000000001E-38,0.013,3300.0,2800.0,5800.0,3899999.9999999995,1400.0,1400.0,1800.0,210.0,6600.0,0.17,3899999.9999999995,2.0E-5,0.11,0.11,0.0,470.0,6.0,0.0,0.0,2.1E7,1.0,7.2E8,
7.900000000000001E-38,0.013,3300.0,2800.0,5800.0,3899999.9999999995,1400.0,1400.0,1800.0,210.0,6600.0,0.17,3899999.9999999995,1.7E-5,0.11,0.11,0.0,470.0,6.0,0.0,0.0,2.3E7,1.0,7.2E8,
7.900000000000001E-38,0.013,3300.0,2800.0,5800.0,3899999.9999999995,1400.0,1400.0,1800.0,210.0,6600.0,0.17,3899999.9999999995,1.4E-5,0.11,0.11,0.0,470.0,6.0,0.0,0.0,2.4E7,1.0,7.2E8,
7.900000000000001E-38,0.013,3300.0,2800.0,5800.0,3899999.9999999995,1400.0,1400.0,1800.0,210.0,6600.0,0.17,3899999.9999999995,1.2E-5,0.11,0.11,0.0,470.0,6.0,0.0,0.0,2.6E7,1.0,7.2E8,
7.900000000000001E-38,0.013,3300.0,2800.0,5800.0,3899999.9999999995,1400.0,1400.0,1800.0,210.0,6600.0,0.17,3899999.9999999995,1.1E-5,0.11,0.11,0.0,470.0,6.0,0.0,0.0,2.7E7,1.0,7.2E8,
7.900000000000001E-38,0.013,3300.0,2800.0,5800.0,3899999.9999999995,1400.0,1400.0,1800.0,210.0,6600.0,0.17,3899999.9999999995,1.3E-5,0.11,0.11,0.0,460.0,6.0,0.0,0.0,2.5E7,1.0,7.2E8,
7.900000000000001E-38,0.013,3300.0,2800.0,5800.0,3899999.9999999995,1400.0,1400.0,1800.0,210.0,6600.0,0.17,3899999.9999999995,1.4E-5,0.11,0.11,0.0,460.0,6.0,0.0,0.0,2.4E7,1.0,7.2E8,
7.900000000000001E-38,0.013,3300.0,2800.0,5800.0,3899999.9999999995,1400.0,1400.0,1800.0,210.0,6600.0,0.17,3899999.9999999995,1.3E-5,0.11,0.11,0.0,450.0,6.0,0.0,0.0,2.5E7,1.0,7.2E8,
7.900000000000001E-38,0.013,3300.0,2800.0,5800.0,3899999.9999999995,1400.0,1400.0,1800.0,210.0,6600.0,0.17,3899999.9999999995,1.2E-5,0.11,0.11,0.0,440.0,6.0,0.0,0.0,2.6E7,1.0,7.2E8,
7.900000000000001E-38,0.013,3300.0,2800.0,5800.0,3899999.9999999995,1400.0,1400.0,1800.0,210.0,6600.0,0.17,3899999.9999999995,1.0E-5,0.11,0.11,0.0,440.0,6.0,0.0,0.0,2.7E7,1.0,7.2E8,
7.900000000000001E-38,0.013,3300.0,2800.0,5800.0,3899999.9999999995,1400.0,1400.0,1800.0,210.0,6600.0,0.17,3899999.9999999995,9.0E-6,0.11,0.11,0.0,440.0,6.0,0.0,0.0,2.8E7,1.0,7.2E8,
7.900000000000001E-38,0.013,3300.0,2800.0,5800.0,3899999.9999999995,1400.0,1400.0,1800.0,210.0,6600.0,0.17,3899999.9999999995,7.8E-6,0.11,0.11,0.0,440.0,6.0,0.0,0.0,3.0E7,1.0,7.2E8,
7.900000000000001E-38,0.013,3300.0,2800.0,5800.0,3899999.9999999995,1400.0,1400.0,1800.0,210.0,6600.0,0.17,3899999.9999999995,6.8E-6,0.11,0.11,0.0,440.0,6.0,0.0,0.0,3.1E7,1.0,7.2E8,
7.900000000000001E-38,0.013,3300.0,2800.0,5800.0,3899999.9999999995,1400.0,1400.0,1800.0,210.0,6600.0,0.17,3899999.9999999995,8.4E-6,0.11,0.11,0.0,430.0,6.0,0.0,0.0,2.9E7,1.0,7.2E8,
7.900000000000001E-38,0.013,3300.0,2800.0,5800.0,3899999.9999999995,1400.0,1400.0,1800.0,210.0,6600.0,0.17,3899999.9999999995,9.6E-6,0.11,0.11,0.0,430.0,6.0,0.0,0.0,2.8E7,1.0,7.2E8,
7.900000000000001E-38,0.013,3300.0,2800.0,5800.0,3899999.9999999995,1400.0,1400.0,1800.0,210.0,6600.0,0.17,3899999.9999999995,9.8E-6,0.11,0.11,0.0,430.0,6.0,0.0,0.0,2.8E7,1.0,7.2E8,
7.900000000000001E-38,0.013,3300.0,2800.0,5800.0,3799999.9999999995,1400.0,1400.0,1800.0,210.0,6600.0,0.17,3899999.9999999995,9.3E-6,0.11,0.11,0.0,440.0,6.0,0.0,0.0,2.8E7,1.0,7.1E8,
7.900000000000001E-38,0.013,3300.0,2800.0,5800.0,3799999.9999999995,1400.0,1400.0,1800.0,210.0,6600.0,0.17,3899999.9999999995,1.2E-5,0.11,0.11,0.0,430.0,6.0,0.0,0.0,2.6E7,1.0,7.1E8,
7.900000000000001E-38,0.013,3300.0,2800.0,5800.0,3799999.9999999995,1400.0,1400.0,1800.0,210.0,6600.0,0.17,3899999.9999999995,1.3E-5,0.11,0.11,0.0,430.0,6.0,0.0,0.0,2.5E7,1.0,7.1E8,
7.900000000000001E-38,0.013,3300.0,2800.0,5800.0,3799999.9999999995,1400.0,1400.0,1800.0,210.0,6600.0,0.17,3899999.9999999995,1.2E-5,0.11,0.11,0.0,420.0,6.0,0.0,0.0,2.5E7,1.0,7.1E8,
7.900000000000001E-38,0.013,3300.0,2800.0,5800.0,3799999.9999999995,1400.0,1400.0,1800.0,210.0,6600.0,0.17,3899999.9999999995,1.1E-5,0.11,0.11,0.0,420.0,6.0,0.0,0.0,2.6E7,1.0,7.1E8,
7.900000000000001E-38,0.013,3300.0,2800.0,5800.0,3799999.9999999995,1400.0,1400.0,1800.0,210.0,6600.0,0.17,3899999.9999999995,1.0E-5,0.11,0.11,0.0,420.0,6.0,0.0,0.0,2.7E7,1.0,7.1E8,
7.900000000000001E-38,0.013,3300.0,2800.0,5800.0,3799999.9999999995,1400.0,1400.0,1800.0,210.0,6600.0,0.17,3899999.9999999995,8.9E-6,0.11,0.11,0.0,400.0,6.0,0.0,0.0,2.8E7,1.0,7.1E8,
7.900000000000001E-38,0.013,3300.0,2800.0,5800.0,3799999.9999999995,1400.0,1400.0,1800.0,210.0,6600.0,0.17,3899999.9999999995,7.7E-6,0.11,0.11,0.0,400.0,6.0,0.0,0.0,3.0E7,1.0,7.1E8,
7.900000000000001E-38,0.013,3300.0,2800.0,5800.0,3799999.9999999995,1400.0,1400.0,1800.0,210.0,6600.0,0.17,3899999.9999999995,6.7E-6,0.11,0.11,0.0,400.0,6.0,0.0,0.0,3.1E7,1.0,7.1E8,
7.900000000000001E-38,0.013,3300.0,2800.0,5800.0,3799999.9999999995,1400.0,1400.0,1800.0,210.0,6600.0,0.17,3899999.9999999995,7.8E-6,0.11,0.11,0.0,400.0,6.0,0.0,0.0,3.0E7,1.0,7.1E8,
7.900000000000001E-38,0.013,3300.0,2800.0,5800.0,3799999.9999999995,1400.0,1400.0,1800.0,210.0,6600.0,0.17,3899999.9999999995,9.2E-6,0.11,0.11,0.0,400.0,6.0,0.0,0.0,2.8E7,1.0,7.1E8,
7.900000000000001E-38,0.013,3300.0,2800.0,5800.0,3799999.9999999995,1400.0,1400.0,1800.0,210.0,6600.0,0.17,3899999.9999999995,9.6E-6,0.11,0.11,0.0,390.0,6.0,0.0,0.0,2.7E7,1.0,7.1E8,
7.900000000000001E-38,0.013,3300.0,2800.0,5800.0,3799999.9999999995,1400.0,1400.0,1800.0,210.0,6600.0,0.17,3899999.9999999995,9.2E-6,0.11,0.11,0.0,390.0,6.0,0.0,0.0,2.8E7,1.0,7.1E8,
7.900000000000001E-38,0.013,3300.0,2800.0,5800.0,3799999.9999999995,1400.0,1400.0,1800.0,210.0,6600.0,0.17,3899999.9999999995,8.4E-6,0.11,0.11,0.0,390.0,6.0,0.0,0.0,2.9E7,1.0,7.1E8,
7.900000000000001E-38,0.013,3300.0,2800.0,5800.0,3799999.9999999995,1400.0,1400.0,1800.0,210.0,6600.0,0.17,3899999.9999999995,7.5E-6,0.11,0.11,0.0,380.0,6.0,0.0,0.0,3.0E7,1.0,7.1E8,
7.900000000000001E-38,0.013,3300.0,2800.0,5800.0,3799999.9999999995,1400.0,1400.0,1800.0,210.0,6600.0,0.17,3899999.9999999995,6.6E-6,0.11,0.11,0.0,380.0,6.0,0.0,0.0,3.1E7,1.0,7.1E8,
7.900000000000001E-38,0.013,3300.0,2800.0,5800.0,3799999.9999999995,1400.0,1400.0,1800.0,210.0,6600.0,0.17,3899999.9999999995,5.8E-6,0.11,0.11,0.0,380.0,6.0,0.0,0.0,3.3E7,1.0,7.1E8,
7.900000000000001E-38,0.013,3300.0,2800.0,5800.0,3799999.9999999995,1400.0,1400.0,1800.0,210.0,6600.0,0.17,3899999.9999999995,6.0E-6,0.11,0.11,0.0,380.0,6.0,0.0,0.0,3.3E7,1.0,7.1E8,
7.900000000000001E-38,0.013,3300.0,2800.0,5800.0,3799999.9999999995,1400.0,1400.0,1800.0,210.0,6600.0,0.17,3899999.9999999995,7.6E-6,0.11,0.11,0.0,370.0,6.0,0.0,0.0,3.0E7,1.0,7.1E8,
7.900000000000001E-38,0.013,3300.0,2800.0,5800.0,3799999.9999999995,1400.0,1400.0,1800.0,210.0,6600.0,0.17,3899999.9999999995,8.3E-6,0.11,0.11,0.0,370.0,6.0,0.0,0.0,2.9E7,1.0,7.1E8,
7.900000000000001E-38,0.013,3300.0,2800.0,5800.0,3799999.9999999995,1400.0,1400.0,1800.0,210.0,6600.0,0.17,3899999.9999999995,8.3E-6,0.11,0.11,0.0,370.0,6.0,0.0,0.0,2.9E7,1.0,7.1E8,
7.900000000000001E-38,0.013,3300.0,2800.0,5800.0,3799999.9999999995,1400.0,1400.0,1800.0,210.0,6600.0,0.17,3899999.9999999995,7.8E-6,0.11,0.11,0.0,370.0,6.0,0.0,0.0,3.0E7,1.0,7.1E8,
7.900000000000001E-38,0.013,3300.0,2800.0,5800.0,3799999.9999999995,1400.0,1400.0,1800.0,210.0,6600.0,0.17,3899999.9999999995,7.1E-6,0.11,0.11,0.0,370.0,6.0,0.0,0.0,3.1E7,1.0,7.1E8,
7.900000000000001E-38,0.013,3300.0,2800.0,5800.0,3799999.9999999995,1400.0,1400.0,1800.0,210.0,6600.0,0.17,3899999.9999999995,6.3E-6,0.11,0.11,0.0,360.0,6.0,0.0,0.0,3.2E7,1.0,7.1E8,
7.900000000000001E-38,0.013,3300.0,2800.0,5800.0,3799999.9999999995,1400.0,1400.0,1800.0,210.0,6600.0,0.17,3899999.9999999995,5.5E-6,0.11,0.11,0.0,360.0,6.0,0.0,0.0,3.3E7,1.0,7.1E8,
7.900000000000001E-38,0.013,3300.0,2800.0,5800.0,3799999.9999999995,1400.0,1400.0,1800.0,210.0,6600.0,0.17,3899999.9999999995,4.9E-6,0.11,0.11,0.0,360.0,6.0,0.0,0.0,3.5E7,1.0,7.1E8,
7.900000000000001E-38,0.013,3300.0,2800.0,5800.0,3799999.9999999995,1400.0,1400.0,1800.0,210.0,6600.0,0.17,3899999.9999999995,6.6E-6,0.11,0.11,0.0,360.0,6.0,0.0,0.0,3.1E7,1.0,7.1E8,
3.1000000000000004E-38,0.0059,14000.0,1700.0,1400.0,4600000.0,1400.0,1400.0,1800.0,210.0,6600.0,0.17,4600000.0,1.1E-6,0.1,0.1,0.0,380.0,4.3,0.0,0.0,2.9E7,1.0,7.2E8,
3.0000000000000004E-38,0.0057,1600.0,1700.0,1400.0,4300000.0,1400.0,1400.0,1800.0,210.0,6600.0,0.17,4300000.0,6.8E-6,0.098,0.098,0.0,390.0,4.1,0.0,0.0,2.7E7,1.0,7.2E8,
3.0000000000000004E-38,0.0056,1600.0,1700.0,1400.0,4200000.0,1400.0,1400.0,1800.0,210.0,6600.0,0.17,4200000.0,8.0E-6,0.097,0.097,0.0,390.0,4.0,0.0,0.0,2.6E7,1.0,7.2E8,
2.8E-38,0.0053,1600.0,1700.0,1400.0,3899999.9999999995,1400.0,1400.0,1800.0,210.0,6600.0,0.17,3899999.9999999995,8.9E-6,0.094,0.094,0.0,390.0,3.7,0.0,0.0,2.4E7,1.0,7.2E8,
2.8E-38,0.0053,1600.0,1700.0,1400.0,3899999.9999999995,1400.0,1400.0,1800.0,210.0,6600.0,0.17,3899999.9999999995,1.1E-5,0.094,0.094,0.0,380.0,3.7,0.0,0.0,2.2E7,1.0,7.2E8,
2.8E-38,0.0053,1600.0,1700.0,1400.0,3899999.9999999995,1400.0,1400.0,1800.0,210.0,6600.0,0.17,3899999.9999999995,1.1E-5,0.094,0.094,0.0,380.0,3.7,0.0,0.0,2.2E7,1.0,7.2E8,
2.8E-38,0.0053,1600.0,1700.0,1400.0,3899999.9999999995,1400.0,1400.0,1800.0,210.0,6600.0,0.17,3899999.9999999995,1.0E-5,0.094,0.094,0.0,380.0,3.7,0.0,0.0,2.3E7,1.0,7.2E8,
2.8E-38,0.0053,1600.0,1700.0,1400.0,3899999.9999999995,1400.0,1400.0,1800.0,210.0,6600.0,0.17,3899999.9999999995,9.2E-6,0.094,0.094,0.0,380.0,3.7,0.0,0.0,2.4E7,1.0,7.2E8,
2.8E-38,0.0053,1600.0,1700.0,1400.0,3899999.9999999995,1400.0,1400.0,1800.0,210.0,6600.0,0.17,3899999.9999999995,8.0E-6,0.094,0.094,0.0,380.0,3.7,0.0,0.0,2.5E7,1.0,7.2E8,
2.8E-38,0.0053,1600.0,1700.0,1400.0,3899999.9999999995,1400.0,1400.0,1800.0,210.0,6600.0,0.17,3899999.9999999995,6.8E-6,0.094,0.094,0.0,380.0,3.7,0.0,0.0,2.6E7,1.0,7.2E8,
2.8E-38,0.0053,1600.0,1700.0,1400.0,3899999.9999999995,1400.0,1400.0,1800.0,210.0,6600.0,0.17,3899999.9999999995,5.8E-6,0.094,0.094,0.0,370.0,3.7,0.0,0.0,2.8E7,1.0,7.2E8,
2.8E-38,0.0053,1600.0,1700.0,1400.0,3899999.9999999995,1400.0,1400.0,1800.0,210.0,6600.0,0.17,3899999.9999999995,5.0E-6,0.094,0.094,0.0,370.0,3.7,0.0,0.0,2.9E7,1.0,7.2E8,
2.8E-38,0.0053,1600.0,1700.0,1400.0,3899999.9999999995,1400.0,1400.0,1800.0,210.0,6600.0,0.17,3899999.9999999995,5.7E-6,0.094,0.094,0.0,370.0,3.7,0.0,0.0,2.8E7,1.0,7.2E8,
2.8E-38,0.0053,1600.0,1700.0,1400.0,3899999.9999999995,1400.0,1400.0,1800.0,210.0,6600.0,0.17,3899999.9999999995,6.6E-6,0.094,0.094,0.0,360.0,3.7,0.0,0.0,2.7E7,1.0,7.2E8,
2.8E-38,0.0053,1600.0,1700.0,1400.0,3899999.9999999995,1400.0,1400.0,1800.0,210.0,6600.0,0.17,3899999.9999999995,6.8E-6,0.094,0.094,0.0,360.0,3.7,0.0,0.0,2.6E7,1.0,7.2E8,
2.8E-38,0.0053,1600.0,1700.0,1400.0,3899999.9999999995,1400.0,1400.0,1800.0,210.0,6600.0,0.17,3899999.9999999995,6.4E-6,0.094,0.094,0.0,360.0,3.7,0.0,0.0,2.7E7,1.0,7.2E8,
2.8E-38,0.0053,1600.0,1700.0,1400.0,3899999.9999999995,1400.0,1400.0,1800.0,210.0,6600.0,0.17,3899999.9999999995,5.8E-6,0.094,0.094,0.0,360.0,3.7,0.0,0.0,2.8E7,1.0,7.2E8,
2.8E-38,0.0053,1600.0,1700.0,1400.0,3899999.9999999995,1400.0,1400.0,1800.0,210.0,6600.0,0.17,3899999.9999999995,5.2E-6,0.094,0.094,0.0,350.0,3.7,0.0,0.0,2.9E7,1.0,7.2E8,
2.8E-38,0.0053,1600.0,1700.0,1400.0,3899999.9999999995,1400.0,1400.0,1800.0,210.0,6600.0,0.17,3899999.9999999995,4.5E-6,0.094,0.094,0.0,350.0,3.7,0.0,0.0,3.0E7,1.0,7.2E8,
2.8E-38,0.0053,1600.0,1700.0,1400.0,3899999.9999999995,1400.0,1400.0,1800.0,210.0,6600.0,0.17,3899999.9999999995,3.9E-6,0.094,0.094,0.0,340.0,3.7,0.0,0.0,3.2E7,1.0,7.2E8,
2.8E-38,0.0053,1600.0,1700.0,1400.0,3899999.9999999995,1400.0,1400.0,1800.0,210.0,6600.0,0.17,3899999.9999999995,4.0E-6,0.094,0.094,0.0,340.0,3.7,0.0,0.0,3.2E7,1.0,7.2E8,
2.8E-38,0.0053,1600.0,1700.0,1400.0,3899999.9999999995,1400.0,1400.0,1800.0,210.0,6600.0,0.17,3899999.9999999995,5.1E-6,0.094,0.094,0.0,340.0,3.7,0.0,0.0,2.9E7,1.0,7.2E8,
2.8E-38,0.0053,1600.0,1700.0,1400.0,3899999.9999999995,1400.0,1400.0,1800.0,210.0,6600.0,0.17,3899999.9999999995,5.5E-6,0.094,0.094,0.0,340.0,3.7,0.0,0.0,2.8E7,1.0,7.2E8,
3.0000000000000004E-38,0.014,1800.0,1700.0,6900.0,4600000.0,5400.0,1400.0,1800.0,210.0,6600.0,0.17,4600000.0,3.3E-6,0.081,0.081,0.0,390.0,7.6,0.0,0.0,2.8E7,1.0,7.3E8,
2.8E-38,0.013,1800.0,1700.0,6900.0,3999999.9999999995,5400.0,1400.0,1800.0,210.0,6500.0,0.17,4099999.9999999995,1.3E-5,0.077,0.077,0.0,390.0,7.2,0.0,0.0,2.6E7,1.0,7.2E8,
2.8E-38,0.013,1800.0,1700.0,6900.0,3899999.9999999995,5300.0,1400.0,1800.0,210.0,6500.0,0.17,3899999.9999999995,1.6E-5,0.076,0.076,0.0,390.0,7.0,0.0,0.0,2.4E7,1.0,7.2E8,
2.8E-38,0.013,1800.0,1700.0,6900.0,3899999.9999999995,5300.0,1400.0,1800.0,210.0,6500.0,0.17,3899999.9999999995,1.8E-5,0.076,0.076,0.0,390.0,7.0,0.0,0.0,2.3E7,1.0,7.2E8,
2.8E-38,0.013,1800.0,1700.0,6900.0,3899999.9999999995,5300.0,1400.0,1800.0,210.0,6500.0,0.17,3899999.9999999995,1.8E-5,0.076,0.076,0.0,390.0,7.0,0.0,0.0,2.3E7,1.0,7.2E8,
2.8E-38,0.013,1800.0,1700.0,6900.0,3899999.9999999995,5300.0,1400.0,1800.0,210.0,6500.0,0.17,3899999.9999999995,1.7E-5,0.076,0.076,0.0,380.0,7.0,0.0,0.0,2.4E7,1.0,7.2E8,
2.8E-38,0.013,1800.0,1700.0,6900.0,3899999.9999999995,5300.0,1400.0,1800.0,210.0,6500.0,0.17,3899999.9999999995,1.5E-5,0.076,0.076,0.0,380.0,7.0,0.0,0.0,2.5E7,1.0,7.2E8,
2.8E-38,0.013,1800.0,1700.0,6900.0,3899999.9999999995,5300.0,1400.0,1800.0,210.0,6500.0,0.17,3899999.9999999995,1.3E-5,0.076,0.076,0.0,370.0,7.0,0.0,0.0,2.6E7,1.0,7.2E8,
2.8E-38,0.013,1800.0,1700.0,6900.0,3899999.9999999995,5300.0,1400.0,1800.0,210.0,6500.0,0.17,3899999.9999999995,1.1E-5,0.076,0.076,0.0,370.0,7.0,0.0,0.0,2.8E7,1.0,7.2E8,
2.8E-38,0.013,1800.0,1700.0,6900.0,3799999.9999999995,5300.0,1400.0,1800.0,210.0,6500.0,0.17,3899999.9999999995,9.8E-6,0.076,0.076,0.0,370.0,7.0,0.0,0.0,2.9E7,1.0,7.1E8,
2.8E-38,0.013,1800.0,1700.0,6800.0,3799999.9999999995,5300.0,1400.0,1800.0,210.0,6500.0,0.17,3899999.9999999995,1.2E-5,0.076,0.076,0.0,380.0,7.0,0.0,0.0,2.6E7,1.0,7.1E8,
4.4E-38,0.017,6700.0,3300.0,7100.0,4500000.0,5300.0,1400.0,1800.0,210.0,6500.0,0.17,4600000.0,0.74,0.093,0.093,0.0,400.0,8.4,0.0,0.0,2.6E7,1.0,7.2E8,
4.2E-38,0.016,6700.0,3300.0,7100.0,3799999.9999999995,5300.0,1400.0,1800.0,210.0,6500.0,0.17,3899999.9999999995,1.8E-5,0.087,0.087,0.0,400.0,8.6,0.0,0.0,2.5E7,1.0,7.2E8,
4.2E-38,0.016,6700.0,3300.0,7100.0,3799999.9999999995,5300.0,1400.0,1800.0,210.0,6500.0,0.17,3899999.9999999995,2.2E-5,0.087,0.087,0.0,400.0,8.6,0.0,0.0,2.3E7,1.0,7.2E8,
4.2E-38,0.016,6700.0,3300.0,7100.0,3799999.9999999995,5300.0,1400.0,1800.0,210.0,6500.0,0.17,3899999.9999999995,2.2E-5,0.087,0.087,0.0,390.0,8.6,0.0,0.0,2.3E7,1.0,7.2E8,
1.5E-37,0.068,520.0,50000.0,1200.0,4600000.0,5300.0,1400.0,1800.0,210.0,6500.0,0.17,4700000.0,2.7E-5,0.12,0.12,0.0,400.0,9.4,0.0,0.0,2.3E7,1.0,7.2E8,
2.9E-38,0.013,520.0,4800.0,1200.0,4500000.0,5300.0,1400.0,1800.0,210.0,6500.0,0.17,4500000.0,2.9E-5,0.088,0.088,0.0,400.0,9.2,0.0,0.0,2.2E7,1.0,7.2E8,
2.8E-38,0.013,520.0,4800.0,1200.0,4300000.0,5300.0,1400.0,1800.0,210.0,6500.0,0.17,4400000.0,3.2E-5,0.087,0.087,0.0,390.0,9.0,0.0,0.0,2.1E7,1.0,7.2E8,
2.8E-38,0.012,520.0,4800.0,1200.0,4099999.9999999995,5300.0,1400.0,1800.0,210.0,6500.0,0.17,4099999.9999999995,3.4E-5,0.085,0.085,0.0,390.0,8.5,0.0,0.0,2.0E7,1.0,7.2E8,
2.7E-38,0.012,520.0,4800.0,1200.0,3899999.9999999995,5300.0,1400.0,1800.0,210.0,6500.0,0.17,3999999.9999999995,3.7E-5,0.083,0.083,0.0,390.0,8.3,0.0,0.0,1.9E7,1.0,7.2E8,
2.7E-38,0.012,520.0,4800.0,1200.0,3899999.9999999995,5300.0,1400.0,1800.0,210.0,6500.0,0.17,3899999.9999999995,3.9E-5,0.083,0.083,0.0,390.0,8.2,0.0,0.0,1.9E7,1.0,7.2E8,
2.7E-38,0.012,520.0,4800.0,1200.0,3899999.9999999995,5300.0,1400.0,1800.0,210.0,6500.0,0.17,3899999.9999999995,3.8E-5,0.083,0.083,0.0,390.0,8.2,0.0,0.0,1.9E7,1.0,7.2E8,
2.7E-38,0.012,520.0,4800.0,1200.0,3899999.9999999995,5300.0,1400.0,1800.0,210.0,6400.0,0.17,3899999.9999999995,3.4E-5,0.083,0.083,0.0,390.0,8.2,0.0,0.0,2.0E7,1.0,7.2E8,
2.7E-38,0.012,520.0,4800.0,1200.0,3899999.9999999995,5300.0,1400.0,1800.0,210.0,6400.0,0.17,3899999.9999999995,2.9E-5,0.083,0.083,0.0,370.0,8.2,0.0,0.0,2.1E7,1.0,7.2E8,
2.7E-38,0.012,520.0,4800.0,1200.0,3899999.9999999995,5300.0,1400.0,1800.0,210.0,6400.0,0.17,3899999.9999999995,2.4E-5,0.083,0.083,0.0,370.0,8.2,0.0,0.0,2.2E7,1.0,7.2E8,
1.4E-38,0.0069,4600.0,250.0,1400.0,4500000.0,5300.0,1400.0,1800.0,210.0,6400.0,0.17,4500000.0,1.3E-5,0.078,0.078,0.0,390.0,3.9,0.0,0.0,2.2E7,1.0,7.2E8,
1.3E-38,0.0065,4600.0,250.0,1400.0,4200000.0,5300.0,1300.0,1800.0,210.0,6400.0,0.17,4200000.0,1.3E-5,0.076,0.076,0.0,380.0,3.7,0.0,0.0,2.1E7,1.0,7.2E8,
1.3E-38,0.0062,4600.0,250.0,1400.0,3899999.9999999995,5300.0,1300.0,1800.0,200.0,6400.0,0.17,3999999.9999999995,1.4E-5,0.074,0.074,0.0,380.0,3.5,0.0,0.0,2.0E7,1.0,7.2E8,
1.2E-38,0.0061,4600.0,250.0,1400.0,3899999.9999999995,5300.0,1300.0,1800.0,200.0,6400.0,0.17,3899999.9999999995,1.5E-5,0.073,0.073,0.0,380.0,3.4,0.0,0.0,1.9E7,1.0,7.2E8,
1.2E-38,0.0061,4600.0,250.0,1400.0,3899999.9999999995,5300.0,1300.0,1800.0,200.0,6400.0,0.17,3899999.9999999995,1.6E-5,0.073,0.073,0.0,380.0,3.4,0.0,0.0,1.9E7,1.0,7.2E8,
1.2E-38,0.0061,4600.0,250.0,1400.0,3899999.9999999995,5300.0,1300.0,1800.0,200.0,6400.0,0.17,3899999.9999999995,1.5E-5,0.073,0.073,0.0,380.0,3.4,0.0,0.0,1.9E7,1.0,7.2E8,
1.2E-38,0.0061,4600.0,250.0,1400.0,3899999.9999999995,5300.0,1300.0,1800.0,200.0,6400.0,0.17,3899999.9999999995,1.3E-5,0.073,0.073,0.0,370.0,3.4,0.0,0.0,2.0E7,1.0,7.2E8,
1.2E-38,0.0061,4600.0,250.0,1400.0,3899999.9999999995,5300.0,1300.0,1800.0,200.0,6400.0,0.17,3899999.9999999995,1.1E-5,0.073,0.073,0.0,360.0,3.4,0.0,0.0,2.2E7,1.0,7.2E8,
1.2E-38,0.0061,4600.0,250.0,1400.0,3899999.9999999995,5300.0,1300.0,1800.0,200.0,6400.0,0.17,3899999.9999999995,9.1E-6,0.073,0.073,0.0,360.0,3.4,0.0,0.0,2.3E7,1.0,7.2E8,
1.2E-38,0.0061,4600.0,250.0,1400.0,3899999.9999999995,5300.0,1300.0,1800.0,200.0,6400.0,0.17,3899999.9999999995,7.6E-6,0.073,0.073,0.0,360.0,3.4,0.0,0.0,2.5E7,1.0,7.2E8,
1.2E-38,0.0061,4600.0,250.0,1400.0,3899999.9999999995,5300.0,1300.0,1800.0,200.0,6400.0,0.17,3899999.9999999995,6.4E-6,0.073,0.073,0.0,360.0,3.4,0.0,0.0,2.6E7,1.0,7.2E8,
1.2E-38,0.0061,4600.0,250.0,1400.0,3899999.9999999995,5300.0,1300.0,1800.0,200.0,6400.0,0.17,3899999.9999999995,5.4E-6,0.073,0.073,0.0,350.0,3.4,0.0,0.0,2.8E7,1.0,7.2E8,
1.2E-38,0.0061,4600.0,250.0,1400.0,3899999.9999999995,5300.0,1300.0,1800.0,200.0,6400.0,0.17,3899999.9999999995,6.8E-6,0.073,0.073,0.0,350.0,3.4,0.0,0.0,2.6E7,1.0,7.2E8,
1.2E-38,0.0061,4600.0,250.0,1400.0,3899999.9999999995,5300.0,1300.0,1800.0,200.0,6400.0,0.17,3899999.9999999995,7.4E-6,0.073,0.073,0.0,350.0,3.4,0.0,0.0,2.5E7,1.0,7.2E8,
1.2E-38,0.0061,4600.0,250.0,1400.0,3899999.9999999995,5300.0,1300.0,1800.0,200.0,6400.0,0.17,3899999.9999999995,7.2E-6,0.073,0.073,0.0,350.0,3.4,0.0,0.0,2.5E7,1.0,7.2E8,
1.2E-38,0.0061,4600.0,250.0,1400.0,3899999.9999999995,5300.0,1300.0,1800.0,200.0,6400.0,0.17,3899999.9999999995,6.6E-6,0.073,0.073,0.0,350.0,3.4,0.0,0.0,2.6E7,1.0,7.2E8,
7.5E-38,0.043,25000.0,4100.0,26000.0,4600000.0,3000.0,3400.0,1800.0,200.0,610.0,0.17,4700000.0,2.0E-5,0.038,0.038,0.0,440.0,15.0,0.0,0.0,2.5E7,1.0,7.3E8,
2.6E-38,0.015,2100.0,4100.0,3500.0,4300000.0,3000.0,3400.0,1800.0,200.0,610.0,0.17,4400000.0,9.6E-6,0.036,0.036,0.0,440.0,3.8,0.0,0.0,2.4E7,1.0,7.3E8,
2.5E-38,0.015,2100.0,4100.0,3500.0,4200000.0,3000.0,3400.0,1800.0,200.0,610.0,0.17,4200000.0,1.1E-5,0.035,0.035,0.0,440.0,3.7,0.0,0.0,2.3E7,1.0,7.3E8,
2.5E-38,0.014,2100.0,4100.0,3500.0,3999999.9999999995,3000.0,3400.0,1800.0,200.0,610.0,0.17,3999999.9999999995,1.2E-5,0.034,0.034,0.0,440.0,3.6,0.0,0.0,2.1E7,1.0,7.3E8,
2.5E-38,0.014,2100.0,4100.0,3500.0,3899999.9999999995,3000.0,3400.0,1800.0,200.0,610.0,0.17,3899999.9999999995,1.4E-5,0.033,0.033,0.0,430.0,3.5,0.0,0.0,2.0E7,1.0,7.3E8,
2.5E-38,0.014,2100.0,4100.0,3500.0,3899999.9999999995,3000.0,3400.0,1800.0,200.0,610.0,0.17,3899999.9999999995,1.5E-5,0.033,0.033,0.0,430.0,3.5,0.0,0.0,2.0E7,1.0,7.3E8,
1.1E-37,0.039,4600.0,29000.0,5800.0,4600000.0,3000.0,3400.0,1800.0,200.0,610.0,0.17,4700000.0,2.4E-5,0.061,0.061,0.0,430.0,5.4,0.0,0.0,1.9E7,1.0,7.3E8,
3.3E-38,0.011,4600.0,1300.0,5800.0,4300000.0,3000.0,3400.0,1800.0,200.0,610.0,0.17,4300000.0,2.4E-5,0.038,0.038,0.0,430.0,5.2,0.0,0.0,1.9E7,1.0,7.3E8,
3.3E-38,0.011,4600.0,1300.0,5800.0,4099999.9999999995,3000.0,3400.0,1800.0,200.0,610.0,0.17,4099999.9999999995,2.7E-5,0.036,0.036,0.0,420.0,5.1,0.0,0.0,1.8E7,1.0,7.3E8,
3.2000000000000003E-38,0.011,4600.0,1300.0,5800.0,3899999.9999999995,3000.0,3400.0,1800.0,200.0,610.0,0.17,3899999.9999999995,2.7E-5,0.035,0.035,0.0,420.0,5.0,0.0,0.0,1.8E7,1.0,7.3E8,
3.2000000000000003E-38,0.011,4600.0,1300.0,5800.0,3899999.9999999995,3000.0,3400.0,1700.0,200.0,610.0,0.17,3899999.9999999995,2.7E-5,0.035,0.035,0.0,420.0,4.9,0.0,0.0,1.8E7,1.0,7.3E8,
3.2000000000000003E-38,0.011,4600.0,1300.0,5800.0,3899999.9999999995,3000.0,3400.0,1700.0,200.0,610.0,0.17,3899999.9999999995,2.4E-5,0.035,0.035,0.0,420.0,4.9,0.0,0.0,1.9E7,1.0,7.3E8,
3.2000000000000003E-38,0.011,4600.0,1300.0,5800.0,3899999.9999999995,3000.0,3400.0,1700.0,200.0,610.0,0.17,3899999.9999999995,2.1E-5,0.035,0.035,0.0,420.0,4.9,0.0,0.0,2.0E7,1.0,7.3E8,
2.6E-38,0.011,6100.0,530.0,5800.0,4600000.0,3000.0,3400.0,1700.0,200.0,610.0,0.17,4600000.0,3.0E-5,0.035,0.035,0.0,420.0,7.8,0.0,0.0,2.1E7,1.0,7.3E8,
2.6E-38,0.011,6100.0,530.0,5800.0,4500000.0,3000.0,3400.0,1700.0,200.0,610.0,0.17,4500000.0,3.3E-5,0.035,0.035,0.0,420.0,7.8,0.0,0.0,2.0E7,1.0,7.3E8,
2.5E-38,0.011,6000.0,530.0,5800.0,4300000.0,3000.0,3400.0,1700.0,200.0,610.0,0.17,4300000.0,3.5E-5,0.033,0.033,0.0,420.0,7.6,0.0,0.0,1.9E7,1.0,7.3E8,
2.4E-38,0.01,6000.0,530.0,5800.0,3899999.9999999995,3000.0,3400.0,1700.0,200.0,610.0,0.17,3899999.9999999995,3.5E-5,0.03,0.03,0.0,430.0,7.3,0.0,0.0,1.9E7,1.0,7.3E8,
2.4E-38,0.01,6000.0,530.0,5800.0,3899999.9999999995,3000.0,3400.0,1700.0,200.0,610.0,0.17,3899999.9999999995,3.6E-5,0.03,0.03,0.0,430.0,7.3,0.0,0.0,1.9E7,1.0,7.3E8,
2.4E-38,0.01,6000.0,530.0,5800.0,3899999.9999999995,3000.0,3400.0,1700.0,200.0,610.0,0.17,3899999.9999999995,3.3E-5,0.03,0.03,0.0,430.0,7.3,0.0,0.0,1.9E7,1.0,7.3E8,
2.4E-38,0.01,6000.0,530.0,5800.0,3899999.9999999995,3000.0,3400.0,1700.0,200.0,610.0,0.17,3899999.9999999995,2.9E-5,0.03,0.03,0.0,420.0,7.3,0.0,0.0,2.0E7,1.0,7.3E8,
2.4E-38,0.01,6000.0,530.0,5800.0,3899999.9999999995,3000.0,3400.0,1700.0,200.0,610.0,0.17,3899999.9999999995,2.4E-5,0.03,0.03,0.0,410.0,7.3,0.0,0.0,2.1E7,1.0,7.3E8,
2.4E-38,0.01,6000.0,530.0,5800.0,3899999.9999999995,3000.0,3400.0,1700.0,200.0,610.0,0.16,3899999.9999999995,2.4E-5,0.03,0.03,0.0,410.0,7.3,0.0,0.0,2.1E7,1.0,7.2E8,
2.4E-38,0.01,6000.0,530.0,5800.0,3899999.9999999995,3000.0,3400.0,1700.0,200.0,610.0,0.16,3899999.9999999995,2.6E-5,0.03,0.03,0.0,410.0,7.3,0.0,0.0,2.1E7,1.0,7.2E8,
2.4E-38,0.01,6000.0,530.0,5800.0,3899999.9999999995,3000.0,3400.0,1700.0,200.0,610.0,0.16,3899999.9999999995,2.5E-5,0.03,0.03,0.0,410.0,7.3,0.0,0.0,2.1E7,1.0,7.2E8,
2.4E-38,0.01,6000.0,530.0,5800.0,3899999.9999999995,3000.0,3400.0,1700.0,200.0,610.0,0.16,3899999.9999999995,2.2E-5,0.03,0.03,0.0,410.0,7.3,0.0,0.0,2.2E7,1.0,7.2E8,
2.4E-38,0.01,6000.0,530.0,5800.0,3899999.9999999995,3000.0,3400.0,1700.0,200.0,610.0,0.16,3899999.9999999995,1.9E-5,0.03,0.03,0.0,400.0,7.3,0.0,0.0,2.3E7,1.0,7.2E8,
2.4E-38,0.01,6000.0,530.0,5800.0,3899999.9999999995,3000.0,3400.0,1700.0,200.0,610.0,0.16,3899999.9999999995,1.6E-5,0.03,0.03,0.0,400.0,7.3,0.0,0.0,2.5E7,1.0,7.2E8,
2.4E-38,0.01,6000.0,530.0,5800.0,3899999.9999999995,3000.0,3400.0,1700.0,200.0,610.0,0.16,3899999.9999999995,1.4E-5,0.03,0.03,0.0,390.0,7.3,0.0,0.0,2.6E7,1.0,7.2E8,
2.4E-38,0.01,6000.0,530.0,5800.0,3899999.9999999995,3000.0,3400.0,1700.0,200.0,610.0,0.16,3899999.9999999995,1.2E-5,0.03,0.03,0.0,390.0,7.3,0.0,0.0,2.8E7,1.0,7.2E8,
2.4E-38,0.01,6000.0,530.0,5800.0,3899999.9999999995,3000.0,3400.0,1700.0,200.0,610.0,0.16,3899999.9999999995,1.1E-5,0.03,0.03,0.0,390.0,7.3,0.0,0.0,2.9E7,1.0,7.2E8,
2.4E-38,0.01,6000.0,530.0,5800.0,3799999.9999999995,3000.0,3400.0,1700.0,200.0,610.0,0.16,3899999.9999999995,1.4E-5,0.03,0.03,0.0,390.0,7.2,0.0,0.0,2.6E7,1.0,7.1E8,
2.4E-38,0.01,6000.0,530.0,5800.0,3799999.9999999995,3000.0,3400.0,1700.0,200.0,610.0,0.16,3899999.9999999995,1.6E-5,0.03,0.03,0.0,380.0,7.2,0.0,0.0,2.4E7,1.0,7.1E8,
2.4E-38,0.01,6000.0,530.0,5800.0,3799999.9999999995,3000.0,3400.0,1700.0,200.0,610.0,0.16,3899999.9999999995,1.7E-5,0.03,0.03,0.0,380.0,7.2,0.0,0.0,2.4E7,1.0,7.1E8,
2.4E-38,0.01,6000.0,530.0,5800.0,3799999.9999999995,3000.0,3400.0,1700.0,200.0,610.0,0.16,3899999.9999999995,1.6E-5,0.03,0.03,0.0,370.0,7.2,0.0,0.0,2.4E7,1.0,7.1E8,
2.4E-38,0.01,6000.0,530.0,5800.0,3799999.9999999995,3000.0,3400.0,1700.0,200.0,610.0,0.16,3899999.9999999995,1.5E-5,0.03,0.03,0.0,370.0,7.2,0.0,0.0,2.5E7,1.0,7.1E8,
2.4E-38,0.01,6000.0,530.0,5800.0,3799999.9999999995,3000.0,3400.0,1700.0,200.0,610.0,0.16,3899999.9999999995,1.3E-5,0.03,0.03,0.0,370.0,7.2,0.0,0.0,2.6E7,1.0,7.1E8,
2.4E-38,0.01,6000.0,530.0,5800.0,3799999.9999999995,3000.0,3400.0,1700.0,200.0,610.0,0.16,3899999.9999999995,1.1E-5,0.03,0.03,0.0,370.0,7.2,0.0,0.0,2.8E7,1.0,7.1E8,
2.4E-38,0.01,6000.0,530.0,5800.0,3799999.9999999995,3000.0,3400.0,1700.0,200.0,610.0,0.16,3899999.9999999995,9.7E-6,0.03,0.03,0.0,370.0,7.2,0.0,0.0,2.9E7,1.0,7.1E8,
2.4E-38,0.01,6000.0,530.0,5800.0,3799999.9999999995,3000.0,3400.0,1700.0,200.0,610.0,0.16,3899999.9999999995,8.4E-6,0.03,0.03,0.0,370.0,7.2,0.0,0.0,3.1E7,1.0,7.1E8,
2.4E-38,0.01,6000.0,530.0,5800.0,3799999.9999999995,3000.0,3400.0,1700.0,200.0,610.0,0.16,3899999.9999999995,1.0E-5,0.03,0.03,0.0,360.0,7.2,0.0,0.0,2.9E7,1.0,7.1E8,
2.4E-38,0.01,6000.0,530.0,5800.0,3799999.9999999995,3000.0,3400.0,1700.0,200.0,610.0,0.16,3899999.9999999995,1.2E-5,0.03,0.03,0.0,360.0,7.2,0.0,0.0,2.7E7,1.0,7.1E8,
2.4E-38,0.01,6000.0,530.0,5800.0,3799999.9999999995,3000.0,3400.0,1700.0,200.0,610.0,0.16,3899999.9999999995,1.2E-5,0.03,0.03,0.0,360.0,7.2,0.0,0.0,2.7E7,1.0,7.1E8,
2.4E-38,0.01,6000.0,530.0,5800.0,3799999.9999999995,3000.0,3400.0,1700.0,200.0,610.0,0.16,3899999.9999999995,1.1E-5,0.03,0.03,0.0,360.0,7.2,0.0,0.0,2.8E7,1.0,7.1E8,
2.4E-38,0.01,6000.0,530.0,5800.0,3799999.9999999995,3000.0,3400.0,1700.0,200.0,610.0,0.16,3899999.9999999995,1.0E-5,0.03,0.03,0.0,360.0,7.2,0.0,0.0,2.9E7,1.0,7.1E8,
2.4E-38,0.01,6000.0,530.0,5800.0,3799999.9999999995,3000.0,3400.0,1700.0,200.0,610.0,0.16,3899999.9999999995,9.2E-6,0.03,0.03,0.0,360.0,7.2,0.0,0.0,3.0E7,1.0,7.1E8,
2.4E-38,0.01,6000.0,530.0,5800.0,3799999.9999999995,3000.0,3400.0,1700.0,200.0,610.0,0.16,3899999.9999999995,8.1E-6,0.03,0.03,0.0,350.0,7.2,0.0,0.0,3.1E7,1.0,7.1E8,
2.4E-38,0.01,6000.0,530.0,5800.0,3799999.9999999995,3000.0,3400.0,1700.0,200.0,610.0,0.16,3899999.9999999995,7.1E-6,0.03,0.03,0.0,350.0,7.2,0.0,0.0,3.3E7,1.0,7.1E8,
2.4E-38,0.01,6000.0,530.0,5800.0,3799999.9999999995,3000.0,3400.0,1700.0,200.0,610.0,0.16,3899999.9999999995,7.8E-6,0.03,0.03,0.0,350.0,7.2,0.0,0.0,3.2E7,1.0,7.1E8,
2.4E-38,0.01,6000.0,530.0,5800.0,3799999.9999999995,3000.0,3400.0,1700.0,200.0,610.0,0.16,3899999.9999999995,9.6E-6,0.03,0.03,0.0,350.0,7.2,0.0,0.0,2.9E7,1.0,7.1E8,
2.4E-38,0.01,6000.0,530.0,5800.0,3799999.9999999995,3000.0,3400.0,1700.0,200.0,610.0,0.16,3899999.9999999995,1.0E-5,0.03,0.03,0.0,350.0,7.2,0.0,0.0,2.9E7,1.0,7.1E8,
2.4E-38,0.01,6000.0,530.0,5800.0,3799999.9999999995,3000.0,3400.0,1700.0,200.0,610.0,0.16,3899999.9999999995,1.0E-5,0.03,0.03,0.0,350.0,7.2,0.0,0.0,2.9E7,1.0,7.1E8,
2.4E-38,0.01,6000.0,530.0,5800.0,3799999.9999999995,3000.0,3400.0,1700.0,200.0,610.0,0.16,3899999.9999999995,9.4E-6,0.03,0.03,0.0,340.0,7.2,0.0,0.0,3.0E7,1.0,7.1E8,
2.4E-38,0.01,6000.0,530.0,5800.0,3799999.9999999995,3000.0,3400.0,1700.0,200.0,610.0,0.16,3899999.9999999995,8.5E-6,0.03,0.03,0.0,340.0,7.2,0.0,0.0,3.1E7,1.0,7.1E8,
2.4E-38,0.01,6000.0,530.0,5800.0,3799999.9999999995,3000.0,3400.0,1700.0,200.0,610.0,0.16,3899999.9999999995,7.6E-6,0.03,0.03,0.0,340.0,7.2,0.0,0.0,3.2E7,1.0,7.1E8,
2.4E-38,0.01,6000.0,530.0,5800.0,3799999.9999999995,3000.0,3400.0,1700.0,200.0,610.0,0.16,3899999.9999999995,6.7E-6,0.03,0.03,0.0,340.0,7.2,0.0,0.0,3.3E7,1.0,7.1E8,
2.4E-38,0.01,6000.0,530.0,5800.0,3799999.9999999995,3000.0,3400.0,1700.0,200.0,610.0,0.16,3899999.9999999995,6.4E-6,0.03,0.03,0.0,340.0,7.2,0.0,0.0,3.4E7,1.0,7.1E8,
2.4E-38,0.01,6000.0,530.0,5800.0,3799999.9999999995,3000.0,3400.0,1700.0,200.0,610.0,0.16,3899999.9999999995,8.4E-6,0.03,0.03,0.0,340.0,7.2,0.0,0.0,3.1E7,1.0,7.1E8,
2.4E-38,0.01,6000.0,530.0,5800.0,3799999.9999999995,3000.0,3400.0,1700.0,200.0,610.0,0.16,3899999.9999999995,9.4E-6,0.03,0.03,0.0,340.0,7.2,0.0,0.0,3.0E7,1.0,7.1E8,
2.4E-38,0.01,6000.0,530.0,5800.0,3799999.9999999995,3000.0,3400.0,1700.0,200.0,610.0,0.16,3899999.9999999995,9.6E-6,0.03,0.03,0.0,340.0,7.2,0.0,0.0,2.9E7,1.0,7.1E8,
2.4E-38,0.01,6000.0,530.0,5800.0,3799999.9999999995,3000.0,3400.0,1700.0,200.0,610.0,0.16,3899999.9999999995,9.1E-6,0.03,0.03,0.0,340.0,7.2,0.0,0.0,3.0E7,1.0,7.1E8,
2.4E-38,0.01,6000.0,530.0,5800.0,3799999.9999999995,3000.0,3400.0,1700.0,200.0,610.0,0.16,3899999.9999999995,8.3E-6,0.03,0.03,0.0,340.0,7.2,0.0,0.0,3.1E7,1.0,7.1E8,
2.4E-38,0.01,6000.0,530.0,5800.0,3799999.9999999995,3000.0,3400.0,1700.0,200.0,610.0,0.16,3899999.9999999995,7.4E-6,0.03,0.03,0.0,340.0,7.2,0.0,0.0,3.2E7,1.0,7.1E8,
2.4E-38,0.01,6000.0,530.0,5800.0,3799999.9999999995,3000.0,3400.0,1700.0,200.0,610.0,0.16,3899999.9999999995,6.6E-6,0.03,0.03,0.0,340.0,7.2,0.0,0.0,3.4E7,1.0,7.1E8,
2.4E-38,0.01,6000.0,530.0,5800.0,3799999.9999999995,3000.0,3400.0,1700.0,200.0,610.0,0.16,3899999.9999999995,5.8E-6,0.03,0.03,0.0,340.0,7.2,0.0,0.0,3.5E7,1.0,7.1E8,
2.4E-38,0.01,6000.0,530.0,5800.0,3799999.9999999995,3000.0,3400.0,1700.0,200.0,610.0,0.16,3899999.9999999995,7.4E-6,0.03,0.03,0.0,340.0,7.2,0.0,0.0,3.2E7,1.0,7.1E8,
2.4E-38,0.01,6000.0,530.0,5800.0,3799999.9999999995,3000.0,3400.0,1700.0,200.0,610.0,0.16,3799999.9999999995,8.6E-6,0.03,0.03,0.0,330.0,7.2,0.0,0.0,3.0E7,1.0,7.1E8,
2.2E-37,0.096,15000.0,49000.0,41000.0,4700000.0,120.0,3400.0,1700.0,200.0,610.0,0.16,4800000.0,2.2E-5,0.075,0.075,0.0,370.0,12.0,0.0,0.0,2.8E7,1.0,7.2E8,
2.0000000000000002E-38,0.0087,2900.0,970.0,3100.0,4500000.0,120.0,3400.0,1700.0,200.0,610.0,0.16,4500000.0,3.7E-6,0.038,0.038,0.0,370.0,2.0,0.0,0.0,2.6E7,1.0,7.2E8,
2.0000000000000002E-38,0.0086,2900.0,970.0,3100.0,4400000.0,120.0,3400.0,1700.0,200.0,600.0,0.16,4400000.0,4.4E-6,0.037,0.037,0.0,360.0,2.0,0.0,0.0,2.5E7,1.0,7.2E8,
1.9000000000000002E-38,0.0083,2900.0,970.0,3000.0,4200000.0,120.0,3300.0,1700.0,200.0,600.0,0.16,4200000.0,4.9E-6,0.035,0.035,0.0,370.0,1.9,0.0,0.0,2.3E7,1.0,7.2E8,
1.8E-38,0.008,2900.0,970.0,3000.0,3799999.9999999995,120.0,3300.0,1700.0,200.0,600.0,0.16,3899999.9999999995,5.4E-6,0.033,0.033,0.0,370.0,1.8,0.0,0.0,2.2E7,1.0,7.1E8,
1.8E-38,0.008,2900.0,970.0,3000.0,3799999.9999999995,120.0,3300.0,1700.0,200.0,600.0,0.16,3899999.9999999995,6.1E-6,0.033,0.033,0.0,370.0,1.8,0.0,0.0,2.1E7,1.0,7.1E8,
1.8E-38,0.008,2900.0,970.0,3000.0,3799999.9999999995,120.0,3300.0,1700.0,200.0,600.0,0.16,3899999.9999999995,6.1E-6,0.033,0.033,0.0,370.0,1.8,0.0,0.0,2.1E7,1.0,7.1E8,
1.8E-38,0.008,2900.0,970.0,3000.0,3799999.9999999995,120.0,3300.0,1700.0,200.0,600.0,0.16,3899999.9999999995,5.6E-6,0.033,0.033,0.0,370.0,1.8,0.0,0.0,2.2E7,1.0,7.1E8,
1.8E-38,0.008,2900.0,970.0,3000.0,3799999.9999999995,120.0,3300.0,1700.0,200.0,600.0,0.16,3899999.9999999995,4.9E-6,0.033,0.033,0.0,370.0,1.8,0.0,0.0,2.3E7,1.0,7.1E8,
1.8E-38,0.008,2900.0,970.0,3000.0,3799999.9999999995,120.0,3300.0,1700.0,200.0,600.0,0.16,3899999.9999999995,4.2E-6,0.033,0.033,0.0,370.0,1.8,0.0,0.0,2.4E7,1.0,7.1E8,
1.8E-38,0.008,2900.0,970.0,3000.0,3799999.9999999995,120.0,3300.0,1700.0,200.0,600.0,0.16,3899999.9999999995,3.6E-6,0.033,0.033,0.0,370.0,1.8,0.0,0.0,2.6E7,1.0,7.1E8,
1.8E-38,0.008,2900.0,970.0,3000.0,3799999.9999999995,120.0,3300.0,1700.0,200.0,600.0,0.16,3899999.9999999995,3.0E-6,0.033,0.033,0.0,370.0,1.8,0.0,0.0,2.7E7,1.0,7.1E8,
1.8E-38,0.008,2900.0,970.0,3000.0,3799999.9999999995,120.0,3300.0,1700.0,200.0,600.0,0.16,3899999.9999999995,2.6E-6,0.033,0.033,0.0,360.0,1.8,0.0,0.0,2.9E7,1.0,7.1E8,
1.8E-38,0.008,2900.0,970.0,3000.0,3799999.9999999995,120.0,3300.0,1700.0,200.0,600.0,0.16,3899999.9999999995,3.1E-6,0.033,0.033,0.0,360.0,1.8,0.0,0.0,2.7E7,1.0,7.1E8,
1.8E-38,0.008,2900.0,970.0,3000.0,3799999.9999999995,120.0,3300.0,1700.0,200.0,600.0,0.16,3899999.9999999995,3.5E-6,0.033,0.033,0.0,360.0,1.8,0.0,0.0,2.6E7,1.0,7.1E8,
1.8E-38,0.008,2900.0,970.0,3000.0,3799999.9999999995,120.0,3300.0,1700.0,200.0,600.0,0.16,3899999.9999999995,3.5E-6,0.033,0.033,0.0,350.0,1.8,0.0,0.0,2.6E7,1.0,7.1E8,
1.8E-38,0.011,770.0,2500.0,5400.0,4500000.0,120.0,1400.0,3100.0,200.0,600.0,0.16,4500000.0,9.1E-6,0.049,0.049,0.0,360.0,4.4,0.0,0.0,2.5E7,1.0,7.2E8,
1.8E-38,0.011,770.0,2500.0,5400.0,4400000.0,120.0,1400.0,3100.0,200.0,600.0,0.16,4500000.0,1.1E-5,0.048,0.048,0.0,360.0,4.4,0.0,0.0,2.4E7,1.0,7.2E8,
1.8E-38,0.011,770.0,2500.0,5400.0,4099999.9999999995,120.0,1400.0,3100.0,200.0,600.0,0.16,4099999.9999999995,1.1E-5,0.045,0.045,0.0,360.0,4.2,0.0,0.0,2.3E7,1.0,7.2E8,
1.8E-38,0.011,770.0,2500.0,5300.0,3999999.9999999995,120.0,1400.0,3100.0,200.0,600.0,0.16,3999999.9999999995,1.3E-5,0.044,0.044,0.0,360.0,4.1,0.0,0.0,2.2E7,1.0,7.1E8,
1.7E-38,0.011,770.0,2500.0,5300.0,3899999.9999999995,120.0,1400.0,3100.0,200.0,600.0,0.16,3899999.9999999995,1.4E-5,0.043,0.043,0.0,360.0,4.1,0.0,0.0,2.1E7,1.0,7.1E8,
1.7E-38,0.011,770.0,2500.0,5300.0,3899999.9999999995,120.0,1400.0,3100.0,200.0,600.0,0.16,3899999.9999999995,1.5E-5,0.043,0.043,0.0,360.0,4.1,0.0,0.0,2.1E7,1.0,7.1E8,
1.7E-38,0.011,770.0,2500.0,5300.0,3799999.9999999995,120.0,1400.0,3100.0,200.0,600.0,0.16,3799999.9999999995,1.6E-5,0.043,0.043,0.0,360.0,4.1,0.0,0.0,2.0E7,1.0,7.1E8,
1.7E-38,0.011,770.0,2500.0,5300.0,3799999.9999999995,120.0,1400.0,3100.0,200.0,600.0,0.16,3799999.9999999995,1.7E-5,0.042,0.042,0.0,360.0,4.1,0.0,0.0,1.9E7,1.0,7.0E8,
1.7E-38,0.011,770.0,2500.0,5300.0,3799999.9999999995,120.0,1400.0,3100.0,200.0,600.0,0.16,3799999.9999999995,1.8E-5,0.042,0.042,0.0,350.0,4.1,0.0,0.0,1.9E7,1.0,7.0E8,
1.7E-38,0.011,770.0,2500.0,5300.0,3799999.9999999995,120.0,1400.0,3100.0,200.0,600.0,0.16,3799999.9999999995,1.7E-5,0.042,0.042,0.0,350.0,4.1,0.0,0.0,1.9E7,1.0,7.0E8,
1.7E-38,0.011,770.0,2500.0,5300.0,3799999.9999999995,120.0,1400.0,3100.0,200.0,600.0,0.16,3799999.9999999995,1.5E-5,0.042,0.042,0.0,340.0,4.1,0.0,0.0,2.0E7,1.0,7.0E8,
1.7E-38,0.011,770.0,2500.0,5300.0,3799999.9999999995,120.0,1400.0,3100.0,200.0,600.0,0.16,3799999.9999999995,1.3E-5,0.042,0.042,0.0,340.0,4.1,0.0,0.0,2.1E7,1.0,7.0E8,
1.7E-38,0.011,770.0,2500.0,5300.0,3799999.9999999995,120.0,1400.0,3100.0,200.0,600.0,0.16,3799999.9999999995,1.1E-5,0.042,0.042,0.0,340.0,4.1,0.0,0.0,2.3E7,1.0,7.0E8,
1.7E-38,0.011,770.0,2500.0,5300.0,3799999.9999999995,120.0,1400.0,3100.0,200.0,600.0,0.16,3799999.9999999995,8.8E-6,0.042,0.042,0.0,340.0,4.1,0.0,0.0,2.4E7,1.0,7.0E8,
1.7E-38,0.011,770.0,2500.0,5300.0,3799999.9999999995,120.0,1400.0,3100.0,200.0,600.0,0.16,3799999.9999999995,7.4E-6,0.042,0.042,0.0,340.0,4.1,0.0,0.0,2.6E7,1.0,7.0E8,
1.7E-38,0.011,770.0,2500.0,5300.0,3799999.9999999995,120.0,1400.0,3100.0,200.0,600.0,0.16,3799999.9999999995,6.6E-6,0.042,0.042,0.0,340.0,4.1,0.0,0.0,2.7E7,1.0,7.0E8,
1.7E-38,0.011,770.0,2500.0,5300.0,3799999.9999999995,120.0,1400.0,3100.0,200.0,600.0,0.16,3799999.9999999995,7.9E-6,0.042,0.042,0.0,340.0,4.1,0.0,0.0,2.5E7,1.0,7.0E8,
1.7E-38,0.011,770.0,2500.0,5300.0,3799999.9999999995,120.0,1400.0,3100.0,200.0,600.0,0.16,3799999.9999999995,8.6E-6,0.042,0.042,0.0,340.0,4.1,0.0,0.0,2.4E7,1.0,7.0E8,
1.7E-38,0.011,770.0,2500.0,5300.0,3799999.9999999995,120.0,1400.0,3100.0,200.0,600.0,0.16,3799999.9999999995,8.4E-6,0.042,0.042,0.0,330.0,4.1,0.0,0.0,2.5E7,1.0,7.0E8,
1.7E-38,0.011,770.0,2500.0,5300.0,3799999.9999999995,120.0,1400.0,3100.0,200.0,600.0,0.16,3799999.9999999995,7.6E-6,0.042,0.042,0.0,330.0,4.1,0.0,0.0,2.5E7,1.0,7.0E8,
1.7E-38,0.011,770.0,2500.0,5300.0,3799999.9999999995,120.0,1400.0,3100.0,200.0,600.0,0.16,3799999.9999999995,6.7E-6,0.042,0.042,0.0,330.0,4.1,0.0,0.0,2.7E7,1.0,7.0E8,
1.7E-38,0.011,770.0,2500.0,5300.0,3799999.9999999995,120.0,1400.0,3100.0,200.0,600.0,0.16,3799999.9999999995,6.0E-6,0.042,0.042,0.0,330.0,4.1,0.0,0.0,2.8E7,1.0,7.0E8,
1.7E-38,0.011,770.0,2500.0,5300.0,3799999.9999999995,120.0,1400.0,3100.0,200.0,600.0,0.16,3799999.9999999995,5.1E-6,0.042,0.042,0.0,330.0,4.1,0.0,0.0,2.9E7,1.0,7.0E8,
1.7E-38,0.011,770.0,2500.0,5300.0,3799999.9999999995,120.0,1400.0,3100.0,200.0,600.0,0.16,3799999.9999999995,4.5E-6,0.042,0.042,0.0,320.0,4.1,0.0,0.0,3.1E7,1.0,7.0E8,
1.7E-38,0.011,770.0,2500.0,5300.0,3799999.9999999995,120.0,1400.0,3100.0,200.0,600.0,0.16,3799999.9999999995,5.5E-6,0.042,0.042,0.0,320.0,4.1,0.0,0.0,2.9E7,1.0,7.0E8,
1.7E-38,0.011,770.0,2500.0,5300.0,3799999.9999999995,120.0,1400.0,3100.0,200.0,600.0,0.16,3799999.9999999995,6.2E-6,0.042,0.042,0.0,320.0,4.1,0.0,0.0,2.7E7,1.0,7.0E8,
1.7E-38,0.011,770.0,2500.0,5300.0,3799999.9999999995,120.0,1400.0,3100.0,200.0,600.0,0.16,3799999.9999999995,6.4E-6,0.042,0.042,0.0,320.0,4.1,0.0,0.0,2.7E7,1.0,7.0E8,
1.6000000000000001E-38,0.011,1400.0,6000.0,4100.0,4400000.0,2000.0,1400.0,3100.0,200.0,600.0,0.16,4400000.0,7.0E-6,0.046,0.046,0.0,360.0,3.9,0.0,0.0,2.6E7,1.0,7.1E8,
1.6000000000000001E-38,0.011,1400.0,6000.0,4100.0,4200000.0,2000.0,1400.0,3100.0,200.0,600.0,0.16,4200000.0,7.8E-6,0.044,0.044,0.0,350.0,3.8,0.0,0.0,2.5E7,1.0,7.1E8,
1.6000000000000001E-38,0.011,1400.0,6000.0,4100.0,3899999.9999999995,2000.0,1400.0,3100.0,200.0,600.0,0.16,3999999.9999999995,9.1E-6,0.042,0.042,0.0,350.0,3.7,0.0,0.0,2.3E7,1.0,7.1E8,
1.5000000000000002E-38,0.011,1400.0,6000.0,4100.0,3799999.9999999995,2000.0,1400.0,3100.0,200.0,600.0,0.16,3799999.9999999995,1.0E-5,0.041,0.041,0.0,350.0,3.6,0.0,0.0,2.2E7,1.0,7.0E8,
1.5000000000000002E-38,0.011,1400.0,6000.0,4100.0,3799999.9999999995,2000.0,1400.0,3100.0,200.0,600.0,0.16,3799999.9999999995,1.2E-5,0.041,0.041,0.0,350.0,3.6,0.0,0.0,2.1E7,1.0,7.0E8,
1.5000000000000002E-38,0.011,1400.0,6000.0,4100.0,3799999.9999999995,2000.0,1400.0,3100.0,200.0,600.0,0.16,3799999.9999999995,1.2E-5,0.041,0.041,0.0,350.0,3.6,0.0,0.0,2.1E7,1.0,7.0E8,
1.5000000000000002E-38,0.011,1400.0,6000.0,4100.0,3799999.9999999995,2000.0,1400.0,3100.0,200.0,600.0,0.16,3799999.9999999995,1.1E-5,0.041,0.041,0.0,350.0,3.6,0.0,0.0,2.1E7,1.0,7.0E8,
1.5000000000000002E-38,0.011,1400.0,6000.0,4100.0,3799999.9999999995,2000.0,1400.0,3100.0,200.0,600.0,0.16,3799999.9999999995,9.8E-6,0.041,0.041,0.0,350.0,3.6,0.0,0.0,2.2E7,1.0,7.0E8,
1.5000000000000002E-38,0.011,1400.0,6000.0,4100.0,3799999.9999999995,2000.0,1400.0,3100.0,200.0,600.0,0.16,3799999.9999999995,8.4E-6,0.041,0.041,0.0,350.0,3.6,0.0,0.0,2.4E7,1.0,7.0E8,
1.5000000000000002E-38,0.011,1400.0,6000.0,4100.0,3799999.9999999995,2000.0,1400.0,3100.0,200.0,600.0,0.16,3799999.9999999995,7.2E-6,0.041,0.041,0.0,350.0,3.6,0.0,0.0,2.5E7,1.0,7.0E8,
1.5000000000000002E-38,0.011,1400.0,6000.0,4100.0,3799999.9999999995,2000.0,1400.0,3100.0,200.0,600.0,0.16,3799999.9999999995,6.1E-6,0.041,0.041,0.0,340.0,3.6,0.0,0.0,2.7E7,1.0,7.0E8,
1.5000000000000002E-38,0.011,1400.0,6000.0,4100.0,3799999.9999999995,2000.0,1400.0,3100.0,200.0,600.0,0.16,3799999.9999999995,5.2E-6,0.041,0.041,0.0,340.0,3.6,0.0,0.0,2.8E7,1.0,7.0E8,
1.2E-38,0.017,2800.0,2600.0,11000.0,4600000.0,2000.0,1400.0,3100.0,200.0,600.0,0.16,4600000.0,4.3E-6,0.034,0.034,0.0,350.0,2.6,0.0,0.0,2.7E7,1.0,7.1E8,
6.8E-39,0.01,2800.0,2600.0,3400.0,4300000.0,2000.0,1400.0,3100.0,200.0,600.0,0.16,4400000.0,2.6E-6,0.033,0.033,0.0,350.0,1.3,0.0,0.0,2.5E7,1.0,7.1E8,
6.6E-39,0.0097,2800.0,2600.0,3400.0,4099999.9999999995,2000.0,1400.0,3100.0,200.0,600.0,0.16,4099999.9999999995,3.1E-6,0.031,0.031,0.0,340.0,1.3,0.0,0.0,2.3E7,1.0,7.1E8,
6.4E-39,0.0095,2800.0,2600.0,3400.0,3799999.9999999995,2000.0,1400.0,3100.0,200.0,600.0,0.15,3799999.9999999995,3.5E-6,0.029,0.029,0.0,340.0,1.2,0.0,0.0,2.2E7,1.0,7.1E8,
6.4E-39,0.0095,2800.0,2600.0,3400.0,3799999.9999999995,2000.0,1400.0,3100.0,200.0,600.0,0.15,3799999.9999999995,3.7E-6,0.029,0.029,0.0,340.0,1.2,0.0,0.0,2.2E7,1.0,7.1E8,
6.4E-39,0.0095,2800.0,2600.0,3400.0,3799999.9999999995,2000.0,1400.0,3100.0,200.0,600.0,0.15,3799999.9999999995,3.6E-6,0.029,0.029,0.0,340.0,1.2,0.0,0.0,2.2E7,1.0,7.1E8,
6.4E-39,0.0095,2800.0,2600.0,3400.0,3799999.9999999995,2000.0,1400.0,3100.0,200.0,600.0,0.15,3799999.9999999995,3.2E-6,0.029,0.029,0.0,340.0,1.2,0.0,0.0,2.3E7,1.0,7.1E8,
6.4E-39,0.0095,2800.0,2600.0,3400.0,3799999.9999999995,2000.0,1400.0,3100.0,200.0,600.0,0.15,3799999.9999999995,2.8E-6,0.029,0.029,0.0,340.0,1.2,0.0,0.0,2.4E7,1.0,7.1E8,
6.4E-39,0.0095,2800.0,2600.0,3400.0,3799999.9999999995,2000.0,1400.0,3100.0,200.0,600.0,0.15,3799999.9999999995,2.4E-6,0.029,0.029,0.0,340.0,1.2,0.0,0.0,2.5E7,1.0,7.1E8,
6.4E-39,0.0095,2800.0,2600.0,3400.0,3799999.9999999995,2000.0,1400.0,3100.0,200.0,600.0,0.15,3799999.9999999995,2.0E-6,0.029,0.029,0.0,330.0,1.2,0.0,0.0,2.7E7,1.0,7.1E8,
8.8E-39,0.015,5000.0,2100.0,3400.0,4600000.0,4600.0,1400.0,3100.0,200.0,600.0,0.16,4700000.0,2.4E-6,0.032,0.032,0.0,350.0,5.2,0.0,0.0,2.6E7,1.0,7.2E8,
8.699999999999999E-39,0.015,5000.0,2100.0,3400.0,4500000.0,4600.0,1400.0,3100.0,200.0,590.0,0.16,4500000.0,1.1E-5,0.031,0.031,0.0,350.0,5.1,0.0,0.0,2.5E7,1.0,7.2E8,
8.2E-39,0.014,5000.0,2100.0,3400.0,3899999.9999999995,4600.0,1400.0,3100.0,200.0,590.0,0.15,3999999.9999999995,1.2E-5,0.028,0.028,0.0,340.0,4.7,0.0,0.0,2.4E7,1.0,7.1E8,
8.1E-39,0.014,5000.0,2100.0,3400.0,3799999.9999999995,4600.0,1400.0,3100.0,200.0,590.0,0.15,3899999.9999999995,1.3E-5,0.027,0.027,0.0,340.0,4.7,0.0,0.0,2.2E7,1.0,7.1E8,
8.1E-39,0.014,5000.0,2100.0,3400.0,3799999.9999999995,4600.0,1400.0,3100.0,200.0,590.0,0.15,3899999.9999999995,1.4E-5,0.027,0.027,0.0,330.0,4.7,0.0,0.0,2.2E7,1.0,7.1E8,
8.1E-39,0.014,5000.0,2100.0,3400.0,3799999.9999999995,4600.0,1400.0,3100.0,200.0,590.0,0.15,3899999.9999999995,1.4E-5,0.027,0.027,0.0,330.0,4.7,0.0,0.0,2.2E7,1.0,7.1E8,
8.1E-39,0.014,5000.0,2100.0,3400.0,3799999.9999999995,4600.0,1400.0,3100.0,200.0,590.0,0.15,3899999.9999999995,1.3E-5,0.027,0.027,0.0,330.0,4.7,0.0,0.0,2.3E7,1.0,7.1E8,
8.1E-39,0.014,5000.0,2100.0,3400.0,3799999.9999999995,4600.0,1400.0,3100.0,200.0,590.0,0.15,3899999.9999999995,1.1E-5,0.027,0.027,0.0,330.0,4.7,0.0,0.0,2.4E7,1.0,7.1E8,
8.1E-39,0.014,5000.0,2100.0,3400.0,3799999.9999999995,4600.0,1400.0,3100.0,200.0,590.0,0.15,3899999.9999999995,9.5E-6,0.027,0.027,0.0,330.0,4.7,0.0,0.0,2.5E7,1.0,7.1E8,
8.1E-39,0.014,5000.0,2100.0,3400.0,3799999.9999999995,4600.0,1400.0,3100.0,200.0,590.0,0.15,3899999.9999999995,8.1E-6,0.027,0.027,0.0,320.0,4.7,0.0,0.0,2.6E7,1.0,7.1E8,
8.1E-39,0.014,5000.0,2100.0,3400.0,3799999.9999999995,4600.0,1400.0,3100.0,200.0,590.0,0.15,3899999.9999999995,6.9E-6,0.027,0.027,0.0,320.0,4.7,0.0,0.0,2.8E7,1.0,7.1E8,
8.1E-39,0.014,5000.0,2100.0,3400.0,3799999.9999999995,4600.0,1400.0,3100.0,200.0,590.0,0.15,3899999.9999999995,6.4E-6,0.027,0.027,0.0,320.0,4.7,0.0,0.0,2.9E7,1.0,7.1E8,
8.1E-39,0.014,5000.0,2100.0,3400.0,3799999.9999999995,4600.0,1400.0,3100.0,200.0,590.0,0.15,3899999.9999999995,8.0E-6,0.027,0.027,0.0,320.0,4.7,0.0,0.0,2.7E7,1.0,7.1E8,
8.1E-39,0.014,5000.0,2100.0,3400.0,3799999.9999999995,4600.0,1400.0,3100.0,200.0,590.0,0.15,3899999.9999999995,8.7E-6,0.027,0.027,0.0,320.0,4.7,0.0,0.0,2.6E7,1.0,7.1E8,
8.1E-39,0.014,5000.0,2100.0,3400.0,3799999.9999999995,4600.0,1400.0,3100.0,200.0,590.0,0.15,3899999.9999999995,8.5E-6,0.027,0.027,0.0,320.0,4.7,0.0,0.0,2.6E7,1.0,7.1E8,
8.1E-39,0.014,5000.0,2100.0,3400.0,3799999.9999999995,4600.0,1400.0,3100.0,200.0,590.0,0.15,3899999.9999999995,7.8E-6,0.027,0.027,0.0,320.0,4.7,0.0,0.0,2.7E7,1.0,7.1E8,
8.1E-39,0.014,5000.0,2100.0,3400.0,3799999.9999999995,4600.0,1400.0,3100.0,200.0,590.0,0.15,3899999.9999999995,7.0E-6,0.027,0.027,0.0,320.0,4.7,0.0,0.0,2.8E7,1.0,7.1E8,
8.1E-39,0.014,5000.0,2100.0,3400.0,3799999.9999999995,4600.0,1400.0,3100.0,200.0,590.0,0.15,3899999.9999999995,6.1E-6,0.027,0.027,0.0,320.0,4.7,0.0,0.0,2.9E7,1.0,7.1E8,
8.1E-39,0.014,5000.0,2100.0,3400.0,3799999.9999999995,4600.0,1400.0,3100.0,200.0,590.0,0.15,3899999.9999999995,5.4E-6,0.027,0.027,0.0,320.0,4.7,0.0,0.0,3.1E7,1.0,7.1E8,
8.1E-39,0.014,5000.0,2100.0,3400.0,3799999.9999999995,4600.0,1400.0,3100.0,200.0,590.0,0.15,3899999.9999999995,4.7E-6,0.027,0.027,0.0,310.0,4.7,0.0,0.0,3.2E7,1.0,7.1E8,
8.7E-38,0.08,9300.0,71000.0,4800.0,4500000.0,4600.0,1400.0,3100.0,200.0,590.0,0.16,4600000.0,2.3,0.087,0.087,0.0,330.0,5.1,0.0,0.0,3.0E7,1.0,7.2E8,
1.4E-38,0.013,1700.0,3400.0,4800.0,4500000.0,4500.0,1400.0,3100.0,200.0,590.0,0.15,4500000.0,5.0E-6,0.038,0.038,0.0,330.0,5.6,0.0,0.0,2.9E7,1.0,7.2E8,
1.4E-38,0.012,1700.0,3400.0,4800.0,4300000.0,4500.0,1400.0,3100.0,200.0,590.0,0.15,4400000.0,1.0E-5,0.037,0.037,0.0,330.0,5.5,0.0,0.0,2.6E7,1.0,7.2E8,
1.3E-38,0.012,1700.0,3400.0,4800.0,4099999.9999999995,4500.0,1400.0,3100.0,200.0,590.0,0.15,4200000.0,1.2E-5,0.036,0.036,0.0,330.0,5.4,0.0,0.0,2.5E7,1.0,7.2E8,
1.3E-38,0.012,1700.0,3400.0,4800.0,3799999.9999999995,4500.0,1300.0,3000.0,200.0,590.0,0.15,3899999.9999999995,1.3E-5,0.034,0.034,0.0,330.0,5.2,0.0,0.0,2.3E7,1.0,7.1E8,
1.3E-38,0.012,1700.0,3300.0,4800.0,3799999.9999999995,4500.0,1300.0,3000.0,200.0,590.0,0.15,3899999.9999999995,1.5E-5,0.034,0.034,0.0,320.0,5.2,0.0,0.0,2.2E7,1.0,7.1E8,
1.3E-38,0.012,1700.0,3300.0,4800.0,3799999.9999999995,4500.0,1300.0,3000.0,200.0,590.0,0.15,3899999.9999999995,1.6E-5,0.034,0.034,0.0,320.0,5.2,0.0,0.0,2.2E7,1.0,7.1E8,
1.3E-38,0.012,1700.0,3300.0,4800.0,3799999.9999999995,4500.0,1300.0,3000.0,200.0,590.0,0.15,3899999.9999999995,1.5E-5,0.034,0.034,0.0,320.0,5.2,0.0,0.0,2.2E7,1.0,7.1E8,
1.3E-38,0.012,1700.0,3300.0,4800.0,3799999.9999999995,4500.0,1300.0,3000.0,200.0,590.0,0.15,3899999.9999999995,1.3E-5,0.034,0.034,0.0,320.0,5.2,0.0,0.0,2.3E7,1.0,7.1E8,
1.3E-38,0.012,1700.0,3300.0,4800.0,3799999.9999999995,4500.0,1300.0,3000.0,200.0,590.0,0.15,3899999.9999999995,1.1E-5,0.034,0.034,0.0,320.0,5.2,0.0,0.0,2.5E7,1.0,7.1E8,
1.3E-38,0.012,1700.0,3300.0,4800.0,3799999.9999999995,4500.0,1300.0,3000.0,200.0,590.0,0.15,3899999.9999999995,9.7E-6,0.034,0.034,0.0,320.0,5.2,0.0,0.0,2.6E7,1.0,7.1E8,
1.3E-38,0.012,1700.0,3300.0,4800.0,3799999.9999999995,4500.0,1300.0,3000.0,200.0,590.0,0.15,3899999.9999999995,8.3E-6,0.034,0.034,0.0,320.0,5.2,0.0,0.0,2.7E7,1.0,7.1E8,
1.3E-38,0.012,1700.0,3300.0,4800.0,3799999.9999999995,4500.0,1300.0,3000.0,200.0,590.0,0.15,3899999.9999999995,7.1E-6,0.034,0.034,0.0,320.0,5.2,0.0,0.0,2.9E7,1.0,7.1E8,
1.3E-38,0.012,1700.0,3300.0,4800.0,3799999.9999999995,4500.0,1300.0,3000.0,200.0,590.0,0.15,3899999.9999999995,8.1E-6,0.034,0.034,0.0,320.0,5.2,0.0,0.0,2.8E7,1.0,7.1E8,
1.3E-38,0.012,1700.0,3300.0,4800.0,3799999.9999999995,4500.0,1300.0,3000.0,200.0,590.0,0.15,3899999.9999999995,9.4E-6,0.034,0.034,0.0,320.0,5.2,0.0,0.0,2.6E7,1.0,7.1E8,
1.3E-38,0.012,1700.0,3300.0,4800.0,3799999.9999999995,4500.0,1300.0,3000.0,200.0,590.0,0.15,3899999.9999999995,9.6E-6,0.034,0.034,0.0,310.0,5.2,0.0,0.0,2.6E7,1.0,7.1E8,
1.3E-38,0.012,1700.0,3300.0,4800.0,3799999.9999999995,4500.0,1300.0,3000.0,200.0,590.0,0.15,3899999.9999999995,9.1E-6,0.034,0.034,0.0,310.0,5.2,0.0,0.0,2.7E7,1.0,7.1E8,
1.3E-38,0.012,1700.0,3300.0,4800.0,3799999.9999999995,4500.0,1300.0,3000.0,200.0,590.0,0.15,3899999.9999999995,8.3E-6,0.034,0.034,0.0,310.0,5.2,0.0,0.0,2.8E7,1.0,7.1E8,
1.1E-37,0.17,1400.0,140000.0,35000.0,5000000.0,9400.0,1300.0,3000.0,200.0,1900.0,0.16,5200000.0,0.46,0.36,0.36,0.0,590.0,29.0,0.0,0.0,2.9E7,1.0,7.4E8,
5.4999999999999995E-39,0.0083,1400.0,1300.0,2400.0,4900000.0,1900.0,1300.0,3000.0,190.0,1800.0,0.15,4900000.0,1.0E-5,0.12,0.12,0.0,590.0,5.6,0.0,0.0,2.7E7,1.0,7.4E8,
5.2E-39,0.0079,1400.0,1300.0,2400.0,4400000.0,1900.0,1300.0,3000.0,190.0,1800.0,0.15,4400000.0,1.1E-5,0.11,0.11,0.0,590.0,5.3,0.0,0.0,2.6E7,1.0,7.4E8,
4.9E-39,0.0074,1400.0,1300.0,2400.0,3899999.9999999995,1800.0,1300.0,3000.0,190.0,1800.0,0.15,3899999.9999999995,1.2E-5,0.1,0.1,0.0,590.0,4.9,0.0,0.0,2.4E7,1.0,7.3E8,
4.7999999999999997E-39,0.0074,1400.0,1300.0,2400.0,3899999.9999999995,1800.0,1300.0,3000.0,190.0,1800.0,0.15,3899999.9999999995,1.4E-5,0.1,0.1,0.0,590.0,4.9,0.0,0.0,2.3E7,1.0,7.3E8,
4.7999999999999997E-39,0.0074,1400.0,1300.0,2400.0,3899999.9999999995,1800.0,1300.0,3000.0,190.0,1800.0,0.15,3899999.9999999995,1.5E-5,0.1,0.1,0.0,590.0,4.9,0.0,0.0,2.2E7,1.0,7.3E8,
4.7999999999999997E-39,0.0074,1400.0,1300.0,2400.0,3899999.9999999995,1800.0,1300.0,3000.0,190.0,1800.0,0.15,3899999.9999999995,1.5E-5,0.1,0.1,0.0,590.0,4.9,0.0,0.0,2.2E7,1.0,7.3E8,
4.7999999999999997E-39,0.0074,1400.0,1300.0,2400.0,3899999.9999999995,1800.0,1300.0,3000.0,190.0,1800.0,0.15,3899999.9999999995,1.3E-5,0.1,0.1,0.0,590.0,4.9,0.0,0.0,2.3E7,1.0,7.3E8,
4.7999999999999997E-39,0.0074,1400.0,1300.0,2400.0,3899999.9999999995,1800.0,1300.0,3000.0,190.0,1800.0,0.15,3899999.9999999995,1.1E-5,0.1,0.1,0.0,590.0,4.9,0.0,0.0,2.5E7,1.0,7.3E8,
4.7999999999999997E-39,0.0074,1400.0,1300.0,2400.0,3899999.9999999995,1800.0,1300.0,3000.0,190.0,1800.0,0.15,3899999.9999999995,9.8E-6,0.1,0.1,0.0,580.0,4.9,0.0,0.0,2.6E7,1.0,7.3E8,
4.7999999999999997E-39,0.0074,1400.0,1300.0,2400.0,3899999.9999999995,1800.0,1300.0,3000.0,190.0,1800.0,0.15,3899999.9999999995,8.3E-6,0.1,0.1,0.0,560.0,4.9,0.0,0.0,2.8E7,1.0,7.3E8,
4.7999999999999997E-39,0.0074,1400.0,1300.0,2400.0,3899999.9999999995,1800.0,1300.0,3000.0,190.0,1800.0,0.15,3899999.9999999995,7.1E-6,0.1,0.1,0.0,560.0,4.9,0.0,0.0,2.9E7,1.0,7.3E8,
4.7999999999999997E-39,0.0074,1400.0,1300.0,2400.0,3899999.9999999995,1800.0,1300.0,3000.0,190.0,1800.0,0.15,3899999.9999999995,7.1E-6,0.1,0.1,0.0,560.0,4.9,0.0,0.0,2.9E7,1.0,7.3E8,
4.7999999999999997E-39,0.0074,1400.0,1300.0,2400.0,3899999.9999999995,1800.0,1300.0,3000.0,190.0,1800.0,0.15,3899999.9999999995,8.6E-6,0.1,0.1,0.0,560.0,4.9,0.0,0.0,2.7E7,1.0,7.3E8,
4.7999999999999997E-39,0.0074,1400.0,1300.0,2400.0,3899999.9999999995,1800.0,1300.0,3000.0,190.0,1800.0,0.15,3899999.9999999995,9.1E-6,0.1,0.1,0.0,560.0,4.9,0.0,0.0,2.7E7,1.0,7.3E8,
4.7999999999999997E-39,0.0074,1400.0,1300.0,2400.0,3899999.9999999995,1800.0,1300.0,3000.0,190.0,1800.0,0.15,3899999.9999999995,8.8E-6,0.1,0.1,0.0,550.0,4.9,0.0,0.0,2.7E7,1.0,7.3E8,
4.7999999999999997E-39,0.0073,1400.0,1300.0,2400.0,3899999.9999999995,1800.0,1300.0,3000.0,190.0,1800.0,0.15,3899999.9999999995,9.8E-6,0.1,0.1,0.0,550.0,4.9,0.0,0.0,2.6E7,1.0,7.2E8,
6.000000000000001E-38,0.095,16000.0,130000.0,1500.0,5000000.0,8700.0,1300.0,3000.0,190.0,1800.0,0.15,5100000.0,1.4E-5,0.24,0.24,0.0,670.0,6.0,0.0,0.0,2.5E7,1.0,7.4E8,
4.7000000000000005E-38,0.073,16000.0,97000.0,1500.0,4900000.0,1100.0,1300.0,3000.0,190.0,1800.0,0.15,5100000.0,1.7E-5,0.2,0.2,0.0,670.0,5.9,0.0,0.0,2.3E7,1.0,7.4E8,
4.5E-39,0.0071,3500.0,3600.0,1500.0,4800000.0,1100.0,1300.0,3000.0,190.0,1800.0,0.15,4800000.0,1.7E-5,0.086,0.086,0.0,670.0,5.7,0.0,0.0,2.3E7,1.0,7.4E8,
4.3E-39,0.0067,3500.0,3600.0,1500.0,4300000.0,1100.0,1300.0,3000.0,190.0,1800.0,0.15,4400000.0,1.8E-5,0.08,0.08,0.0,670.0,5.3,0.0,0.0,2.2E7,1.0,7.4E8,
4.1E-39,0.0065,3500.0,3600.0,1500.0,3999999.9999999995,1100.0,1300.0,3000.0,190.0,1800.0,0.15,4099999.9999999995,1.9E-5,0.077,0.077,0.0,670.0,5.0,0.0,0.0,2.1E7,1.0,7.3E8,
4.1E-39,0.0064,3500.0,3600.0,1500.0,3899999.9999999995,1100.0,1300.0,3000.0,190.0,1800.0,0.15,3899999.9999999995,2.1E-5,0.075,0.075,0.0,660.0,4.9,0.0,0.0,2.0E7,1.0,7.3E8,
4.1E-39,0.0064,3500.0,3600.0,1500.0,3899999.9999999995,1100.0,1300.0,3000.0,190.0,1800.0,0.15,3899999.9999999995,2.2E-5,0.075,0.075,0.0,640.0,4.9,0.0,0.0,1.9E7,1.0,7.3E8,
4.1E-39,0.0064,3500.0,3600.0,1500.0,3899999.9999999995,1100.0,1300.0,3000.0,190.0,1800.0,0.15,3899999.9999999995,2.0E-5,0.075,0.075,0.0,640.0,4.9,0.0,0.0,2.0E7,1.0,7.3E8,
4.1E-39,0.0064,3500.0,3600.0,1500.0,3899999.9999999995,1100.0,1300.0,3000.0,190.0,1800.0,0.15,3899999.9999999995,1.8E-5,0.075,0.075,0.0,630.0,4.9,0.0,0.0,2.1E7,1.0,7.3E8,
4.1E-39,0.0064,3500.0,3600.0,1500.0,3899999.9999999995,1100.0,1300.0,3000.0,190.0,1800.0,0.15,3899999.9999999995,1.5E-5,0.075,0.075,0.0,630.0,4.9,0.0,0.0,2.2E7,1.0,7.3E8,
4.1E-39,0.0064,3500.0,3600.0,1500.0,3899999.9999999995,1100.0,1300.0,3000.0,190.0,1800.0,0.15,3899999.9999999995,1.3E-5,0.075,0.075,0.0,620.0,4.9,0.0,0.0,2.4E7,1.0,7.3E8,
4.1E-39,0.0064,3500.0,3600.0,1500.0,3899999.9999999995,1100.0,1300.0,3000.0,190.0,1800.0,0.15,3899999.9999999995,1.1E-5,0.075,0.075,0.0,620.0,4.9,0.0,0.0,2.5E7,1.0,7.3E8,
4.1E-39,0.0064,3500.0,3600.0,1500.0,3899999.9999999995,1100.0,1300.0,3000.0,190.0,1800.0,0.15,3899999.9999999995,9.0E-6,0.075,0.075,0.0,610.0,4.9,0.0,0.0,2.7E7,1.0,7.3E8,
4.1E-39,0.0064,3500.0,3600.0,1500.0,3899999.9999999995,1100.0,1300.0,3000.0,190.0,1800.0,0.15,3899999.9999999995,7.6E-6,0.075,0.075,0.0,610.0,4.9,0.0,0.0,2.8E7,1.0,7.3E8,
4.1E-39,0.0064,3500.0,3600.0,1500.0,3899999.9999999995,1100.0,1300.0,3000.0,190.0,1800.0,0.15,3899999.9999999995,9.5E-6,0.075,0.075,0.0,610.0,4.9,0.0,0.0,2.6E7,1.0,7.3E8,
4.1E-39,0.0064,3500.0,3600.0,1500.0,3899999.9999999995,1100.0,1300.0,3000.0,190.0,1800.0,0.15,3899999.9999999995,1.0E-5,0.075,0.075,0.0,610.0,4.9,0.0,0.0,2.5E7,1.0,7.3E8,
4.1E-39,0.0064,3500.0,3600.0,1500.0,3899999.9999999995,1100.0,1300.0,3000.0,190.0,1800.0,0.15,3899999.9999999995,1.0E-5,0.075,0.075,0.0,610.0,4.9,0.0,0.0,2.6E7,1.0,7.3E8,
4.1E-39,0.0064,3500.0,3600.0,1500.0,3899999.9999999995,1100.0,1300.0,3000.0,190.0,1800.0,0.15,3899999.9999999995,9.3E-6,0.075,0.075,0.0,600.0,4.9,0.0,0.0,2.6E7,1.0,7.3E8,
4.1E-39,0.0064,3500.0,3600.0,1500.0,3899999.9999999995,1100.0,1300.0,3000.0,190.0,1800.0,0.15,3899999.9999999995,8.2E-6,0.075,0.075,0.0,600.0,4.9,0.0,0.0,2.8E7,1.0,7.3E8,
4.1E-39,0.0064,3500.0,3600.0,1500.0,3899999.9999999995,1100.0,1300.0,3000.0,190.0,1800.0,0.15,3899999.9999999995,7.2E-6,0.075,0.075,0.0,590.0,4.9,0.0,0.0,2.9E7,1.0,7.3E8,
4.1E-39,0.0064,3500.0,3600.0,1500.0,3899999.9999999995,1100.0,1300.0,3000.0,190.0,1800.0,0.15,3899999.9999999995,6.2E-6,0.075,0.075,0.0,590.0,4.9,0.0,0.0,3.1E7,1.0,7.3E8,
4.1E-39,0.0064,3500.0,3600.0,1500.0,3899999.9999999995,1100.0,1300.0,3000.0,190.0,1800.0,0.15,3899999.9999999995,5.4E-6,0.075,0.075,0.0,590.0,4.9,0.0,0.0,3.2E7,1.0,7.3E8,
4.1E-39,0.0064,3500.0,3600.0,1500.0,3899999.9999999995,1100.0,1300.0,3000.0,190.0,1800.0,0.15,3899999.9999999995,6.3E-6,0.075,0.075,0.0,590.0,4.9,0.0,0.0,3.0E7,1.0,7.3E8,
4.1E-39,0.0064,3500.0,3600.0,1500.0,3899999.9999999995,1100.0,1300.0,3000.0,190.0,1800.0,0.15,3899999.9999999995,7.4E-6,0.075,0.075,0.0,590.0,4.9,0.0,0.0,2.9E7,1.0,7.3E8,
4.1E-39,0.0064,3500.0,3600.0,1500.0,3899999.9999999995,1100.0,1300.0,3000.0,190.0,1800.0,0.15,3899999.9999999995,7.8E-6,0.075,0.075,0.0,590.0,4.9,0.0,0.0,2.8E7,1.0,7.3E8,
4.1E-39,0.0064,3500.0,3600.0,1500.0,3899999.9999999995,1100.0,1300.0,3000.0,190.0,1800.0,0.15,3899999.9999999995,7.5E-6,0.075,0.075,0.0,580.0,4.9,0.0,0.0,2.9E7,1.0,7.3E8,
4.1E-39,0.0064,3500.0,3600.0,1500.0,3899999.9999999995,1100.0,1300.0,3000.0,190.0,1800.0,0.15,3899999.9999999995,6.8E-6,0.075,0.075,0.0,580.0,4.9,0.0,0.0,3.0E7,1.0,7.3E8,
4.1E-39,0.0064,3500.0,3600.0,1500.0,3899999.9999999995,1100.0,1300.0,3000.0,190.0,1800.0,0.15,3899999.9999999995,6.1E-6,0.075,0.075,0.0,580.0,4.9,0.0,0.0,3.1E7,1.0,7.3E8,
4.1E-39,0.0064,3500.0,3600.0,1500.0,3899999.9999999995,1100.0,1300.0,3000.0,190.0,1800.0,0.15,3899999.9999999995,5.4E-6,0.075,0.075,0.0,580.0,4.9,0.0,0.0,3.2E7,1.0,7.3E8,
4.1E-39,0.0064,3500.0,3600.0,1500.0,3899999.9999999995,1100.0,1300.0,3000.0,190.0,1800.0,0.15,3899999.9999999995,4.7E-6,0.075,0.075,0.0,570.0,4.9,0.0,0.0,3.4E7,1.0,7.3E8,
4.1E-39,0.0064,3500.0,3600.0,1500.0,3899999.9999999995,1100.0,1300.0,3000.0,190.0,1800.0,0.15,3899999.9999999995,4.9E-6,0.075,0.075,0.0,560.0,4.9,0.0,0.0,3.3E7,1.0,7.3E8,
4.1E-39,0.0064,3500.0,3600.0,1500.0,3899999.9999999995,1100.0,1300.0,3000.0,190.0,1800.0,0.15,3899999.9999999995,6.1E-6,0.075,0.075,0.0,560.0,4.9,0.0,0.0,3.1E7,1.0,7.3E8,
4.1E-39,0.0064,3500.0,3600.0,1500.0,3899999.9999999995,1100.0,1300.0,3000.0,190.0,1800.0,0.15,3899999.9999999995,6.8E-6,0.075,0.075,0.0,550.0,4.9,0.0,0.0,3.0E7,1.0,7.3E8,
5.4E-39,0.015,4200.0,660.0,6000.0,4900000.0,1100.0,1300.0,4600.0,190.0,1800.0,0.15,4900000.0,4.0E-6,0.077,0.077,0.0,600.0,26.0,0.0,0.0,2.9E7,1.0,7.5E8,
5.3E-39,0.015,4200.0,660.0,5900.0,4800000.0,1100.0,1300.0,4500.0,190.0,1800.0,0.15,4800000.0,4.6E-5,0.075,0.075,0.0,600.0,25.0,0.0,0.0,2.7E7,1.0,7.4E8,
5.0E-39,0.014,4200.0,660.0,5900.0,4200000.0,1100.0,1300.0,4500.0,190.0,1800.0,0.15,4200000.0,5.2E-5,0.069,0.069,0.0,590.0,24.0,0.0,0.0,2.5E7,1.0,7.4E8,
4.9E-39,0.014,4200.0,650.0,5900.0,3999999.9999999995,1100.0,1300.0,4500.0,190.0,1800.0,0.15,3999999.9999999995,6.2E-5,0.067,0.067,0.0,590.0,24.0,0.0,0.0,2.4E7,1.0,7.4E8,
4.9E-39,0.014,4200.0,650.0,5900.0,3899999.9999999995,1100.0,1300.0,4500.0,190.0,1800.0,0.15,3999999.9999999995,7.1E-5,0.066,0.066,0.0,570.0,23.0,0.0,0.0,2.2E7,1.0,7.4E8,
4.9E-39,0.014,4200.0,650.0,5900.0,3899999.9999999995,1100.0,1300.0,4500.0,190.0,1800.0,0.15,3999999.9999999995,7.4E-5,0.066,0.066,0.0,570.0,23.0,0.0,0.0,2.2E7,1.0,7.4E8,
4.9E-39,0.014,4200.0,650.0,5900.0,3899999.9999999995,1100.0,1300.0,4500.0,190.0,1800.0,0.15,3999999.9999999995,7.0E-5,0.066,0.066,0.0,560.0,23.0,0.0,0.0,2.3E7,1.0,7.4E8,
1.7E-38,0.05,20000.0,22000.0,23000.0,4700000.0,1100.0,1300.0,4500.0,190.0,1800.0,0.15,4800000.0,4.2,0.075,0.075,0.0,570.0,25.0,0.0,0.0,2.4E7,1.0,7.5E8,
3.3E-39,0.0095,2300.0,4800.0,310.0,4500000.0,1100.0,1300.0,4500.0,190.0,1800.0,0.15,4500000.0,1.5E-5,0.058,0.058,0.0,580.0,4.8,0.0,0.0,2.3E7,1.0,7.4E8,
3.2E-39,0.0092,2300.0,4800.0,310.0,4200000.0,1100.0,1300.0,4500.0,190.0,1800.0,0.15,4200000.0,1.5E-5,0.055,0.055,0.0,570.0,4.5,0.0,0.0,2.2E7,1.0,7.4E8,
3.1E-39,0.0091,2300.0,4800.0,310.0,4099999.9999999995,1100.0,1300.0,4500.0,190.0,1800.0,0.15,4099999.9999999995,1.7E-5,0.054,0.054,0.0,570.0,4.4,0.0,0.0,2.1E7,1.0,7.4E8,
3.1E-39,0.009,2300.0,4800.0,310.0,3899999.9999999995,1100.0,1300.0,4500.0,190.0,1800.0,0.15,3999999.9999999995,1.8E-5,0.053,0.053,0.0,560.0,4.3,0.0,0.0,2.0E7,1.0,7.4E8,
3.1E-39,0.009,2300.0,4800.0,310.0,3899999.9999999995,1100.0,1300.0,4500.0,190.0,1800.0,0.15,3999999.9999999995,1.8E-5,0.053,0.053,0.0,550.0,4.3,0.0,0.0,2.0E7,1.0,7.4E8,
3.1E-39,0.009,2300.0,4800.0,310.0,3899999.9999999995,1100.0,1300.0,4500.0,190.0,1800.0,0.15,3999999.9999999995,1.6E-5,0.053,0.053,0.0,550.0,4.3,0.0,0.0,2.1E7,1.0,7.4E8,
3.1E-39,0.009,2300.0,4800.0,310.0,3899999.9999999995,1100.0,1300.0,4500.0,190.0,1800.0,0.15,3999999.9999999995,1.4E-5,0.053,0.053,0.0,550.0,4.3,0.0,0.0,2.2E7,1.0,7.4E8,
1.8E-38,0.13,19000.0,76000.0,5300.0,4900000.0,1100.0,1300.0,4500.0,190.0,1800.0,0.15,5000000.0,16.0,0.12,0.12,0.0,570.0,8.0,0.0,0.0,2.3E7,1.0,7.5E8,
2.2E-39,0.015,1900.0,120.0,5200.0,4800000.0,1100.0,1300.0,4500.0,190.0,1800.0,0.15,4800000.0,6.1E-5,0.053,0.053,0.0,570.0,17.0,0.0,0.0,2.2E7,1.0,7.5E8,
2.1E-39,0.015,1900.0,120.0,5200.0,4500000.0,1100.0,1300.0,4500.0,190.0,1800.0,0.15,4500000.0,6.7E-5,0.051,0.051,0.0,560.0,17.0,0.0,0.0,2.1E7,1.0,7.5E8,
2.0E-39,0.014,1900.0,120.0,5200.0,4200000.0,1100.0,1300.0,4500.0,190.0,1800.0,0.15,4200000.0,6.9E-5,0.049,0.049,0.0,550.0,16.0,0.0,0.0,2.0E7,1.0,7.4E8,
2.0E-39,0.014,1900.0,120.0,5200.0,3899999.9999999995,1100.0,1300.0,4500.0,190.0,1800.0,0.15,3999999.9999999995,7.2E-5,0.047,0.047,0.0,550.0,16.0,0.0,0.0,2.0E7,1.0,7.4E8,
2.0E-39,0.014,1900.0,120.0,5200.0,3899999.9999999995,1100.0,1300.0,4400.0,190.0,1800.0,0.15,3999999.9999999995,7.8E-5,0.047,0.047,0.0,550.0,16.0,0.0,0.0,1.9E7,1.0,7.4E8,
2.0E-39,0.014,1900.0,120.0,5200.0,3899999.9999999995,1100.0,1300.0,4400.0,190.0,1800.0,0.15,3999999.9999999995,7.4E-5,0.047,0.047,0.0,550.0,16.0,0.0,0.0,1.9E7,1.0,7.4E8,
2.0E-39,0.014,1900.0,120.0,5200.0,3899999.9999999995,1100.0,1300.0,4400.0,190.0,1800.0,0.15,3999999.9999999995,6.5E-5,0.047,0.047,0.0,550.0,16.0,0.0,0.0,2.0E7,1.0,7.4E8,
2.0E-39,0.014,1900.0,120.0,5200.0,3899999.9999999995,1100.0,1300.0,4400.0,190.0,1800.0,0.15,3999999.9999999995,5.6E-5,0.047,0.047,0.0,550.0,16.0,0.0,0.0,2.1E7,1.0,7.4E8,
2.0E-39,0.014,1900.0,120.0,5200.0,3899999.9999999995,1100.0,1300.0,4400.0,190.0,1800.0,0.15,3999999.9999999995,4.6E-5,0.047,0.047,0.0,550.0,16.0,0.0,0.0,2.3E7,1.0,7.4E8,
2.0E-39,0.014,1900.0,120.0,5200.0,3899999.9999999995,1100.0,1300.0,4400.0,190.0,1800.0,0.15,3999999.9999999995,3.9E-5,0.047,0.047,0.0,540.0,16.0,0.0,0.0,2.4E7,1.0,7.4E8,
2.0E-39,0.014,1900.0,120.0,5200.0,3899999.9999999995,1100.0,1300.0,4400.0,190.0,1800.0,0.15,3999999.9999999995,3.2E-5,0.047,0.047,0.0,540.0,16.0,0.0,0.0,2.6E7,1.0,7.4E8,
2.0E-39,0.014,1900.0,120.0,5200.0,3899999.9999999995,1100.0,1300.0,4400.0,190.0,1800.0,0.15,3999999.9999999995,2.7E-5,0.047,0.047,0.0,530.0,16.0,0.0,0.0,2.8E7,1.0,7.4E8,
2.0E-39,0.014,1900.0,120.0,5200.0,3899999.9999999995,1100.0,1300.0,4400.0,190.0,1800.0,0.15,3999999.9999999995,3.0E-5,0.047,0.047,0.0,530.0,16.0,0.0,0.0,2.7E7,1.0,7.4E8,
