cMHCIEnEr,cMHCIEnPm,cMHCIEnRabA,cMHCIEnRabB,cMHCIEnRabC,cMHCIEnRabD,cMHCIEnRabE,cMHCIEnRabF,cMHCIEnRabG,cMHCIEnRabH,cMHCIEnRabI,exCxEnEr,exCxEnPm,exCxEnRabA,exCxEnRabB,exCxEnRabC,exCxEnRabD,exCxEnRabE,exCxEnRabF,exCxEnRabG,exCxEnRabH,exCxEnRabI,imCxEnEr,imCxEnPm,imCxEnRabA,imCxEnRabB,imCxEnRabC,imCxEnRabD,imCxEnRabE,imCxEnRabF,imCxEnRabG,imCxEnRabH,imCxEnRabI,membraneMarkerEr,membraneMarkerPm,membraneMarkerRabA,membraneMarkerRabB,membraneMarkerRabC,membraneMarkerRabD,membraneMarkerRabE,membraneMarkerRabF,membraneMarkerRabG,membraneMarkerRabH,membraneMarkerRabI,mvbEr,mvbPm,mvbRabA,mvbRabB,mvbRabC,mvbRabD,mvbRabE,mvbRabF,mvbRabG,mvbRabH,mvbRabI,oMHCIEnEr,oMHCIEnPm,oMHCIEnRabA,oMHCIEnRabB,oMHCIEnRabC,oMHCIEnRabD,oMHCIEnRabE,oMHCIEnRabF,oMHCIEnRabG,oMHCIEnRabH,oMHCIEnRabI,ovaCyCy,ovaEnEr,ovaEnPm,ovaEnRabA,ovaEnRabB,ovaEnRabC,ovaEnRabD,ovaEnRabE,ovaEnRabF,ovaEnRabG,ovaEnRabH,ovaEnRabI,pepCyCy,pepEnEr,pepEnPm,pepEnRabA,pepEnRabB,pepEnRabC,pepEnRabD,pepEnRabE,pepEnRabF,pepEnRabG,pepEnRabH,pepEnRabI,pepMHCIEnEr,pepMHCIEnPm,pepMHCIEnRabA,pepMHCIEnRabB,pepMHCIEnRabC,pepMHCIEnRabD,pepMHCIEnRabE,pepMHCIEnRabF,pepMHCIEnRabG,pepMHCIEnRabH,pepMHCIEnRabI,protonCyCy,protonEnEr,protonEnPm,protonEnRabA,protonEnRabB,protonEnRabC,protonEnRabD,protonEnRabE,protonEnRabF,protonEnRabG,protonEnRabH,protonEnRabI,R-TfaEnEr,R-TfaEnPm,R-TfaEnRabA,R-TfaEnRabB,R-TfaEnRabC,R-TfaEnRabD,R-TfaEnRabE,R-TfaEnRabF,R-TfaEnRabG,R-TfaEnRabH,R-TfaEnRabI,R-TfEnPm,REnEr,REnPm,REnRabA,REnRabB,REnRabC,REnRabD,REnRabE,REnRabF,REnRabG,REnRabH,REnRabI,solubleMarkerEr,solubleMarkerPm,solubleMarkerRabA,solubleMarkerRabB,solubleMarkerRabC,solubleMarkerRabD,solubleMarkerRabE,solubleMarkerRabF,solubleMarkerRabG,solubleMarkerRabH,solubleMarkerRabI,TfaEnEr,TfaEnPm,TfaEnRabA,TfaEnRabB,TfaEnRabC,TfaEnRabD,TfaEnRabE,TfaEnRabF,TfaEnRabG,TfaEnRabH,TfaEnRabI,
0.0,4844.0,373.2,693.8,324.0,7.087,30.76,39.53,36.31,50.96,59.21,0.0,257.0,0.7634,9.818,8.214,2.684,7.274,16.77,15.59,34.38,26.1,0.0,257.0,0.7634,9.818,8.214,2.684,7.274,16.77,15.59,34.38,26.1,0.0,0.0,0.0,0.0,0.0,0.0,0.0,0.0,0.0,0.0,0.0,0.0,0.0,27.1,10.69,7.076,335.4,3.172,2.85,3.602,3.247,4.875,0.0,4.96E-5,21.98,26.86,234.0,128.2,0.4818,0.6876,1.126,0.8766,1.183,0.0,0.0,0.0,0.0,0.0,0.0,0.0,0.0,0.0,0.0,0.0,0.0,0.0,0.0,0.0,0.0,0.0,0.0,0.0,0.0,0.0,0.0,0.0,0.0,0.0,0.0,0.0,0.0,0.0,0.0,0.0,0.0,0.0,0.0,0.0,1.0E-4,0.0,0.0,50270.0,19290.0,19350.0,988100.0,10070.0,13140.0,8063.0,10610.0,11150.0,0.0,8.59E-35,6.590000000000001E-34,2.914E-33,1.097E-33,4.685E-34,1.4429999999999999E-33,1.8240000000000002E-32,2.2180000000000003E-34,9.135999999999999E-33,5.167000000000001E-34,2.08E-35,0.0,17.61,28.39,75.38,29.26,3.96,2.009,3.882,3.645,4.98,5.912,0.0,0.0,1.0,0.0,0.0,0.0,0.0,0.0,0.0,0.0,0.0,0.0,1.0E-5,9.161,4.927,2.016,12.98,1.073,0.7809,0.2136,0.489,0.2288,
0.0,4858.0,377.9,684.7,317.7,6.867,30.76,39.57,36.31,50.98,59.21,0.0,257.1,0.839,9.845,7.921,2.347,7.272,16.76,15.59,34.38,26.09,0.0,257.1,0.839,9.845,7.921,2.347,7.272,16.76,15.59,34.38,26.09,0.0,0.0,0.0,0.0,0.0,0.0,0.0,0.0,0.0,0.0,0.0,0.0,0.0,65.99,15.98,8.255,288.6,2.859,2.164,2.976,2.843,4.362,0.0,1.712E-4,20.3,23.19,214.2,130.1,0.4643,0.5632,1.013,0.7389,1.031,0.0,0.0,0.0,0.0,0.0,0.0,0.0,0.0,0.0,0.0,0.0,0.0,0.0,0.0,0.0,0.0,0.0,0.0,0.0,0.0,0.0,0.0,0.0,0.0,0.0,0.0,0.0,0.0,0.0,0.0,0.0,0.0,0.0,0.0,0.0,1.0E-4,0.0,84.34,111500.0,20270.0,19770.0,871500.0,9241.0,11630.0,7033.0,9648.0,10120.0,0.0,1.193E-34,6.824000000000001E-34,2.792E-33,1.087E-33,4.7990000000000004E-34,1.385E-33,1.8240000000000002E-32,2.204E-34,9.135E-33,5.154E-34,2.08E-35,0.0,18.92,28.68,73.44,28.03,4.167,2.009,3.875,3.637,4.969,5.899,0.0,0.0,1.0,0.0,0.0,0.0,0.0,0.0,0.0,0.0,0.0,0.0,0.07193,9.005,4.797,2.013,12.99,1.069,0.7684,0.2059,0.478,0.2179,
0.0,4865.0,376.1,675.9,291.5,1.193,30.73,39.58,36.31,50.98,59.21,0.0,257.4,0.8058,10.11,7.367,2.229,7.257,16.76,15.59,34.38,26.09,0.0,257.4,0.8058,10.11,7.367,2.229,7.257,16.76,15.59,34.38,26.09,0.0,0.0,0.0,0.0,0.0,0.0,0.0,0.0,0.0,0.0,0.0,0.0,0.0,44.57,11.48,9.683,312.9,2.711,2.697,3.5,3.441,5.032,0.0,1.736E-4,16.97,38.7,231.6,129.5,0.4683,0.6186,1.086,0.8121,1.128,0.0,0.0,0.0,0.0,0.0,0.0,0.0,0.0,0.0,0.0,0.0,0.0,0.0,0.0,0.0,0.0,0.0,0.0,0.0,0.0,0.0,0.0,0.0,0.0,0.0,0.0,0.0,0.0,0.0,0.0,0.0,0.0,0.0,0.0,0.0,1.231E-4,0.0,148.8,102100.0,14750.0,18560.0,854300.0,8924.0,11610.0,7166.0,9751.0,10260.0,0.0,1.202E-34,7.002E-34,2.781E-33,1.087E-33,4.614E-34,1.3189999999999999E-33,1.8240000000000002E-32,2.1890000000000003E-34,9.133999999999999E-33,5.143E-34,2.08E-35,0.0,19.32,29.24,73.04,28.03,3.451,2.004,3.871,3.633,4.965,5.893,0.0,0.0,1.0,0.0,0.0,0.0,0.0,0.0,0.0,0.0,0.0,0.0,0.1019,8.377,4.703,2.002,13.11,1.052,0.7737,0.2114,0.4839,0.2239,
0.0,4865.0,375.7,643.5,330.8,0.828,30.64,39.55,36.31,50.99,59.21,0.0,257.4,0.6059,10.57,7.105,2.149,7.25,16.76,15.58,34.26,26.2,0.0,257.4,0.6059,10.57,7.105,2.149,7.25,16.76,15.58,34.26,26.2,0.0,0.0,0.0,0.0,0.0,0.0,0.0,0.0,0.0,0.0,0.0,0.0,0.0,53.01,11.58,9.455,306.0,2.675,2.628,3.386,3.349,4.906,0.0,1.737E-4,16.73,35.15,228.2,128.0,0.4638,0.5992,1.062,0.7876,1.096,0.0,0.0,0.0,0.0,0.0,0.0,0.0,0.0,0.0,0.0,0.0,0.0,0.0,0.0,0.0,0.0,0.0,0.0,0.0,0.0,0.0,0.0,0.0,0.0,0.0,0.0,0.0,0.0,0.0,0.0,0.0,0.0,0.0,0.0,0.0,1.21E-4,0.0,212.4,124400.0,14600.0,17170.0,837100.0,8745.0,11390.0,6921.0,9494.0,9879.0,0.0,1.202E-34,6.766000000000001E-34,2.667E-33,1.2159999999999999E-33,4.607E-34,1.256E-33,1.8240000000000002E-32,2.177E-34,9.133E-33,5.133E-34,2.08E-35,0.0,19.33,28.41,71.03,30.83,3.427,1.996,3.869,3.633,4.965,5.892,0.0,0.0,1.0,0.0,0.0,0.0,0.0,0.0,0.0,0.0,0.0,0.0,0.118,8.332,4.649,2.089,12.72,1.034,0.7664,0.207,0.4788,0.2162,
0.0,4865.0,379.2,622.2,339.5,0.7525,30.64,39.54,36.51,51.05,58.95,0.0,257.4,0.677,10.76,6.84,2.062,7.249,16.76,13.58,25.88,36.58,0.0,257.4,0.677,10.76,6.84,2.062,7.249,16.76,13.58,25.88,36.58,0.0,0.0,0.0,0.0,0.0,0.0,0.0,0.0,0.0,0.0,0.0,0.0,0.0,53.64,11.72,9.244,298.0,2.614,2.539,3.289,3.242,4.759,0.0,1.737E-4,21.54,34.36,233.0,124.1,0.4488,0.582,1.011,0.753,1.038,0.0,0.0,0.0,0.0,0.0,0.0,0.0,0.0,0.0,0.0,0.0,0.0,0.0,0.0,0.0,0.0,0.0,0.0,0.0,0.0,0.0,0.0,0.0,0.0,0.0,0.0,0.0,0.0,0.0,0.0,0.0,0.0,0.0,0.0,0.0,1.0E-4,0.0,260.4,146600.0,15300.0,15980.0,824900.0,8648.0,11350.0,6657.0,9314.0,9504.0,0.0,1.202E-34,6.992E-34,2.6069999999999997E-33,1.244E-33,4.596E-34,1.189E-33,1.8240000000000002E-32,2.1620000000000003E-34,9.133E-33,5.123E-34,2.08E-35,0.0,19.33,28.96,69.96,31.36,3.386,1.996,3.869,3.652,4.971,5.866,0.0,0.0,1.0,0.0,0.0,0.0,0.0,0.0,0.0,0.0,0.0,0.0,0.118,8.333,4.602,2.111,12.03,1.027,0.76,0.1984,0.4707,0.2047,
0.0,4894.0,370.1,622.6,302.3,0.8002,30.64,39.51,36.51,51.03,58.95,0.0,257.5,0.5864,11.66,5.929,2.033,7.249,16.76,13.58,25.88,36.58,0.0,257.5,0.5864,11.66,5.929,2.033,7.249,16.76,13.58,25.88,36.58,0.0,0.0,0.0,0.0,0.0,0.0,0.0,0.0,0.0,0.0,0.0,0.0,0.0,52.76,9.226,12.0,287.3,2.523,2.423,3.162,3.101,4.561,0.0,0.002667,18.91,27.68,256.0,125.8,0.4472,0.5957,0.9999,0.7528,1.022,0.0,0.0,0.0,0.0,0.0,0.0,0.0,0.0,0.0,0.0,0.0,0.0,0.0,0.0,0.0,0.0,0.0,0.0,0.0,0.0,0.0,0.0,0.0,0.0,0.0,0.0,0.0,0.0,0.0,0.0,0.0,0.0,0.0,0.0,0.0,1.016E-4,0.0,424.0,164500.0,13540.0,18220.0,843300.0,8698.0,11670.0,6755.0,9526.0,9612.0,0.0,1.972E-34,6.723000000000001E-34,2.601E-33,1.1959999999999999E-33,4.5220000000000005E-34,1.136E-33,1.8240000000000002E-32,2.1510000000000002E-34,9.131999999999999E-33,5.115E-34,2.08E-35,0.0,21.85,27.88,70.19,29.79,3.269,1.995,3.868,3.652,4.971,5.865,0.0,0.0,1.0,0.0,0.0,0.0,0.0,0.0,0.0,0.0,0.0,0.0,0.2911,8.189,4.373,2.315,11.7,1.021,0.7578,0.1954,0.4677,0.1994,
0.0,4908.0,375.5,586.8,319.2,0.7583,30.64,39.48,36.51,51.02,58.95,0.0,257.5,0.757,11.41,5.934,1.972,7.248,16.76,13.58,25.88,36.58,0.0,257.5,0.757,11.41,5.934,1.972,7.248,16.76,13.58,25.88,36.58,0.0,0.0,0.0,0.0,0.0,0.0,0.0,0.0,0.0,0.0,0.0,0.0,0.0,52.61,9.524,12.62,281.8,2.411,2.381,3.114,3.044,4.458,0.0,0.002742,10.91,19.38,267.6,124.0,0.4447,0.6031,0.9769,0.7425,0.9917,0.0,0.0,0.0,0.0,0.0,0.0,0.0,0.0,0.0,0.0,0.0,0.0,0.0,0.0,0.0,0.0,0.0,0.0,0.0,0.0,0.0,0.0,0.0,0.0,0.0,0.0,0.0,0.0,0.0,0.0,0.0,0.0,0.0,0.0,0.0,1.135E-4,0.0,487.4,179300.0,13570.0,18480.0,865000.0,8878.0,11970.0,6867.0,9730.0,9757.0,0.0,2.5130000000000002E-34,7.005E-34,2.4119999999999998E-33,1.2809999999999999E-33,4.516E-34,1.095E-33,1.8240000000000002E-32,2.1420000000000002E-34,9.131999999999999E-33,5.1090000000000005E-34,2.08E-35,0.0,23.15,28.4,66.75,31.07,3.248,1.995,3.868,3.651,4.971,5.865,0.0,0.0,1.0,0.0,0.0,0.0,0.0,0.0,0.0,0.0,0.0,0.0,0.3448,8.164,4.321,2.333,11.43,1.019,0.7551,0.1923,0.4643,0.1945,
0.0,4908.0,375.3,587.0,329.5,0.739,28.76,39.44,36.51,50.99,58.94,0.0,257.5,0.7118,11.4,5.938,1.954,7.299,16.76,13.58,25.88,36.58,0.0,257.5,0.7118,11.4,5.938,1.954,7.299,16.76,13.58,25.88,36.58,0.0,0.0,0.0,0.0,0.0,0.0,0.0,0.0,0.0,0.0,0.0,0.0,0.0,52.12,9.498,12.2,264.9,2.26,2.199,2.914,2.823,4.144,0.0,0.002742,11.14,18.31,260.1,124.0,0.4445,0.6506,0.9771,0.7668,0.9921,0.0,0.0,0.0,0.0,0.0,0.0,0.0,0.0,0.0,0.0,0.0,0.0,0.0,0.0,0.0,0.0,0.0,0.0,0.0,0.0,0.0,0.0,0.0,0.0,0.0,0.0,0.0,0.0,0.0,0.0,0.0,0.0,0.0,0.0,0.0,1.113E-4,0.0,513.8,196800.0,13870.0,19070.0,898300.0,9115.0,12470.0,7106.0,10120.0,10080.0,0.0,2.5130000000000002E-34,6.819E-34,2.421E-33,1.292E-33,4.516E-34,1.038E-33,1.8240000000000002E-32,2.132E-34,9.131E-33,5.1020000000000006E-34,2.08E-35,0.0,23.15,28.29,66.79,31.34,3.246,1.804,3.868,3.651,4.971,5.865,0.0,0.0,1.0,0.0,0.0,0.0,0.0,0.0,0.0,0.0,0.0,0.0,0.3448,8.159,4.319,2.319,11.24,1.027,0.7539,0.1905,0.4626,0.1914,
0.0,4922.0,369.5,569.5,322.8,0.729,28.76,39.37,36.5,51.18,58.72,0.0,257.5,0.684,11.34,5.922,2.014,7.299,16.76,13.58,25.42,37.03,0.0,257.5,0.684,11.34,5.922,2.014,7.299,16.76,13.58,25.42,37.03,0.0,0.0,0.0,0.0,0.0,0.0,0.0,0.0,0.0,0.0,0.0,0.0,0.0,51.85,9.474,12.04,255.0,2.091,2.113,2.817,2.711,3.957,0.0,0.002805,12.73,27.87,251.0,137.1,0.4438,0.7041,0.9659,0.7872,0.9777,0.0,0.0,0.0,0.0,0.0,0.0,0.0,0.0,0.0,0.0,0.0,0.0,0.0,0.0,0.0,0.0,0.0,0.0,0.0,0.0,0.0,0.0,0.0,0.0,0.0,0.0,0.0,0.0,0.0,0.0,0.0,0.0,0.0,0.0,0.0,1.109E-4,0.0,541.7,213400.0,17280.0,19950.0,922600.0,9276.0,12880.0,7268.0,10410.0,10240.0,0.0,3.216E-34,6.725E-34,2.416E-33,1.2159999999999999E-33,4.624E-34,9.965E-34,1.8240000000000002E-32,2.123E-34,9.131E-33,5.096E-34,2.08E-35,0.0,24.44,27.93,66.66,29.97,3.793,1.804,3.868,3.651,4.992,5.843,0.0,0.0,1.0,0.0,0.0,0.0,0.0,0.0,0.0,0.0,0.0,0.0,0.3785,8.155,4.307,2.278,10.97,1.023,0.7512,0.1875,0.458,0.1873,
0.0,4922.0,352.5,518.5,353.4,0.7331,28.76,39.43,36.51,51.21,58.72,0.0,257.5,0.659,11.33,5.861,1.901,7.298,16.76,13.58,25.42,37.03,0.0,257.5,0.659,11.33,5.861,1.901,7.298,16.76,13.58,25.42,37.03,0.0,0.0,0.0,0.0,0.0,0.0,0.0,0.0,0.0,0.0,0.0,0.0,0.0,53.54,10.76,11.96,239.1,1.913,1.938,2.624,2.494,3.642,0.0,0.002805,28.39,45.47,228.9,149.4,0.4402,0.6364,0.9535,0.745,0.9598,0.0,0.0,0.0,0.0,0.0,0.0,0.0,0.0,0.0,0.0,0.0,0.0,0.0,0.0,0.0,0.0,0.0,0.0,0.0,0.0,0.0,0.0,0.0,0.0,0.0,0.0,0.0,0.0,0.0,0.0,0.0,0.0,0.0,0.0,0.0,1.0E-4,0.0,552.7,224000.0,20520.0,20440.0,897200.0,8868.0,12570.0,7188.0,10220.0,10080.0,0.0,3.216E-34,6.461E-34,2.267E-33,1.258E-33,5.052000000000001E-34,9.518E-34,1.8240000000000002E-32,2.113E-34,9.13E-33,5.089E-34,2.08E-35,0.0,24.44,27.29,65.01,30.51,4.099,1.804,3.868,3.651,4.992,5.842,0.0,0.0,1.0,0.0,0.0,0.0,0.0,0.0,0.0,0.0,0.0,0.0,0.3785,8.212,4.145,2.275,10.99,1.022,0.75,0.1862,0.4565,0.1851,
0.0,4932.0,301.1,573.3,368.6,0.7311,28.77,40.36,36.18,50.77,58.64,0.0,257.5,0.7077,11.28,5.855,1.858,7.298,17.08,18.61,22.1,35.0,0.0,257.5,0.7077,11.28,5.855,1.858,7.298,17.08,18.61,22.1,35.0,0.0,0.0,0.0,0.0,0.0,0.0,0.0,0.0,0.0,0.0,0.0,0.0,0.0,61.18,10.12,11.88,237.3,1.885,1.921,2.606,2.473,3.609,0.0,0.002826,27.9,43.37,202.7,147.7,0.4371,0.5612,0.9299,0.6922,0.9276,0.0,0.0,0.0,0.0,0.0,0.0,0.0,0.0,0.0,0.0,0.0,0.0,0.0,0.0,0.0,0.0,0.0,0.0,0.0,0.0,0.0,0.0,0.0,0.0,0.0,0.0,0.0,0.0,0.0,0.0,0.0,0.0,0.0,0.0,0.0,1.0E-4,0.0,627.3,223700.0,19790.0,20040.0,855000.0,8267.0,11980.0,6833.0,9738.0,9545.0,0.0,3.681E-34,5.942E-34,2.3149999999999998E-33,1.203E-33,5.047E-34,9.156E-34,1.823E-32,2.105E-34,9.13E-33,5.083E-34,2.08E-35,0.0,25.34,23.29,69.08,29.52,4.08,1.804,3.955,3.618,4.946,5.833,0.0,0.0,0.9981,0.001221,7.289E-4,0.0,0.0,0.0,0.0,0.0,0.0,0.0,0.4049,8.633,3.736,2.223,10.72,1.019,0.7382,0.1851,0.4592,0.1815,
0.0,4952.0,299.5,555.8,370.3,0.7342,28.75,40.36,36.18,50.78,58.64,0.0,257.5,1.14,10.85,5.682,2.008,7.293,16.8,9.277,19.8,46.92,0.0,257.5,1.14,10.85,5.682,2.008,7.293,16.8,9.277,19.8,46.92,0.0,0.0,0.0,0.0,0.0,0.0,0.0,0.0,0.0,0.0,0.0,0.0,0.0,61.33,12.26,10.16,236.8,1.884,1.91,2.594,2.46,3.593,0.0,0.002863,27.07,50.12,195.8,146.2,0.4369,0.5512,0.9298,0.687,0.9273,0.0,0.0,0.0,0.0,0.0,0.0,0.0,0.0,0.0,0.0,0.0,0.0,0.0,0.0,0.0,0.0,0.0,0.0,0.0,0.0,0.0,0.0,0.0,0.0,0.0,0.0,0.0,0.0,0.0,0.0,0.0,0.0,0.0,0.0,0.0,1.241E-4,0.0,715.8,222800.0,25220.0,17850.0,829700.0,8141.0,11660.0,6567.0,9424.0,9173.0,0.0,4.609E-34,5.9880000000000006E-34,2.286E-33,1.109E-33,5.151E-34,8.815E-34,1.823E-32,2.096E-34,9.13E-33,5.078E-34,2.08E-35,0.0,27.14,23.44,68.21,28.08,4.354,1.802,3.955,3.618,4.946,5.833,0.0,0.0,0.9981,0.001221,7.289E-4,0.0,0.0,0.0,0.0,0.0,0.0,0.0,0.4615,8.68,3.845,2.022,10.67,1.015,0.7371,0.1855,0.459,0.1797,
0.0,4962.0,284.4,574.9,366.4,0.7323,28.75,40.35,36.18,50.77,58.64,0.0,257.5,1.141,11.11,5.423,1.983,7.293,16.8,9.277,19.8,46.92,0.0,257.5,1.141,11.11,5.423,1.983,7.293,16.8,9.277,19.8,46.92,0.0,0.0,0.0,0.0,0.0,0.0,0.0,0.0,0.0,0.0,0.0,0.0,0.0,61.35,11.23,11.58,238.3,1.912,1.915,2.6,2.468,3.61,0.0,0.002882,27.02,49.88,186.2,146.0,0.4358,0.563,0.9296,0.6929,0.9268,0.0,0.0,0.0,0.0,0.0,0.0,0.0,0.0,0.0,0.0,0.0,0.0,0.0,0.0,0.0,0.0,0.0,0.0,0.0,0.0,0.0,0.0,0.0,0.0,0.0,0.0,0.0,0.0,0.0,0.0,0.0,0.0,0.0,0.0,0.0,1.2E-4,0.0,773.7,229000.0,24350.0,17530.0,833000.0,8297.0,11700.0,6548.0,9437.0,9180.0,0.0,5.072E-34,5.982E-34,2.259E-33,1.076E-33,5.136E-34,8.497E-34,1.823E-32,2.0880000000000002E-34,9.129E-33,5.0730000000000005E-34,2.08E-35,0.0,28.04,22.32,69.03,27.44,4.299,1.802,3.955,3.618,4.946,5.833,0.0,0.0,0.9981,0.001221,7.289E-4,0.0,0.0,0.0,0.0,0.0,0.0,0.0,0.4879,8.668,3.805,2.053,10.67,1.015,0.7369,0.1853,0.4587,0.1794,
0.0,4962.0,308.0,522.9,400.8,0.7292,28.75,40.32,36.18,50.76,58.64,0.0,257.6,1.4,11.64,4.573,1.983,7.293,16.8,9.277,19.8,46.91,0.0,257.6,1.4,11.64,4.573,1.983,7.293,16.8,9.277,19.8,46.91,0.0,0.0,0.0,0.0,0.0,0.0,0.0,0.0,0.0,0.0,0.0,0.0,0.0,61.32,11.26,11.58,238.3,1.912,1.915,2.6,2.468,3.61,0.0,26.91,27.04,49.78,153.3,146.0,0.4365,0.5918,0.9299,0.7078,0.9276,0.0,0.0,0.0,0.0,0.0,0.0,0.0,0.0,0.0,0.0,0.0,0.0,0.0,0.0,0.0,0.0,0.0,0.0,0.0,0.0,0.0,0.0,0.0,0.0,0.0,0.0,0.0,0.0,0.0,0.0,0.0,0.0,0.0,0.0,0.0,1.168E-4,0.0,1018.0,239100.0,24270.0,17390.0,849200.0,8557.0,11940.0,6649.0,9610.0,9344.0,0.0,5.103E-34,6.998E-34,1.926E-33,1.293E-33,5.136E-34,8.202000000000001E-34,1.823E-32,2.08E-34,9.129E-33,5.069E-34,2.08E-35,0.0,28.53,24.25,63.78,30.27,4.299,1.802,3.955,3.618,4.946,5.833,0.0,0.0,0.9981,0.001221,7.289E-4,0.0,0.0,0.0,0.0,0.0,0.0,0.0,0.5069,8.595,3.787,2.122,10.62,1.015,0.7362,0.1846,0.4579,0.1785,
0.0,4962.0,274.6,542.8,395.3,0.7258,24.9,40.04,36.13,49.58,58.25,0.0,257.6,1.144,12.38,4.135,1.985,8.05,16.66,9.116,19.55,46.65,0.0,257.6,1.144,12.38,4.135,1.985,8.05,16.66,9.116,19.55,46.65,0.0,0.0,0.0,0.0,0.0,0.0,0.0,0.0,0.0,0.0,0.0,0.0,0.0,61.17,11.22,11.43,239.0,1.824,1.909,2.475,2.429,3.525,0.0,26.91,26.78,57.54,170.2,146.6,0.3611,0.6323,0.8215,0.6975,0.8543,0.0,0.0,0.0,0.0,0.0,0.0,0.0,0.0,0.0,0.0,0.0,0.0,0.0,0.0,0.0,0.0,0.0,0.0,0.0,0.0,0.0,0.0,0.0,0.0,0.0,0.0,0.0,0.0,0.0,0.0,0.0,0.0,0.0,0.0,0.0,1.0E-4,0.0,1164.0,250300.0,24990.0,17390.0,871700.0,8441.0,12320.0,6372.0,9774.0,9291.0,0.0,5.104E-34,5.992000000000001E-34,2.014E-33,1.2959999999999999E-33,5.137E-34,7.908E-34,1.823E-32,2.0720000000000003E-34,9.128E-33,5.063E-34,2.08E-35,0.0,28.54,21.54,65.95,31.02,4.303,1.666,3.945,3.615,4.898,5.817,0.0,0.0,0.9981,0.001221,7.289E-4,0.0,0.0,0.0,0.0,0.0,0.0,0.0,0.6108,8.446,3.789,2.099,10.6,1.043,0.7346,0.1779,0.4556,0.1727,
0.0,4962.0,274.2,545.2,407.3,0.7225,25.16,39.81,36.1,49.52,58.22,0.0,257.6,1.144,12.38,4.135,1.962,8.287,16.05,9.224,19.68,46.79,0.0,257.6,1.144,12.38,4.135,1.962,8.287,16.05,9.224,19.68,46.79,0.0,0.0,0.0,0.0,0.0,0.0,0.0,0.0,0.0,0.0,0.0,0.0,0.0,61.75,11.23,11.5,239.2,1.848,1.922,2.52,2.453,3.563,0.0,26.91,27.41,54.59,158.8,145.1,0.382,0.6874,0.8395,0.7273,0.8605,0.0,0.0,0.0,0.0,0.0,0.0,0.0,0.0,0.0,0.0,0.0,0.0,0.0,0.0,0.0,0.0,0.0,0.0,0.0,0.0,0.0,0.0,0.0,0.0,0.0,0.0,0.0,0.0,0.0,0.0,0.0,0.0,0.0,0.0,0.0,1.159E-4,0.0,1229.0,266000.0,25490.0,17670.0,875400.0,8650.0,12770.0,6456.0,10080.0,9518.0,0.0,5.104E-34,5.991E-34,2.0049999999999998E-33,1.293E-33,5.133E-34,7.6550000000000005E-34,1.822E-32,2.065E-34,9.128E-33,5.059000000000001E-34,2.08E-35,0.0,28.54,21.54,65.87,31.09,4.29,1.692,3.928,3.612,4.894,5.814,0.0,0.0,0.9981,0.001221,7.289E-4,0.0,0.0,0.0,0.0,0.0,0.0,0.0,0.6108,8.431,3.803,2.117,10.5,1.037,0.7379,0.179,0.4559,0.173,
0.0,4988.0,280.5,538.1,392.0,0.7192,25.16,39.72,36.09,49.47,58.22,0.0,257.6,1.291,12.18,4.184,1.957,8.288,16.05,9.225,19.68,46.79,0.0,257.6,1.291,12.18,4.184,1.957,8.288,16.05,9.225,19.68,46.79,0.0,0.0,0.0,0.0,0.0,0.0,0.0,0.0,0.0,0.0,0.0,0.0,0.0,61.96,11.27,11.59,238.7,1.918,1.916,2.608,2.471,3.616,0.0,26.91,27.81,52.94,150.2,143.2,0.4294,0.7774,0.9049,0.7923,0.9071,0.0,0.0,0.0,0.0,0.0,0.0,0.0,0.0,0.0,0.0,0.0,0.0,0.0,0.0,0.0,0.0,0.0,0.0,0.0,0.0,0.0,0.0,0.0,0.0,0.0,0.0,0.0,0.0,0.0,0.0,0.0,0.0,0.0,0.0,0.0,1.0E-4,0.0,1377.0,281500.0,26380.0,18280.0,887600.0,9058.0,13290.0,6762.0,10510.0,9957.0,0.0,6.549E-34,6.2720000000000004E-34,1.9589999999999998E-33,1.154E-33,5.131000000000001E-34,7.423E-34,1.822E-32,2.058E-34,9.128E-33,5.056E-34,2.08E-35,0.0,31.07,22.15,65.06,28.77,4.277,1.693,3.928,3.613,4.894,5.814,0.0,0.0,0.9981,0.001221,7.289E-4,0.0,0.0,0.0,0.0,0.0,0.0,0.0,0.6819,8.428,3.795,2.068,10.47,1.039,0.7373,0.1818,0.4565,0.1747,
0.0,4988.0,280.9,522.3,412.9,0.5406,29.84,40.23,38.51,46.82,58.75,0.0,257.6,1.209,12.35,4.168,2.023,8.374,17.73,8.362,20.44,44.96,0.0,257.6,1.209,12.35,4.168,2.023,8.374,17.73,8.362,20.44,44.96,0.0,0.0,0.0,0.0,0.0,0.0,0.0,0.0,0.0,0.0,0.0,0.0,0.0,61.68,11.23,11.43,240.5,1.828,1.91,2.481,2.431,3.529,0.0,26.91,27.41,51.83,140.7,143.8,0.3466,0.6152,0.812,0.655,0.8306,0.0,0.0,0.0,0.0,0.0,0.0,0.0,0.0,0.0,0.0,0.0,0.0,0.0,0.0,0.0,0.0,0.0,0.0,0.0,0.0,0.0,0.0,0.0,0.0,0.0,0.0,0.0,0.0,0.0,0.0,0.0,0.0,0.0,0.0,0.0,1.175E-4,0.0,1405.0,295600.0,26950.0,18250.0,883400.0,8554.0,13300.0,7110.0,9551.0,9848.0,0.0,6.549E-34,5.737E-34,1.8659999999999998E-33,1.163E-33,4.048E-34,6.174E-34,1.85E-32,1.6399999999999998E-33,7.476999999999999E-33,7.611E-34,2.08E-35,0.0,31.07,22.14,63.52,29.85,4.261,2.114,3.962,3.849,4.625,5.865,0.0,0.0,0.9981,0.001221,7.289E-4,0.0,0.0,0.0,0.0,0.0,0.0,0.0,0.6819,8.414,3.747,2.096,10.39,1.041,0.7439,0.2161,0.4087,0.1784,
0.0,5001.0,279.4,525.2,411.1,0.5596,27.81,41.48,37.93,47.34,57.64,0.0,257.6,1.15,12.33,4.123,1.855,8.22,8.689,7.522,16.69,59.01,0.0,257.6,1.15,12.33,4.123,1.855,8.22,8.689,7.522,16.69,59.01,0.0,0.0,0.0,0.0,0.0,0.0,0.0,0.0,0.0,0.0,0.0,0.0,0.0,61.94,11.28,11.53,239.9,1.899,1.903,2.571,2.45,3.583,0.0,26.91,26.92,50.46,131.8,140.4,0.3951,0.5263,0.8627,0.631,0.8566,0.0,0.0,0.0,0.0,0.0,0.0,0.0,0.0,0.0,0.0,0.0,0.0,0.0,0.0,0.0,0.0,0.0,0.0,0.0,0.0,0.0,0.0,0.0,0.0,0.0,0.0,0.0,0.0,0.0,0.0,0.0,0.0,0.0,0.0,0.0,1.218E-4,0.0,1470.0,309900.0,26200.0,18710.0,851800.0,8141.0,12910.0,7070.0,9425.0,9500.0,0.0,7.2660000000000004E-34,5.729000000000001E-34,1.855E-33,1.086E-33,4.1260000000000006E-34,6.0E-34,1.9100000000000002E-32,1.336E-33,7.724999999999999E-33,1.9120000000000001E-34,2.08E-35,0.0,32.3,21.96,63.67,28.8,4.204,1.931,4.076,3.791,4.673,5.757,0.0,0.0,0.9981,0.001221,7.289E-4,0.0,0.0,0.0,0.0,0.0,0.0,0.0,0.7084,8.417,3.744,2.072,10.34,1.043,0.7648,0.208,0.4181,0.1601,
0.0,5001.0,279.4,526.3,417.5,0.5601,29.09,41.53,37.93,47.36,57.64,0.0,257.6,1.15,12.33,4.123,1.855,8.219,8.689,7.522,16.69,59.01,0.0,257.6,1.15,12.33,4.123,1.855,8.219,8.689,7.522,16.69,59.01,0.0,0.0,0.0,0.0,0.0,0.0,0.0,0.0,0.0,0.0,0.0,0.0,0.0,61.94,11.28,11.53,239.9,1.899,1.903,2.571,2.45,3.583,0.0,26.91,26.89,49.42,124.2,140.4,0.3942,0.4731,0.8588,0.6089,0.8561,0.0,0.0,0.0,0.0,0.0,0.0,0.0,0.0,0.0,0.0,0.0,0.0,0.0,0.0,0.0,0.0,0.0,0.0,0.0,0.0,0.0,0.0,0.0,0.0,0.0,0.0,0.0,0.0,0.0,0.0,0.0,0.0,0.0,0.0,0.0,1.0E-4,0.0,1488.0,301500.0,25830.0,18050.0,815900.0,7867.0,11970.0,6680.0,8799.0,8983.0,0.0,7.2660000000000004E-34,5.728E-34,1.839E-33,1.068E-33,4.1260000000000006E-34,5.845E-34,1.9100000000000002E-32,1.3349999999999999E-33,7.724999999999999E-33,1.91E-34,2.08E-35,0.0,32.3,21.96,63.67,28.68,4.204,2.047,4.076,3.791,4.673,5.757,0.0,0.0,0.9981,0.001221,7.289E-4,0.0,0.0,0.0,0.0,0.0,0.0,0.0,0.7084,8.416,3.744,2.073,10.29,1.041,0.7644,0.2076,0.4176,0.1593,
0.0,5001.0,289.8,513.9,434.1,0.5607,29.1,41.54,37.93,47.36,57.64,0.0,257.6,1.329,12.2,4.076,1.855,8.219,8.689,7.522,16.69,59.01,0.0,257.6,1.329,12.2,4.076,1.855,8.219,8.689,7.522,16.69,59.01,0.0,0.0,0.0,0.0,0.0,0.0,0.0,0.0,0.0,0.0,0.0,0.0,0.0,61.89,11.28,11.52,238.0,1.864,1.898,2.555,2.439,3.558,0.0,26.91,24.81,55.84,101.3,144.3,0.3939,0.457,0.8577,0.6022,0.8559,0.0,0.0,0.0,0.0,0.0,0.0,0.0,0.0,0.0,0.0,0.0,0.0,0.0,0.0,0.0,0.0,0.0,0.0,0.0,0.0,0.0,0.0,0.0,0.0,0.0,0.0,0.0,0.0,0.0,0.0,0.0,0.0,0.0,0.0,0.0,1.233E-4,0.0,1493.0,293700.0,25050.0,17460.0,804900.0,7893.0,11540.0,6522.0,8519.0,8790.0,0.0,7.2660000000000004E-34,6.1680000000000005E-34,1.736E-33,1.099E-33,4.129E-34,5.659E-34,1.909E-32,1.3349999999999999E-33,7.724999999999999E-33,1.907E-34,2.08E-35,0.0,32.3,22.91,61.97,29.42,4.223,2.047,4.076,3.791,4.673,5.757,0.0,0.0,0.9981,0.001221,7.289E-4,0.0,0.0,0.0,0.0,0.0,0.0,0.0,0.7084,8.395,3.734,2.102,10.27,1.041,0.7641,0.2072,0.4172,0.1588,
0.0,5015.0,281.6,542.7,428.9,0.5244,20.83,43.57,37.72,45.67,57.55,0.0,257.7,1.122,12.75,3.735,1.858,7.913,9.026,7.501,16.61,58.99,0.0,257.7,1.122,12.75,3.735,1.858,7.913,9.026,7.501,16.61,58.99,0.0,0.0,0.0,0.0,0.0,0.0,0.0,0.0,0.0,0.0,0.0,0.0,0.0,61.87,11.28,11.49,238.1,1.863,1.887,2.543,2.426,3.542,0.0,26.91,26.22,53.39,81.45,143.9,0.3934,0.4315,0.8555,0.5885,0.8558,0.0,0.0,0.0,0.0,0.0,0.0,0.0,0.0,0.0,0.0,0.0,0.0,0.0,0.0,0.0,0.0,0.0,0.0,0.0,0.0,0.0,0.0,0.0,0.0,0.0,0.0,0.0,0.0,0.0,0.0,0.0,0.0,0.0,0.0,0.0,1.0E-4,0.0,1589.0,295100.0,24970.0,19330.0,812100.0,8199.0,11410.0,6496.0,7957.0,8853.0,0.0,7.91E-34,5.734E-34,1.734E-33,1.04E-33,3.981E-34,5.212E-34,2.0070000000000002E-32,1.252E-33,6.889E-33,1.855E-34,2.08E-35,0.0,33.6,22.17,61.87,29.05,4.336,1.843,4.271,3.77,4.505,5.747,0.0,0.0,0.9981,0.001221,7.289E-4,0.0,0.0,0.0,0.0,0.0,0.0,0.0,0.792,8.389,3.692,2.078,10.25,1.014,0.8029,0.2065,0.3925,0.1613,
0.0,5029.0,282.7,523.5,387.0,0.5243,12.69,43.58,37.65,45.64,57.5,0.0,257.7,1.165,13.08,3.306,1.94,7.868,9.026,7.501,16.61,58.99,0.0,257.7,1.165,13.08,3.306,1.94,7.868,9.026,7.501,16.61,58.99,0.0,0.0,0.0,0.0,0.0,0.0,0.0,0.0,0.0,0.0,0.0,0.0,0.0,61.83,12.06,11.56,236.3,1.862,1.875,2.531,2.413,3.526,0.0,26.91,26.39,69.67,120.8,142.5,0.3997,0.4195,0.8548,0.5844,0.8557,0.0,0.0,0.0,0.0,0.0,0.0,0.0,0.0,0.0,0.0,0.0,0.0,0.0,0.0,0.0,0.0,0.0,0.0,0.0,0.0,0.0,0.0,0.0,0.0,0.0,0.0,0.0,0.0,0.0,0.0,0.0,0.0,0.0,0.0,0.0,1.167E-4,0.0,1691.0,301600.0,30680.0,19910.0,823000.0,8513.0,11050.0,6629.0,7921.0,9078.0,0.0,8.548E-34,5.763E-34,1.695E-33,1.158E-33,4.012E-34,3.517E-34,2.0070000000000002E-32,1.249E-33,6.887999999999999E-33,1.8320000000000002E-34,2.08E-35,0.0,34.93,22.31,61.53,28.56,4.499,1.053,4.271,3.763,4.502,5.742,0.0,0.0,0.9981,0.001221,7.289E-4,0.0,0.0,0.0,0.0,0.0,0.0,0.0,0.8784,8.318,3.792,2.043,10.12,1.031,0.8027,0.2069,0.3925,0.1615,
0.0,5042.0,288.2,546.8,361.7,0.5239,12.69,43.58,37.66,45.65,57.5,0.0,257.7,1.259,12.78,3.497,1.918,7.868,9.026,7.501,16.61,58.99,0.0,257.7,1.259,12.78,3.497,1.918,7.868,9.026,7.501,16.61,58.99,0.0,0.0,0.0,0.0,0.0,0.0,0.0,0.0,0.0,0.0,0.0,0.0,0.0,61.79,12.06,11.53,235.5,1.862,1.864,2.519,2.4,3.51,0.0,26.91,27.47,52.3,121.0,141.6,0.3977,0.4058,0.8431,0.5708,0.8403,0.0,0.0,0.0,0.0,0.0,0.0,0.0,0.0,0.0,0.0,0.0,0.0,0.0,0.0,0.0,0.0,0.0,0.0,0.0,0.0,0.0,0.0,0.0,0.0,0.0,0.0,0.0,0.0,0.0,0.0,0.0,0.0,0.0,0.0,0.0,1.146E-4,0.0,1849.0,312000.0,30540.0,20010.0,850500.0,8808.0,11040.0,6850.0,8057.0,9406.0,0.0,8.57E-34,5.987E-34,1.673E-33,1.13E-33,4.009E-34,3.501E-34,2.0070000000000002E-32,1.248E-33,6.887999999999999E-33,1.8310000000000001E-34,2.08E-35,0.0,35.69,22.94,61.3,27.41,4.489,1.053,4.271,3.763,4.502,5.742,0.0,0.0,0.9981,0.001221,7.289E-4,0.0,0.0,0.0,0.0,0.0,0.0,0.0,0.9675,8.252,3.792,2.019,10.11,1.031,0.8025,0.2067,0.3923,0.1612,
0.0,5042.0,283.1,544.1,386.8,0.5234,12.69,43.58,37.75,45.59,57.46,0.0,257.7,1.2,13.05,3.296,1.913,7.868,9.026,7.571,13.97,61.55,0.0,257.7,1.2,13.05,3.296,1.913,7.868,9.026,7.571,13.97,61.55,0.0,0.0,0.0,0.0,0.0,0.0,0.0,0.0,0.0,0.0,0.0,0.0,0.0,61.79,12.06,11.53,235.5,1.862,1.864,2.519,2.4,3.51,0.0,26.91,26.99,52.9,101.6,143.5,0.3965,0.407,0.8432,0.5712,0.8403,0.0,0.0,0.0,0.0,0.0,0.0,0.0,0.0,0.0,0.0,0.0,0.0,0.0,0.0,0.0,0.0,0.0,0.0,0.0,0.0,0.0,0.0,0.0,0.0,0.0,0.0,0.0,0.0,0.0,0.0,0.0,0.0,0.0,0.0,0.0,1.0E-4,0.0,1891.0,324900.0,31330.0,20400.0,879700.0,9159.0,11260.0,7151.0,8320.0,9821.0,0.0,8.57E-34,5.799E-34,1.6599999999999998E-33,1.133E-33,4.04E-34,3.4840000000000003E-34,2.0070000000000002E-32,1.248E-33,6.887999999999999E-33,1.8310000000000001E-34,2.08E-35,0.0,35.69,22.41,61.4,27.8,4.52,1.053,4.271,3.772,4.496,5.738,0.0,0.0,0.9981,0.001221,7.289E-4,0.0,0.0,0.0,0.0,0.0,0.0,0.0,0.9675,8.252,3.795,2.019,10.11,1.031,0.8025,0.2073,0.3934,0.1596,
0.0,5042.0,282.9,543.4,402.8,0.4996,12.67,42.65,38.5,45.72,57.59,0.0,257.7,1.201,13.05,3.298,1.919,7.875,8.968,7.751,14.05,61.33,0.0,257.7,1.201,13.05,3.298,1.919,7.875,8.968,7.751,14.05,61.33,0.0,0.0,0.0,0.0,0.0,0.0,0.0,0.0,0.0,0.0,0.0,0.0,0.0,61.77,12.06,11.47,234.7,1.86,1.842,2.495,2.374,3.478,0.0,26.91,27.15,51.61,87.66,143.5,0.3955,0.4005,0.8433,0.5693,0.8404,0.0,0.0,0.0,0.0,0.0,0.0,0.0,0.0,0.0,0.0,0.0,0.0,0.0,0.0,0.0,0.0,0.0,0.0,0.0,0.0,0.0,0.0,0.0,0.0,0.0,0.0,0.0,0.0,0.0,0.0,0.0,0.0,0.0,0.0,0.0,1.131E-4,0.0,2022.0,339200.0,31720.0,21040.0,916000.0,9531.0,11020.0,7586.0,8518.0,10300.0,0.0,8.57E-34,5.755E-34,1.642E-33,1.12E-33,3.9170000000000005E-34,3.33E-34,1.9600000000000002E-32,1.6189999999999998E-33,6.945E-33,2.555E-34,2.08E-35,0.0,35.7,22.4,61.22,27.98,4.518,1.05,4.179,3.846,4.509,5.751,0.0,0.0,0.9981,0.001221,7.289E-4,0.0,0.0,0.0,0.0,0.0,0.0,0.0,1.065,8.154,3.795,2.018,10.12,1.03,0.7865,0.2197,0.3958,0.1621,
0.0,5042.0,283.3,546.0,404.2,0.4977,12.91,42.61,38.45,45.65,57.51,0.0,257.7,1.026,13.68,2.92,1.853,8.364,8.879,7.647,13.92,61.16,0.0,257.7,1.026,13.68,2.92,1.853,8.364,8.879,7.647,13.92,61.16,0.0,0.0,0.0,0.0,0.0,0.0,0.0,0.0,0.0,0.0,0.0,0.0,0.0,60.14,8.303,8.586,243.6,1.849,1.707,2.351,2.217,3.286,0.0,26.91,14.64,19.06,156.8,116.1,0.3743,0.1455,0.5756,0.2765,0.4838,0.0,0.0,0.0,0.0,0.0,0.0,0.0,0.0,0.0,0.0,0.0,0.0,0.0,0.0,0.0,0.0,0.0,0.0,0.0,0.0,0.0,0.0,0.0,0.0,0.0,0.0,0.0,0.0,0.0,0.0,0.0,0.0,0.0,0.0,0.0,1.0E-4,0.0,2037.0,351900.0,31440.0,22390.0,864500.0,8698.0,10080.0,6815.0,7616.0,9088.0,0.0,8.57E-34,5.3250000000000005E-34,1.776E-33,1.02E-33,3.8460000000000003E-34,3.306E-34,1.9600000000000002E-32,1.6189999999999998E-33,6.945E-33,2.5580000000000002E-34,2.08E-35,0.0,35.7,21.34,62.8,28.19,3.803,1.075,4.174,3.84,4.501,5.741,0.0,0.0,0.9981,0.001221,7.289E-4,0.0,0.0,0.0,0.0,0.0,0.0,0.0,1.065,8.098,3.434,1.912,10.61,1.019,0.7897,0.2221,0.4001,0.1669,
0.0,5045.0,283.5,547.2,409.8,0.4977,12.82,42.62,38.48,45.67,57.53,0.0,257.8,1.045,13.62,2.814,1.909,8.261,8.888,7.672,13.94,61.19,0.0,257.8,1.045,13.62,2.814,1.909,8.261,8.888,7.672,13.94,61.19,0.0,0.0,0.0,0.0,0.0,0.0,0.0,0.0,0.0,0.0,0.0,0.0,0.0,59.38,9.063,8.586,243.6,1.849,1.707,2.351,2.217,3.286,0.0,26.91,13.17,19.08,147.5,116.9,0.3739,0.1445,0.5755,0.2762,0.4837,0.0,0.0,0.0,0.0,0.0,0.0,0.0,0.0,0.0,0.0,0.0,0.0,0.0,0.0,0.0,0.0,0.0,0.0,0.0,0.0,0.0,0.0,0.0,0.0,0.0,0.0,0.0,0.0,0.0,0.0,0.0,0.0,0.0,0.0,0.0,1.0E-4,0.0,2075.0,348400.0,31840.0,20680.0,828200.0,8207.0,9816.0,6465.0,7304.0,8589.0,0.0,8.611E-34,5.342E-34,1.726E-33,1.0129999999999999E-33,4.189E-34,3.2770000000000004E-34,1.9600000000000002E-32,1.6189999999999998E-33,6.945E-33,2.546E-34,2.08E-35,0.0,36.08,21.36,62.28,27.84,4.263,1.065,4.175,3.843,4.503,5.744,0.0,0.0,0.9981,0.001221,7.289E-4,0.0,0.0,0.0,0.0,0.0,0.0,0.0,1.086,8.03,3.503,1.892,10.59,0.9873,0.7905,0.2243,0.4017,0.169,
0.0,5045.0,283.5,543.9,429.7,0.4976,12.82,42.62,38.48,45.67,57.53,0.0,257.8,1.046,13.61,2.817,1.909,8.261,8.888,7.672,13.94,61.19,0.0,257.8,1.046,13.61,2.817,1.909,8.261,8.888,7.672,13.94,61.19,0.0,0.0,0.0,0.0,0.0,0.0,0.0,0.0,0.0,0.0,0.0,0.0,0.0,59.4,9.045,8.586,243.6,1.849,1.707,2.351,2.217,3.286,0.0,26.91,13.2,18.7,131.2,116.9,0.3737,0.1456,0.5756,0.2766,0.4837,0.0,0.0,0.0,0.0,0.0,0.0,0.0,0.0,0.0,0.0,0.0,0.0,0.0,0.0,0.0,0.0,0.0,0.0,0.0,0.0,0.0,0.0,0.0,0.0,0.0,0.0,0.0,0.0,0.0,0.0,0.0,0.0,0.0,0.0,0.0,1.247E-4,0.0,2090.0,329100.0,30940.0,19780.0,820300.0,8071.0,9830.0,6371.0,7242.0,8435.0,0.0,8.611E-34,5.341E-34,1.698E-33,1.0259999999999999E-33,4.189E-34,3.26E-34,1.9600000000000002E-32,1.6189999999999998E-33,6.945E-33,2.499E-34,2.08E-35,0.0,36.08,21.36,61.83,28.29,4.263,1.065,4.175,3.843,4.503,5.744,0.0,0.0,0.9981,0.001221,7.289E-4,0.0,0.0,0.0,0.0,0.0,0.0,0.0,1.086,8.031,3.484,1.908,10.54,0.9866,0.7901,0.2239,0.4012,0.1682,
0.0,5045.0,283.3,537.8,436.0,0.4975,12.72,42.61,38.47,45.67,57.53,0.0,257.8,1.047,13.61,2.817,1.909,8.253,8.888,7.672,13.94,61.19,0.0,257.8,1.047,13.61,2.817,1.909,8.253,8.888,7.672,13.94,61.19,0.0,0.0,0.0,0.0,0.0,0.0,0.0,0.0,0.0,0.0,0.0,0.0,0.0,59.36,9.06,8.564,242.7,1.848,1.698,2.34,2.206,3.272,0.0,26.91,17.07,21.16,124.9,116.9,0.3736,0.1484,0.5759,0.2776,0.4838,0.0,0.0,0.0,0.0,0.0,0.0,0.0,0.0,0.0,0.0,0.0,0.0,0.0,0.0,0.0,0.0,0.0,0.0,0.0,0.0,0.0,0.0,0.0,0.0,0.0,0.0,0.0,0.0,0.0,0.0,0.0,0.0,0.0,0.0,0.0,1.0E-4,0.0,2138.0,323900.0,30130.0,19370.0,833200.0,8178.0,10070.0,6482.0,7391.0,8576.0,0.0,8.612000000000001E-34,5.340000000000001E-34,1.6859999999999998E-33,1.02E-33,4.189E-34,3.24E-34,1.9600000000000002E-32,1.6189999999999998E-33,6.945E-33,2.4500000000000002E-34,2.08E-35,0.0,36.09,21.36,61.84,28.29,4.263,1.056,4.175,3.843,4.503,5.744,0.0,0.0,0.9981,0.001221,7.289E-4,0.0,0.0,0.0,0.0,0.0,0.0,0.0,1.089,8.006,3.509,1.908,10.54,0.9838,0.7901,0.2239,0.4012,0.1681,
0.0,5045.0,282.6,538.5,440.1,0.5029,12.73,43.03,37.89,45.82,57.53,0.0,257.8,1.062,13.67,2.821,1.829,8.254,8.912,7.64,13.94,61.19,0.0,257.8,1.062,13.67,2.821,1.829,8.254,8.912,7.64,13.94,61.19,0.0,0.0,0.0,0.0,0.0,0.0,0.0,0.0,0.0,0.0,0.0,0.0,0.0,68.99,9.496,9.533,230.6,1.848,1.706,2.349,2.215,3.284,0.0,26.91,17.86,20.27,118.4,119.2,0.3754,0.1828,0.6133,0.3184,0.5342,0.0,0.0,0.0,0.0,0.0,0.0,0.0,0.0,0.0,0.0,0.0,0.0,0.0,0.0,0.0,0.0,0.0,0.0,0.0,0.0,0.0,0.0,0.0,0.0,0.0,0.0,0.0,0.0,0.0,0.0,0.0,0.0,0.0,0.0,0.0,1.184E-4,0.0,2245.0,339300.0,30030.0,20250.0,819500.0,8376.0,9932.0,6294.0,7261.0,8488.0,0.0,8.612000000000001E-34,5.309E-34,1.685E-33,1.012E-33,4.179E-34,3.252E-34,1.981E-32,1.3219999999999999E-33,7.02E-33,2.415E-34,2.08E-35,0.0,36.09,21.24,62.19,28.19,4.125,1.057,4.217,3.788,4.519,5.747,0.0,0.0,0.9981,0.001221,7.289E-4,0.0,0.0,0.0,0.0,0.0,0.0,0.0,1.14,8.103,3.499,1.916,10.34,0.9839,0.7977,0.2127,0.4037,0.1679,
0.0,5048.0,276.7,545.0,439.4,0.5084,13.27,42.93,48.26,35.0,57.54,0.0,257.8,1.03,13.66,2.864,1.83,12.13,5.059,8.812,12.75,61.19,0.0,257.8,1.03,13.66,2.864,1.83,12.13,5.059,8.812,12.75,61.19,0.0,0.0,0.0,0.0,0.0,0.0,0.0,0.0,0.0,0.0,0.0,0.0,0.0,68.99,9.496,9.533,230.6,1.848,1.706,2.349,2.215,3.284,0.0,26.91,16.99,19.46,115.3,120.5,0.3747,0.178,0.6128,0.3167,0.5342,0.0,0.0,0.0,0.0,0.0,0.0,0.0,0.0,0.0,0.0,0.0,0.0,0.0,0.0,0.0,0.0,0.0,0.0,0.0,0.0,0.0,0.0,0.0,0.0,0.0,0.0,0.0,0.0,0.0,0.0,0.0,0.0,0.0,0.0,0.0,1.0E-4,0.0,2307.0,346700.0,30370.0,19810.0,836600.0,8654.0,9629.0,6359.0,7057.0,8602.0,0.0,8.739E-34,5.207E-34,1.6809999999999998E-33,9.989E-34,4.208E-34,3.2660000000000003E-34,2.0030000000000002E-32,1.016E-33,7.097E-33,2.381E-34,2.08E-35,0.0,36.54,20.7,62.61,27.85,4.125,1.11,4.206,4.822,3.441,5.747,0.0,0.0,0.9981,0.001221,7.289E-4,0.0,0.0,0.0,0.0,0.0,0.0,0.0,1.157,8.098,3.497,1.903,10.34,0.9845,0.8052,0.2194,0.3886,0.168,
0.0,5048.0,265.6,532.2,461.8,0.5084,13.27,42.93,48.26,37.12,55.42,0.0,257.8,0.998,13.64,2.913,1.83,12.43,4.762,8.812,14.95,58.98,0.0,257.8,0.998,13.64,2.913,1.83,12.43,4.762,8.812,14.95,58.98,0.0,0.0,0.0,0.0,0.0,0.0,0.0,0.0,0.0,0.0,0.0,0.0,0.0,69.94,9.543,9.533,230.6,1.848,1.706,2.349,2.215,3.284,0.0,26.91,16.84,18.53,113.9,120.5,0.3745,0.1752,0.6126,0.3157,0.5342,0.0,0.0,0.0,0.0,0.0,0.0,0.0,0.0,0.0,0.0,0.0,0.0,0.0,0.0,0.0,0.0,0.0,0.0,0.0,0.0,0.0,0.0,0.0,0.0,0.0,0.0,0.0,0.0,0.0,0.0,0.0,0.0,0.0,0.0,0.0,1.158E-4,0.0,2327.0,357700.0,30580.0,19760.0,859200.0,8981.0,9423.0,6497.0,7080.0,8816.0,0.0,8.739E-34,4.901E-34,1.6189999999999998E-33,1.073E-33,4.208E-34,3.249E-34,2.0030000000000002E-32,1.016E-33,7.109E-33,2.2180000000000003E-34,2.08E-35,0.0,36.54,19.79,61.34,29.74,4.125,1.111,4.205,4.822,3.653,5.535,0.0,0.0,0.9981,0.001221,7.289E-4,0.0,0.0,0.0,0.0,0.0,0.0,0.0,1.157,8.076,3.478,1.956,10.32,0.9855,0.8039,0.219,0.3886,0.1673,
0.0,5058.0,260.1,527.0,455.1,0.5084,13.32,42.92,48.25,37.11,55.4,0.0,257.8,0.9865,13.54,2.966,1.808,12.49,4.755,8.795,14.84,59.07,0.0,257.8,0.9865,13.54,2.966,1.808,12.49,4.755,8.795,14.84,59.07,0.0,0.0,0.0,0.0,0.0,0.0,0.0,0.0,0.0,0.0,0.0,0.0,0.0,71.02,10.15,9.971,231.4,1.849,1.716,2.36,2.227,3.298,0.0,26.91,16.63,17.8,113.0,120.2,0.3741,0.1713,0.6086,0.3113,0.5289,0.0,0.0,0.0,0.0,0.0,0.0,0.0,0.0,0.0,0.0,0.0,0.0,0.0,0.0,0.0,0.0,0.0,0.0,0.0,0.0,0.0,0.0,0.0,0.0,0.0,0.0,0.0,0.0,0.0,0.0,0.0,0.0,0.0,0.0,0.0,1.146E-4,0.0,2399.0,371000.0,30440.0,19930.0,887600.0,9340.0,9504.0,6717.0,7261.0,9119.0,0.0,9.121E-34,4.8640000000000005E-34,1.618E-33,1.0129999999999999E-33,4.2050000000000005E-34,3.2390000000000003E-34,2.0030000000000002E-32,1.016E-33,7.109E-33,2.179E-34,2.08E-35,0.0,37.43,19.39,60.96,28.94,4.114,1.116,4.205,4.82,3.651,5.534,0.0,0.0,0.9981,0.001221,7.289E-4,0.0,0.0,0.0,0.0,0.0,0.0,0.0,1.198,8.068,3.492,1.949,10.3,0.9773,0.803,0.2168,0.3874,0.1644,
0.0,5064.0,254.5,525.6,398.3,0.5162,13.27,43.37,47.65,41.32,51.38,0.0,257.8,0.9948,13.47,2.993,1.863,12.42,4.786,8.777,15.26,58.68,0.0,257.8,0.9948,13.47,2.993,1.863,12.42,4.786,8.777,15.26,58.68,0.0,0.0,0.0,0.0,0.0,0.0,0.0,0.0,0.0,0.0,0.0,0.0,0.0,71.98,10.2,9.971,231.4,1.849,1.716,2.36,2.227,3.298,0.0,26.91,16.24,19.15,162.2,123.7,0.3741,0.1702,0.6084,0.3109,0.5288,0.0,0.0,0.0,0.0,0.0,0.0,0.0,0.0,0.0,0.0,0.0,0.0,0.0,0.0,0.0,0.0,0.0,0.0,0.0,0.0,0.0,0.0,0.0,0.0,0.0,0.0,0.0,0.0,0.0,0.0,0.0,0.0,0.0,0.0,0.0,1.0E-4,0.0,2427.0,385100.0,31550.0,21320.0,885500.0,8956.0,9465.0,6664.0,7266.0,8998.0,0.0,9.310000000000001E-34,4.744E-34,1.611E-33,9.861000000000001E-34,4.317000000000001E-34,3.251E-34,2.0260000000000002E-32,7.026000000000001E-34,7.186999999999999E-33,2.155E-34,2.08E-35,0.0,37.99,18.94,60.96,28.3,4.35,1.11,4.248,4.762,4.072,5.132,0.0,0.0,0.9981,0.001221,7.289E-4,0.0,0.0,0.0,0.0,0.0,0.0,0.0,1.217,8.03,3.521,1.93,10.31,0.9698,0.8119,0.2072,0.3917,0.1664,
0.0,5065.0,254.5,525.2,402.6,0.5152,12.75,43.4,48.69,41.15,50.45,0.0,257.8,0.9935,13.46,3.002,1.863,12.28,4.651,8.609,15.47,58.9,0.0,257.8,0.9935,13.46,3.002,1.863,12.28,4.651,8.609,15.47,58.9,0.0,0.0,0.0,0.0,0.0,0.0,0.0,0.0,0.0,0.0,0.0,0.0,0.0,71.98,10.2,9.971,231.4,1.849,1.716,2.36,2.227,3.298,0.0,26.91,16.15,18.76,158.8,123.7,0.374,0.169,0.6083,0.3105,0.5288,0.0,0.0,0.0,0.0,0.0,0.0,0.0,0.0,0.0,0.0,0.0,0.0,0.0,0.0,0.0,0.0,0.0,0.0,0.0,0.0,0.0,0.0,0.0,0.0,0.0,0.0,0.0,0.0,0.0,0.0,0.0,0.0,0.0,0.0,0.0,1.221E-4,0.0,2481.0,399100.0,31540.0,20860.0,860800.0,8386.0,9328.0,6453.0,7142.0,8705.0,0.0,9.310000000000001E-34,4.74E-34,1.596E-33,9.806E-34,4.317000000000001E-34,3.235E-34,2.0260000000000002E-32,7.0250000000000005E-34,7.186999999999999E-33,2.11E-34,2.08E-35,0.0,38.04,18.93,60.89,28.38,4.35,1.06,4.251,4.866,4.054,5.039,0.0,0.0,0.9981,0.001221,7.289E-4,0.0,0.0,0.0,0.0,0.0,0.0,0.0,1.248,8.02,3.524,1.933,10.29,0.9378,0.8111,0.2062,0.3958,0.1633,
0.0,5070.0,317.2,463.4,399.4,0.5147,12.75,43.4,48.69,41.85,49.75,0.0,257.8,1.393,13.08,2.987,1.863,12.17,4.551,8.485,23.88,50.83,0.0,257.8,1.393,13.08,2.987,1.863,12.17,4.551,8.485,23.88,50.83,0.0,0.0,0.0,0.0,0.0,0.0,0.0,0.0,0.0,0.0,0.0,0.0,0.0,69.28,12.87,9.997,231.4,1.849,1.716,2.36,2.227,3.298,0.0,26.91,16.48,18.48,156.0,123.7,0.374,0.1694,0.6083,0.3106,0.5288,0.0,0.0,0.0,0.0,0.0,0.0,0.0,0.0,0.0,0.0,0.0,0.0,0.0,0.0,0.0,0.0,0.0,0.0,0.0,0.0,0.0,0.0,0.0,0.0,0.0,0.0,0.0,0.0,0.0,0.0,0.0,0.0,0.0,0.0,0.0,1.241E-4,0.0,2522.0,348600.0,52020.0,20800.0,858400.0,8201.0,9446.0,6445.0,7203.0,8708.0,0.0,9.491E-34,5.6130000000000005E-34,1.491E-33,9.581000000000001E-34,4.317000000000001E-34,3.2210000000000003E-34,2.0260000000000002E-32,7.0250000000000005E-34,7.186E-33,2.0790000000000002E-34,2.08E-35,0.0,38.49,24.49,55.4,27.86,4.35,1.06,4.251,4.866,4.124,4.969,0.0,0.0,0.93,0.06865,0.00133,0.0,0.0,0.0,0.0,0.0,0.0,0.0,1.26,7.916,3.628,1.918,10.26,0.9314,0.8112,0.2065,0.3971,0.1611,
0.0,5075.0,305.1,480.9,395.2,0.5204,8.967,43.65,48.56,40.83,49.56,0.0,257.8,1.302,13.51,3.041,1.842,11.82,4.589,8.517,27.75,46.83,0.0,257.8,1.302,13.51,3.041,1.842,11.82,4.589,8.517,27.75,46.83,0.0,0.0,0.0,0.0,0.0,0.0,0.0,0.0,0.0,0.0,0.0,0.0,0.0,69.81,12.38,10.09,232.2,1.85,1.726,2.371,2.238,3.312,0.0,26.91,16.26,18.45,154.9,123.4,0.3737,0.1646,0.6043,0.3058,0.5235,0.0,0.0,0.0,0.0,0.0,0.0,0.0,0.0,0.0,0.0,0.0,0.0,0.0,0.0,0.0,0.0,0.0,0.0,0.0,0.0,0.0,0.0,0.0,0.0,0.0,0.0,0.0,0.0,0.0,0.0,0.0,0.0,0.0,0.0,0.0,1.0E-4,0.0,2544.0,332000.0,47260.0,20780.0,870100.0,8239.0,9454.0,6541.0,7188.0,8849.0,0.0,9.666E-34,5.435E-34,1.4839999999999999E-33,9.38E-34,4.344E-34,3.2930000000000003E-34,2.049E-32,7.085E-34,6.94E-33,2.056E-34,2.08E-35,0.0,38.94,23.42,56.4,27.62,4.34,0.9553,4.286,4.859,4.064,4.964,0.0,0.0,0.9415,0.05717,0.001347,0.0,0.0,0.0,0.0,0.0,0.0,0.0,1.272,7.923,3.577,1.907,10.23,0.9512,0.8251,0.2136,0.3963,0.1516,
0.0,5079.0,304.1,484.2,392.8,0.5202,8.751,43.43,50.09,39.97,49.31,0.0,257.8,1.302,13.61,2.942,1.842,11.79,4.555,8.744,27.63,46.79,0.0,257.8,1.302,13.61,2.942,1.842,11.79,4.555,8.744,27.63,46.79,0.0,0.0,0.0,0.0,0.0,0.0,0.0,0.0,0.0,0.0,0.0,0.0,0.0,69.77,12.42,10.09,232.2,1.85,1.726,2.371,2.238,3.312,0.0,26.91,15.47,16.33,154.3,123.4,0.3737,0.1641,0.6043,0.3056,0.5235,0.0,0.0,0.0,0.0,0.0,0.0,0.0,0.0,0.0,0.0,0.0,0.0,0.0,0.0,0.0,0.0,0.0,0.0,0.0,0.0,0.0,0.0,0.0,0.0,0.0,0.0,0.0,0.0,0.0,0.0,0.0,0.0,0.0,0.0,0.0,1.0E-4,0.0,2558.0,320600.0,46610.0,20390.0,875700.0,8408.0,9368.0,6572.0,7147.0,8899.0,0.0,9.786000000000001E-34,5.342E-34,1.47E-33,9.239E-34,4.344E-34,3.37E-34,2.0500000000000001E-32,7.0250000000000005E-34,6.914E-33,2.1260000000000003E-34,2.08E-35,0.0,39.35,23.28,56.45,27.3,4.34,0.9338,4.265,5.01,3.98,4.94,0.0,0.0,0.9415,0.05717,0.001347,0.0,0.0,0.0,0.0,0.0,0.0,0.0,1.287,7.889,3.6,1.895,10.18,0.9506,0.8241,0.2179,0.3922,0.1503,
0.0,5079.0,304.6,496.1,382.6,0.5201,8.866,43.69,50.52,39.11,49.38,0.0,257.8,1.302,13.59,2.96,1.842,11.77,4.572,11.47,24.94,46.76,0.0,257.8,1.302,13.59,2.96,1.842,11.77,4.572,11.47,24.94,46.76,0.0,0.0,0.0,0.0,0.0,0.0,0.0,0.0,0.0,0.0,0.0,0.0,0.0,69.77,12.42,10.09,232.2,1.85,1.726,2.371,2.238,3.312,0.0,26.91,14.99,15.18,153.7,123.4,0.3737,0.1648,0.6043,0.3058,0.5235,0.0,0.0,0.0,0.0,0.0,0.0,0.0,0.0,0.0,0.0,0.0,0.0,0.0,0.0,0.0,0.0,0.0,0.0,0.0,0.0,0.0,0.0,0.0,0.0,0.0,0.0,0.0,0.0,0.0,0.0,0.0,0.0,0.0,0.0,0.0,1.0E-4,0.0,2565.0,317700.0,46570.0,19760.0,879500.0,8653.0,9360.0,6521.0,7068.0,8859.0,0.0,9.786000000000001E-34,5.342E-34,1.4509999999999999E-33,9.189E-34,4.344E-34,3.2660000000000003E-34,2.0540000000000001E-32,6.8160000000000005E-34,6.896999999999999E-33,2.004E-34,2.08E-35,0.0,39.35,23.28,56.39,27.35,4.34,0.9456,4.29,5.052,3.894,4.946,0.0,0.0,0.9415,0.05717,0.001347,0.0,0.0,0.0,0.0,0.0,0.0,0.0,1.287,7.888,3.6,1.896,10.18,0.9498,0.8253,0.2232,0.3873,0.1495,
0.0,5079.0,298.8,518.3,397.0,0.52,8.866,43.68,50.52,39.11,49.38,0.0,257.8,1.228,13.73,2.875,1.853,11.74,4.47,9.08,24.27,49.94,0.0,257.8,1.228,13.73,2.875,1.853,11.74,4.47,9.08,24.27,49.94,0.0,0.0,0.0,0.0,0.0,0.0,0.0,0.0,0.0,0.0,0.0,0.0,0.0,71.03,12.76,10.04,232.4,1.548,1.661,2.292,2.142,3.103,0.0,26.91,14.83,14.75,121.1,123.4,0.38,0.1676,0.6058,0.3082,0.5276,0.0,0.0,0.0,0.0,0.0,0.0,0.0,0.0,0.0,0.0,0.0,0.0,0.0,0.0,0.0,0.0,0.0,0.0,0.0,0.0,0.0,0.0,0.0,0.0,0.0,0.0,0.0,0.0,0.0,0.0,0.0,0.0,0.0,0.0,0.0,1.0E-4,0.0,2596.0,312000.0,42460.0,19530.0,885900.0,7619.0,9317.0,6320.0,6798.0,8138.0,0.0,9.786000000000001E-34,5.28E-34,1.446E-33,9.015E-34,4.345E-34,3.2480000000000003E-34,2.0540000000000001E-32,6.756E-34,6.895E-33,1.967E-34,2.08E-35,0.0,39.35,22.63,56.61,27.58,4.341,0.9453,4.29,5.052,3.894,4.946,0.0,0.0,0.958,0.04068,0.001346,0.0,0.0,0.0,0.0,0.0,0.0,0.0,1.287,7.876,3.582,1.912,10.22,0.9396,0.8235,0.2217,0.3846,0.1419,
0.0,5080.0,285.1,526.5,406.2,0.5199,8.866,43.68,50.52,39.11,49.38,0.0,257.8,1.265,13.56,3.009,1.841,11.75,4.471,9.08,24.28,49.94,0.0,257.8,1.265,13.56,3.009,1.841,11.75,4.471,9.08,24.28,49.94,0.0,0.0,0.0,0.0,0.0,0.0,0.0,0.0,0.0,0.0,0.0,0.0,0.0,71.28,12.78,10.09,231.4,1.849,1.716,2.36,2.227,3.298,0.0,26.91,15.5,13.84,115.8,123.4,0.3886,0.1717,0.6078,0.3114,0.5332,0.0,0.0,0.0,0.0,0.0,0.0,0.0,0.0,0.0,0.0,0.0,0.0,0.0,0.0,0.0,0.0,0.0,0.0,0.0,0.0,0.0,0.0,0.0,0.0,0.0,0.0,0.0,0.0,0.0,0.0,0.0,0.0,0.0,0.0,0.0,1.214E-4,0.0,2629.0,300800.0,41050.0,19630.0,877100.0,8237.0,9659.0,6531.0,7046.0,8533.0,0.0,9.824E-34,5.284E-34,1.4069999999999999E-33,9.097E-34,4.344E-34,3.2320000000000004E-34,2.0540000000000001E-32,6.688E-34,6.892E-33,1.931E-34,2.08E-35,0.0,39.56,22.03,56.49,28.09,4.34,0.9457,4.29,5.052,3.894,4.946,0.0,0.0,0.958,0.04068,0.001346,0.0,0.0,0.0,0.0,0.0,0.0,0.0,1.294,7.866,3.562,1.939,10.14,0.9499,0.8249,0.2234,0.3869,0.1478,
0.0,5082.0,284.0,527.5,415.8,1.477,8.978,43.39,50.53,40.12,48.53,0.0,257.9,1.261,13.64,2.924,1.819,11.75,4.455,9.081,27.07,47.15,0.0,257.9,1.261,13.64,2.924,1.819,11.75,4.455,9.081,27.07,47.15,0.0,0.0,0.0,0.0,0.0,0.0,0.0,0.0,0.0,0.0,0.0,0.0,0.0,71.24,12.81,10.09,231.4,1.849,1.716,2.36,2.227,3.298,0.0,26.91,14.29,13.62,106.8,121.2,0.3883,0.1665,0.6037,0.3067,0.5278,0.0,0.0,0.0,0.0,0.0,0.0,0.0,0.0,0.0,0.0,0.0,0.0,0.0,0.0,0.0,0.0,0.0,0.0,0.0,0.0,0.0,0.0,0.0,0.0,0.0,0.0,0.0,0.0,0.0,0.0,0.0,0.0,0.0,0.0,0.0,1.196E-4,0.0,2652.0,299500.0,42680.0,20880.0,881700.0,7969.0,9486.0,6631.0,7040.0,8464.0,0.0,9.856E-34,5.203000000000001E-34,1.3989999999999999E-33,8.971E-34,4.4030000000000005E-34,3.787E-34,2.039E-32,6.682E-34,6.969E-33,1.915E-34,2.08E-35,0.0,39.77,21.85,56.56,27.91,4.406,0.9566,4.261,5.053,3.994,4.862,0.0,0.0,0.958,0.04068,0.001346,0.0,0.0,0.0,0.0,0.0,0.0,0.0,1.302,7.825,3.585,1.945,10.15,0.9519,0.8196,0.2237,0.3905,0.1474,
0.0,5088.0,284.2,520.3,418.1,0.526,8.914,43.39,50.53,42.23,46.42,0.0,257.9,1.262,13.62,2.915,1.819,11.73,4.455,9.096,38.04,36.17,0.0,257.9,1.262,13.62,2.915,1.819,11.73,4.455,9.096,38.04,36.17,0.0,0.0,0.0,0.0,0.0,0.0,0.0,0.0,0.0,0.0,0.0,0.0,0.0,71.16,12.8,10.06,230.6,1.848,1.706,2.349,2.215,3.284,0.0,26.91,14.07,19.16,100.7,122.2,0.3883,0.1655,0.6037,0.3063,0.5278,0.0,0.0,0.0,0.0,0.0,0.0,0.0,0.0,0.0,0.0,0.0,0.0,0.0,0.0,0.0,0.0,0.0,0.0,0.0,0.0,0.0,0.0,0.0,0.0,0.0,0.0,0.0,0.0,0.0,0.0,0.0,0.0,0.0,0.0,0.0,1.0E-4,0.0,2707.0,303900.0,42810.0,20410.0,864300.0,7681.0,9410.0,6466.0,6989.0,8331.0,0.0,9.994E-34,5.203000000000001E-34,1.378E-33,8.820000000000001E-34,4.4030000000000005E-34,3.7700000000000003E-34,2.039E-32,6.631E-34,6.967E-33,1.8850000000000001E-34,2.08E-35,0.0,40.28,21.85,56.37,27.59,4.406,0.9505,4.261,5.053,4.205,4.651,0.0,0.0,0.958,0.04068,0.001346,0.0,0.0,0.0,0.0,0.0,0.0,0.0,1.349,7.814,3.585,1.936,10.13,0.9219,0.8193,0.2243,0.3908,0.1455,
0.0,5091.0,284.1,512.5,421.2,0.5941,44.84,6.894,49.91,45.39,44.29,0.0,258.0,1.224,13.8,2.872,1.621,13.69,2.441,9.06,38.31,35.95,0.0,258.0,1.224,13.8,2.872,1.621,13.69,2.441,9.06,38.31,35.95,0.0,0.0,0.0,0.0,0.0,0.0,0.0,0.0,0.0,0.0,0.0,0.0,0.0,68.9,11.04,11.2,232.6,1.795,1.696,2.337,2.2,3.249,0.0,26.91,11.42,18.39,94.17,132.8,0.8618,0.2408,0.7088,0.4375,0.8299,0.0,0.0,0.0,0.0,0.0,0.0,0.0,0.0,0.0,0.0,0.0,0.0,0.0,0.0,0.0,0.0,0.0,0.0,0.0,0.0,0.0,0.0,0.0,0.0,0.0,0.0,0.0,0.0,0.0,0.0,0.0,0.0,0.0,0.0,0.0,1.0E-4,0.0,2742.0,306000.0,36830.0,22450.0,854600.0,12900.0,3720.0,6227.0,7021.0,8193.0,0.0,1.001E-33,5.0080000000000005E-34,1.4659999999999999E-33,8.834E-34,4.1E-34,1.877E-32,1.715E-33,3.395E-34,7.479E-33,2.056E-34,2.08E-35,0.0,40.66,21.61,57.43,27.18,3.618,4.475,0.6927,4.995,4.523,4.445,0.0,0.0,0.958,0.04068,0.001346,0.0,0.0,0.0,0.0,0.0,0.0,0.0,1.385,7.635,3.435,1.955,10.3,1.582,0.1462,0.2135,0.4091,0.1508,
0.0,5091.0,284.0,499.0,438.7,0.7363,53.59,5.925,49.86,37.31,44.37,0.0,258.0,1.204,13.95,2.744,1.594,14.18,2.386,9.058,37.86,35.95,0.0,258.0,1.204,13.95,2.744,1.594,14.18,2.386,9.058,37.86,35.95,0.0,0.0,0.0,0.0,0.0,0.0,0.0,0.0,0.0,0.0,0.0,0.0,0.0,68.83,10.96,11.25,232.7,1.817,1.69,2.332,2.195,3.25,0.0,26.91,11.58,18.33,90.26,131.9,0.8503,0.2341,0.7016,0.4275,0.8153,0.0,0.0,0.0,0.0,0.0,0.0,0.0,0.0,0.0,0.0,0.0,0.0,0.0,0.0,0.0,0.0,0.0,0.0,0.0,0.0,0.0,0.0,0.0,0.0,0.0,0.0,0.0,0.0,0.0,0.0,0.0,0.0,0.0,0.0,0.0,1.0E-4,0.0,2749.0,315500.0,36660.0,22380.0,855700.0,13800.0,3592.0,6243.0,5864.0,8178.0,0.0,1.001E-33,5.256E-34,1.4429999999999999E-33,9.245E-34,4.814000000000001E-34,2.325E-32,1.2189999999999999E-33,3.108E-34,3.339E-33,2.435E-34,2.08E-35,0.0,40.66,21.6,55.46,29.15,3.608,5.331,0.5976,4.99,3.731,4.452,0.0,0.0,0.958,0.04068,0.001346,0.0,0.0,0.0,0.0,0.0,0.0,0.0,1.385,7.622,3.391,2.011,10.27,1.718,0.128,0.2124,0.2665,0.1515,
0.0,5095.0,282.4,495.5,442.4,0.7997,55.9,5.971,49.88,34.84,44.39,0.0,258.0,1.249,13.86,2.747,1.636,14.31,2.389,9.059,37.72,35.96,0.0,258.0,1.249,13.86,2.747,1.636,14.31,2.389,9.059,37.72,35.96,0.0,0.0,0.0,0.0,0.0,0.0,0.0,0.0,0.0,0.0,0.0,0.0,0.0,62.24,10.96,11.23,238.4,1.795,1.686,2.326,2.188,3.235,0.0,26.91,10.18,18.16,88.24,132.5,0.8527,0.2341,0.7016,0.4269,0.8153,0.0,0.0,0.0,0.0,0.0,0.0,0.0,0.0,0.0,0.0,0.0,0.0,0.0,0.0,0.0,0.0,0.0,0.0,0.0,0.0,0.0,0.0,0.0,0.0,0.0,0.0,0.0,0.0,0.0,0.0,0.0,0.0,0.0,0.0,0.0,1.187E-4,0.0,2816.0,317200.0,36780.0,22120.0,860700.0,13870.0,3471.0,6161.0,5357.0,8064.0,0.0,1.019E-33,5.584E-34,1.405E-33,9.057E-34,5.0260000000000005E-34,2.444E-32,1.2419999999999999E-33,3.139E-34,2.073E-33,2.518E-34,2.08E-35,0.0,41.43,21.96,54.45,28.99,3.674,5.557,0.6022,4.992,3.49,4.454,0.0,0.0,0.958,0.04068,0.001346,0.0,0.0,0.0,0.0,0.0,0.0,0.0,1.421,7.416,3.391,2.008,10.42,1.717,0.1277,0.2121,0.221,0.1511,
0.0,5095.0,279.6,495.0,446.4,0.8931,56.84,5.99,49.88,33.84,44.4,0.0,258.0,1.127,13.98,2.756,1.637,14.36,2.37,9.075,37.67,35.96,0.0,258.0,1.127,13.98,2.756,1.637,14.36,2.37,9.075,37.67,35.96,0.0,0.0,0.0,0.0,0.0,0.0,0.0,0.0,0.0,0.0,0.0,0.0,0.0,61.9,11.29,11.23,238.4,1.795,1.686,2.326,2.188,3.235,0.0,26.91,10.3,18.2,87.14,132.5,0.8558,0.2341,0.7016,0.4266,0.8153,0.0,0.0,0.0,0.0,0.0,0.0,0.0,0.0,0.0,0.0,0.0,0.0,0.0,0.0,0.0,0.0,0.0,0.0,0.0,0.0,0.0,0.0,0.0,0.0,0.0,0.0,0.0,0.0,0.0,0.0,0.0,0.0,0.0,0.0,0.0,1.195E-4,0.0,2828.0,328100.0,35570.0,21810.0,856600.0,14020.0,3337.0,6109.0,5081.0,7983.0,0.0,1.019E-33,5.331E-34,1.408E-33,9.130000000000001E-34,5.104E-34,2.492E-32,1.252E-33,3.133E-34,1.559E-33,2.538E-34,2.08E-35,0.0,41.43,21.48,54.41,29.5,3.68,5.649,0.6041,4.992,3.392,4.455,0.0,0.0,0.958,0.04068,0.001346,0.0,0.0,0.0,0.0,0.0,0.0,0.0,1.421,7.353,3.396,2.041,10.42,1.707,0.1263,0.2127,0.2037,0.1506,
0.0,5097.0,286.1,484.0,446.2,0.9257,56.61,6.031,49.9,33.87,44.42,0.0,258.1,1.353,13.69,2.811,1.638,14.33,2.372,9.075,37.67,35.96,0.0,258.1,1.353,13.69,2.811,1.638,14.33,2.372,9.075,37.67,35.96,0.0,0.0,0.0,0.0,0.0,0.0,0.0,0.0,0.0,0.0,0.0,0.0,0.0,61.08,12.05,11.25,237.4,1.772,1.682,2.321,2.182,3.22,0.0,26.91,10.31,21.64,86.63,132.5,0.8602,0.2342,0.7017,0.4267,0.8154,0.0,0.0,0.0,0.0,0.0,0.0,0.0,0.0,0.0,0.0,0.0,0.0,0.0,0.0,0.0,0.0,0.0,0.0,0.0,0.0,0.0,0.0,0.0,0.0,0.0,0.0,0.0,0.0,0.0,0.0,0.0,0.0,0.0,0.0,0.0,1.161E-4,0.0,2889.0,340200.0,35670.0,21860.0,870000.0,13990.0,3297.0,6166.0,5065.0,8079.0,0.0,1.0259999999999999E-33,5.504E-34,1.3859999999999999E-33,9.048E-34,5.2710000000000005E-34,2.483E-32,1.272E-33,3.16E-34,1.575E-33,2.61E-34,2.08E-35,0.0,41.73,22.17,53.6,29.33,3.683,5.628,0.608,4.994,3.395,4.457,0.0,0.0,0.958,0.04068,0.001346,0.0,0.0,0.0,0.0,0.0,0.0,0.0,1.463,7.134,3.594,2.04,10.38,1.641,0.1257,0.2121,0.203,0.1498,
0.0,5099.0,274.6,490.9,421.2,0.9614,59.04,6.109,50.01,33.98,44.54,0.0,258.1,1.315,13.7,2.93,1.652,14.19,2.375,9.077,37.67,35.96,0.0,258.1,1.315,13.7,2.93,1.652,14.19,2.375,9.077,37.67,35.96,0.0,0.0,0.0,0.0,0.0,0.0,0.0,0.0,0.0,0.0,0.0,0.0,0.0,61.38,12.71,11.29,237.4,1.772,1.682,2.321,2.182,3.22,0.0,26.91,10.1,18.42,111.4,130.2,0.8615,0.2342,0.7017,0.4267,0.8154,0.0,0.0,0.0,0.0,0.0,0.0,0.0,0.0,0.0,0.0,0.0,0.0,0.0,0.0,0.0,0.0,0.0,0.0,0.0,0.0,0.0,0.0,0.0,0.0,0.0,0.0,0.0,0.0,0.0,0.0,0.0,0.0,0.0,0.0,0.0,1.204E-4,0.0,2933.0,316900.0,34620.0,25200.0,890300.0,14170.0,3374.0,6357.0,5195.0,8363.0,0.0,1.033E-33,5.463E-34,1.3809999999999999E-33,8.948E-34,5.429E-34,2.474E-32,1.2939999999999999E-33,3.1990000000000002E-34,1.592E-33,2.6950000000000003E-34,2.08E-35,0.0,42.02,21.27,53.89,29.05,3.613,5.821,0.6151,5.003,3.404,4.467,0.0,0.0,0.958,0.04068,0.001346,0.0,0.0,0.0,0.0,0.0,0.0,0.0,1.481,7.083,3.651,2.017,10.37,1.63,0.1262,0.2132,0.2039,0.151,
0.0,5099.0,273.5,483.6,418.9,0.9809,58.93,6.133,50.54,33.79,44.24,0.0,258.1,1.308,13.66,2.887,1.718,14.38,2.342,9.091,37.6,35.86,0.0,258.1,1.308,13.66,2.887,1.718,14.38,2.342,9.091,37.6,35.86,0.0,0.0,0.0,0.0,0.0,0.0,0.0,0.0,0.0,0.0,0.0,0.0,0.0,61.42,12.93,10.96,238.5,1.772,1.682,2.321,2.182,3.22,0.0,26.91,10.17,19.29,120.0,131.0,0.8633,0.2343,0.7017,0.4267,0.8154,0.0,0.0,0.0,0.0,0.0,0.0,0.0,0.0,0.0,0.0,0.0,0.0,0.0,0.0,0.0,0.0,0.0,0.0,0.0,0.0,0.0,0.0,0.0,0.0,0.0,0.0,0.0,0.0,0.0,0.0,0.0,0.0,0.0,0.0,0.0,1.171E-4,0.0,2944.0,308500.0,36480.0,27320.0,915500.0,14480.0,3474.0,6578.0,5356.0,8694.0,0.0,1.033E-33,5.46E-34,1.3549999999999999E-33,8.975000000000001E-34,5.627E-34,2.469E-32,1.306E-33,2.898E-34,1.613E-33,2.914E-34,2.08E-35,0.0,42.02,21.17,53.32,29.37,3.864,5.811,0.6175,5.056,3.385,4.436,0.0,0.0,0.958,0.04068,0.001346,0.0,0.0,0.0,0.0,0.0,0.0,0.0,1.481,7.071,3.632,2.037,10.36,1.606,0.1266,0.2127,0.205,0.1525,
0.0,5099.0,247.0,517.5,413.8,1.001,58.83,6.158,50.55,33.81,44.25,0.0,258.1,1.944,13.17,2.738,1.696,14.37,2.343,9.091,37.6,35.86,0.0,258.1,1.944,13.17,2.738,1.696,14.37,2.343,9.091,37.6,35.86,0.0,0.0,0.0,0.0,0.0,0.0,0.0,0.0,0.0,0.0,0.0,0.0,0.0,60.88,13.33,11.19,239.4,1.773,1.692,2.332,2.194,3.235,0.0,26.91,11.83,15.97,119.3,130.6,0.8649,0.2306,0.6977,0.4224,0.8101,0.0,0.0,0.0,0.0,0.0,0.0,0.0,0.0,0.0,0.0,0.0,0.0,0.0,0.0,0.0,0.0,0.0,0.0,0.0,0.0,0.0,0.0,0.0,0.0,0.0,0.0,0.0,0.0,0.0,0.0,0.0,0.0,0.0,0.0,0.0,1.192E-4,0.0,2986.0,308300.0,36540.0,27150.0,922700.0,14320.0,3592.0,6626.0,5490.0,8935.0,0.0,1.033E-33,5.836E-34,1.326E-33,8.798E-34,5.727E-34,2.463E-32,1.3189999999999999E-33,2.9060000000000003E-34,1.622E-33,2.954E-34,2.08E-35,0.0,42.02,20.0,54.71,29.15,3.854,5.801,0.6198,5.057,3.387,4.437,0.0,0.0,0.958,0.04068,0.001346,0.0,0.0,0.0,0.0,0.0,0.0,0.0,1.497,6.937,3.738,2.047,10.35,1.55,0.1256,0.2122,0.2041,0.1519,
0.0,5099.0,246.2,518.9,415.7,1.045,58.6,6.212,50.57,33.86,44.27,0.0,258.1,1.678,13.3,2.783,1.699,14.36,2.347,9.092,37.6,35.86,0.0,258.1,1.678,13.3,2.783,1.699,14.36,2.347,9.092,37.6,35.86,0.0,0.0,0.0,0.0,0.0,0.0,0.0,0.0,0.0,0.0,0.0,0.0,0.0,61.3,13.79,11.27,238.5,1.75,1.688,2.327,2.187,3.22,0.0,26.91,10.38,14.26,119.0,130.6,0.8679,0.2307,0.6978,0.4225,0.8102,0.0,0.0,0.0,0.0,0.0,0.0,0.0,0.0,0.0,0.0,0.0,0.0,0.0,0.0,0.0,0.0,0.0,0.0,0.0,0.0,0.0,0.0,0.0,0.0,0.0,0.0,0.0,0.0,0.0,0.0,0.0,0.0,0.0,0.0,0.0,1.0E-4,0.0,3015.0,312900.0,36920.0,26820.0,914700.0,14140.0,3640.0,6521.0,5520.0,8945.0,0.0,1.033E-33,5.736000000000001E-34,1.3299999999999999E-33,8.809E-34,5.951E-34,2.452E-32,1.346E-33,2.9670000000000003E-34,1.644E-33,3.063E-34,2.08E-35,0.0,42.02,19.46,54.88,29.32,3.859,5.779,0.6251,5.058,3.392,4.44,0.0,0.0,0.958,0.04068,0.001346,0.0,0.0,0.0,0.0,0.0,0.0,0.0,1.497,6.941,3.725,2.064,10.28,1.521,0.1243,0.2117,0.2034,0.1508,
0.0,5099.0,246.4,519.5,417.0,1.084,57.65,6.255,50.51,33.98,44.26,0.0,258.1,1.675,13.7,2.796,1.706,13.97,2.332,9.034,37.68,35.83,0.0,258.1,1.675,13.7,2.796,1.706,13.97,2.332,9.034,37.68,35.83,0.0,0.0,0.0,0.0,0.0,0.0,0.0,0.0,0.0,0.0,0.0,0.0,0.0,61.44,13.77,11.12,237.8,1.615,1.664,2.296,2.149,3.133,0.0,26.91,10.21,13.35,118.6,130.8,0.8067,0.2193,0.6834,0.4046,0.7689,0.0,0.0,0.0,0.0,0.0,0.0,0.0,0.0,0.0,0.0,0.0,0.0,0.0,0.0,0.0,0.0,0.0,0.0,0.0,0.0,0.0,0.0,0.0,0.0,0.0,0.0,0.0,0.0,0.0,0.0,0.0,0.0,0.0,0.0,0.0,1.0E-4,0.0,3015.0,321000.0,37310.0,25970.0,902200.0,13050.0,3578.0,6380.0,5379.0,8551.0,0.0,1.033E-33,5.825E-34,1.323E-33,8.801E-34,6.2040000000000005E-34,2.439E-32,1.377E-33,3.0460000000000002E-34,1.667E-33,3.189E-34,2.08E-35,0.0,42.02,19.47,54.8,29.39,3.865,5.751,0.6299,5.055,3.405,4.44,0.0,0.0,0.958,0.04068,0.001346,0.0,0.0,0.0,0.0,0.0,0.0,0.0,1.497,6.945,3.687,2.062,10.27,1.5,0.1231,0.2113,0.202,0.1479,
0.0,5099.0,243.8,517.8,421.8,1.067,57.65,7.115,49.65,33.98,44.26,0.0,258.1,1.651,13.67,2.852,1.689,13.97,4.467,6.899,37.68,35.83,0.0,258.1,1.651,13.67,2.852,1.689,13.97,4.467,6.899,37.68,35.83,0.0,0.0,0.0,0.0,0.0,0.0,0.0,0.0,0.0,0.0,0.0,0.0,0.0,61.13,14.09,11.27,236.4,1.773,1.672,2.311,2.171,3.207,0.0,26.91,10.45,13.75,117.5,130.0,0.8511,0.2263,0.692,0.4154,0.7934,0.0,0.0,0.0,0.0,0.0,0.0,0.0,0.0,0.0,0.0,0.0,0.0,0.0,0.0,0.0,0.0,0.0,0.0,0.0,0.0,0.0,0.0,0.0,0.0,0.0,0.0,0.0,0.0,0.0,0.0,0.0,0.0,0.0,0.0,0.0,1.0E-4,0.0,3015.0,331400.0,38290.0,25850.0,887500.0,13040.0,3601.0,6410.0,5395.0,8612.0,0.0,1.033E-33,5.807E-34,1.313E-33,8.73E-34,6.191E-34,2.439E-32,1.3759999999999999E-33,3.018E-34,1.665E-33,3.175E-34,2.08E-35,0.0,42.02,19.34,54.83,29.49,3.846,5.752,0.7158,4.969,3.405,4.44,0.0,0.0,0.958,0.04068,0.001346,0.0,0.0,0.0,0.0,0.0,0.0,0.0,1.497,6.908,3.716,2.08,10.24,1.479,0.1261,0.2092,0.2028,0.1509,
0.0,5099.0,240.4,524.8,424.5,1.016,57.51,7.148,49.66,43.79,34.49,0.0,258.1,1.554,13.3,3.321,1.69,13.97,4.469,6.9,39.52,33.99,0.0,258.1,1.554,13.3,3.321,1.69,13.97,4.469,6.9,39.52,33.99,0.0,0.0,0.0,0.0,0.0,0.0,0.0,0.0,0.0,0.0,0.0,0.0,0.0,60.79,14.32,11.25,234.6,1.75,1.658,2.295,2.153,3.179,0.0,26.91,10.28,13.57,111.7,130.1,0.8567,0.2265,0.692,0.4155,0.7935,0.0,0.0,0.0,0.0,0.0,0.0,0.0,0.0,0.0,0.0,0.0,0.0,0.0,0.0,0.0,0.0,0.0,0.0,0.0,0.0,0.0,0.0,0.0,0.0,0.0,0.0,0.0,0.0,0.0,0.0,0.0,0.0,0.0,0.0,0.0,1.223E-4,0.0,3027.0,341200.0,37850.0,24860.0,860100.0,12720.0,3346.0,6178.0,5192.0,8042.0,0.0,1.033E-33,5.7250000000000005E-34,1.326E-33,8.615000000000001E-34,6.327000000000001E-34,2.432E-32,1.392E-33,3.047E-34,1.677E-33,3.2370000000000003E-34,2.08E-35,0.0,42.02,18.89,55.16,29.61,3.849,5.738,0.7191,4.97,4.386,3.464,0.0,0.0,0.958,0.04068,0.001346,0.0,0.0,0.0,0.0,0.0,0.0,0.0,1.497,6.852,3.77,2.078,10.18,1.465,0.1259,0.2089,0.2041,0.1485,
0.0,5099.0,237.7,526.6,426.7,1.074,57.2,7.22,49.69,43.85,34.52,0.0,258.1,1.284,14.02,2.874,1.693,13.95,4.473,6.901,39.52,34.0,0.0,258.1,1.284,14.02,2.874,1.693,13.95,4.473,6.901,39.52,34.0,0.0,0.0,0.0,0.0,0.0,0.0,0.0,0.0,0.0,0.0,0.0,0.0,0.0,61.4,13.7,11.26,234.6,1.75,1.658,2.295,2.153,3.179,0.0,26.91,10.35,13.13,110.8,130.1,0.8645,0.2268,0.6921,0.4158,0.7936,0.0,0.0,0.0,0.0,0.0,0.0,0.0,0.0,0.0,0.0,0.0,0.0,0.0,0.0,0.0,0.0,0.0,0.0,0.0,0.0,0.0,0.0,0.0,0.0,0.0,0.0,0.0,0.0,0.0,0.0,0.0,0.0,0.0,0.0,0.0,1.187E-4,0.0,3052.0,353000.0,37620.0,24660.0,859700.0,12570.0,3268.0,6171.0,5115.0,7980.0,0.0,1.033E-33,5.7500000000000005E-34,1.324E-33,8.691E-34,6.6250000000000005E-34,2.416E-32,1.428E-33,3.1450000000000002E-34,1.706E-33,3.3900000000000002E-34,2.08E-35,0.0,42.02,18.68,55.09,29.9,3.854,5.709,0.7261,4.973,4.391,3.468,0.0,0.0,0.958,0.04068,0.001346,0.0,0.0,0.0,0.0,0.0,0.0,0.0,1.497,6.889,3.713,2.099,10.18,1.431,0.1258,0.2089,0.204,0.1484,
0.0,5099.0,237.6,526.4,427.9,1.073,57.19,7.219,49.69,43.85,34.52,0.0,258.1,1.275,14.01,2.888,1.693,13.95,4.473,6.901,39.52,34.0,0.0,258.1,1.275,14.01,2.888,1.693,13.95,4.473,6.901,39.52,34.0,0.0,0.0,0.0,0.0,0.0,0.0,0.0,0.0,0.0,0.0,0.0,0.0,0.0,61.14,13.97,11.26,234.6,1.75,1.658,2.295,2.153,3.179,0.0,26.91,10.35,12.91,110.2,130.1,0.8749,0.2271,0.6922,0.416,0.7938,0.0,0.0,0.0,0.0,0.0,0.0,0.0,0.0,0.0,0.0,0.0,0.0,0.0,0.0,0.0,0.0,0.0,0.0,0.0,0.0,0.0,0.0,0.0,0.0,0.0,0.0,0.0,0.0,0.0,0.0,0.0,0.0,0.0,0.0,0.0,1.0E-4,0.0,3057.0,337200.0,37010.0,24780.0,875600.0,12750.0,3283.0,6282.0,5158.0,8091.0,0.0,1.033E-33,5.745E-34,1.3139999999999999E-33,8.602E-34,6.6250000000000005E-34,2.416E-32,1.426E-33,3.121E-34,1.704E-33,3.378E-34,2.08E-35,0.0,42.02,18.67,55.05,29.95,3.854,5.709,0.7261,4.973,4.391,3.468,0.0,0.0,0.958,0.04068,0.001346,0.0,0.0,0.0,0.0,0.0,0.0,0.0,1.497,6.86,3.738,2.101,10.15,1.421,0.1254,0.2087,0.2036,0.1479,
0.0,5101.0,234.2,529.2,427.4,1.073,57.44,6.942,49.69,43.84,34.52,0.0,258.1,1.322,13.5,3.326,1.693,14.25,4.173,6.901,39.52,34.0,0.0,258.1,1.322,13.5,3.326,1.693,14.25,4.173,6.901,39.52,34.0,0.0,0.0,0.0,0.0,0.0,0.0,0.0,0.0,0.0,0.0,0.0,0.0,0.0,61.0,14.11,11.26,234.6,1.75,1.658,2.295,2.153,3.179,0.0,26.91,10.08,12.82,109.6,130.1,0.8997,0.2278,0.6925,0.4166,0.7941,0.0,0.0,0.0,0.0,0.0,0.0,0.0,0.0,0.0,0.0,0.0,0.0,0.0,0.0,0.0,0.0,0.0,0.0,0.0,0.0,0.0,0.0,0.0,0.0,0.0,0.0,0.0,0.0,0.0,0.0,0.0,0.0,0.0,0.0,0.0,1.001E-4,0.0,3092.0,321800.0,36770.0,24920.0,902200.0,13250.0,3370.0,6484.0,5299.0,8361.0,0.0,1.0409999999999999E-33,5.733E-34,1.3039999999999999E-33,8.451E-34,6.6250000000000005E-34,2.416E-32,1.424E-33,3.098E-34,1.701E-33,3.3670000000000003E-34,2.08E-35,0.0,42.33,18.43,55.23,29.7,3.854,5.736,0.6989,4.973,4.391,3.468,0.0,0.0,0.958,0.04068,0.001346,0.0,0.0,0.0,0.0,0.0,0.0,0.0,1.515,6.799,3.798,2.084,10.15,1.419,0.1223,0.2086,0.2035,0.1478,
0.0,5101.0,225.1,527.7,430.2,1.138,57.09,7.024,49.77,46.19,32.22,0.0,258.1,1.38,13.84,2.906,1.717,14.23,4.178,6.845,39.08,34.5,0.0,258.1,1.38,13.84,2.906,1.717,14.23,4.178,6.845,39.08,34.5,0.0,0.0,0.0,0.0,0.0,0.0,0.0,0.0,0.0,0.0,0.0,0.0,0.0,60.47,14.99,11.48,233.1,1.728,1.644,2.28,2.135,3.15,0.0,26.91,10.27,17.87,108.5,133.3,0.9126,0.2284,0.6927,0.4171,0.7944,0.0,0.0,0.0,0.0,0.0,0.0,0.0,0.0,0.0,0.0,0.0,0.0,0.0,0.0,0.0,0.0,0.0,0.0,0.0,0.0,0.0,0.0,0.0,0.0,0.0,0.0,0.0,0.0,0.0,0.0,0.0,0.0,0.0,0.0,0.0,1.001E-4,0.0,3101.0,317200.0,40090.0,25770.0,920300.0,13250.0,3488.0,6655.0,5465.0,8634.0,0.0,1.0409999999999999E-33,5.8150000000000005E-34,1.3009999999999999E-33,8.521E-34,6.949E-34,2.3990000000000002E-32,1.464E-33,3.188E-34,1.644E-33,4.375E-34,2.08E-35,0.0,42.33,18.16,55.0,29.86,4.164,5.703,0.7069,4.981,4.627,3.237,0.0,0.0,0.958,0.04068,0.001346,0.0,0.0,0.0,0.0,0.0,0.0,0.0,1.515,6.642,3.929,2.118,10.15,1.388,0.1222,0.2088,0.2004,0.1505,
0.0,5101.0,225.2,527.3,435.1,1.174,56.89,7.068,50.51,45.51,32.24,0.0,258.1,1.381,13.82,2.928,1.707,14.22,4.181,6.849,39.08,34.51,0.0,258.1,1.381,13.82,2.928,1.707,14.22,4.181,6.849,39.08,34.51,0.0,0.0,0.0,0.0,0.0,0.0,0.0,0.0,0.0,0.0,0.0,0.0,0.0,60.41,14.95,11.45,232.3,1.748,1.628,2.263,2.118,3.136,0.0,26.91,10.19,17.82,104.1,132.7,0.9082,0.2264,0.6898,0.4137,0.786,0.0,0.0,0.0,0.0,0.0,0.0,0.0,0.0,0.0,0.0,0.0,0.0,0.0,0.0,0.0,0.0,0.0,0.0,0.0,0.0,0.0,0.0,0.0,0.0,0.0,0.0,0.0,0.0,0.0,0.0,0.0,0.0,0.0,0.0,0.0,1.0E-4,0.0,3125.0,319500.0,40190.0,25650.0,913000.0,13180.0,3606.0,6564.0,5547.0,8749.0,0.0,1.0409999999999999E-33,5.880000000000001E-34,1.295E-33,8.498E-34,7.1260000000000006E-34,2.389E-32,1.486E-33,3.244E-34,1.6449999999999998E-33,4.4500000000000005E-34,2.08E-35,0.0,42.33,18.16,54.94,29.92,4.155,5.685,0.7112,5.055,4.558,3.239,0.0,0.0,0.958,0.04068,0.001346,0.0,0.0,0.0,0.0,0.0,0.0,0.0,1.515,6.641,3.928,2.12,10.13,1.369,0.122,0.2095,0.1993,0.1501,
0.0,5101.0,221.2,513.8,437.7,1.173,56.87,7.068,51.08,50.58,26.6,0.0,258.1,1.347,13.79,2.999,1.707,14.22,4.181,14.7,32.7,33.02,0.0,258.1,1.347,13.79,2.999,1.707,14.22,4.181,14.7,32.7,33.02,0.0,0.0,0.0,0.0,0.0,0.0,0.0,0.0,0.0,0.0,0.0,0.0,0.0,58.32,16.92,11.48,231.4,1.747,1.618,2.252,2.106,3.122,0.0,26.91,24.43,14.94,107.5,132.7,0.9332,0.2273,0.6901,0.4144,0.7863,0.0,0.0,0.0,0.0,0.0,0.0,0.0,0.0,0.0,0.0,0.0,0.0,0.0,0.0,0.0,0.0,0.0,0.0,0.0,0.0,0.0,0.0,0.0,0.0,0.0,0.0,0.0,0.0,0.0,0.0,0.0,0.0,0.0,0.0,0.0,1.177E-4,0.0,3125.0,312000.0,54530.0,26690.0,920800.0,13360.0,3739.0,6627.0,5740.0,8931.0,0.0,1.0409999999999999E-33,5.885E-34,1.2829999999999999E-33,8.421000000000001E-34,7.1260000000000006E-34,2.389E-32,1.483E-33,3.2190000000000003E-34,1.623E-33,4.4210000000000005E-34,2.08E-35,0.0,42.33,17.95,54.66,30.4,4.155,5.685,0.7112,5.112,5.065,2.675,0.0,0.0,0.9101,0.08858,0.001346,0.0,0.0,0.0,0.0,0.0,0.0,0.0,1.515,6.53,4.007,2.15,10.11,1.356,0.1215,0.2098,0.1999,0.1479,
0.0,5101.0,215.5,513.3,441.4,1.185,48.3,15.07,50.98,51.41,26.38,0.0,258.1,1.316,13.51,3.311,1.707,13.74,4.607,14.82,32.69,32.98,0.0,258.1,1.316,13.51,3.311,1.707,13.74,4.607,14.82,32.69,32.98,0.0,0.0,0.0,0.0,0.0,0.0,0.0,0.0,0.0,0.0,0.0,0.0,0.0,58.32,16.92,11.48,231.4,1.747,1.618,2.252,2.106,3.122,0.0,26.91,19.27,17.5,112.6,132.7,0.9284,0.2627,0.6917,0.4152,0.7868,0.0,0.0,0.0,0.0,0.0,0.0,0.0,0.0,0.0,0.0,0.0,0.0,0.0,0.0,0.0,0.0,0.0,0.0,0.0,0.0,0.0,0.0,0.0,0.0,0.0,0.0,0.0,0.0,0.0,0.0,0.0,0.0,0.0,0.0,0.0,1.177E-4,0.0,3125.0,321100.0,55900.0,26830.0,924400.0,12440.0,4789.0,6728.0,5826.0,9012.0,0.0,1.0409999999999999E-33,5.816E-34,1.276E-33,8.428E-34,7.189E-34,1.95E-32,5.684E-33,5.6670000000000005E-34,1.517E-33,4.437E-34,2.08E-35,0.0,42.33,17.76,54.68,30.58,4.156,4.846,1.497,5.101,5.148,2.653,0.0,0.0,0.9101,0.08858,0.001346,0.0,0.0,0.0,0.0,0.0,0.0,0.0,1.515,6.534,4.001,2.151,10.08,1.287,0.1878,0.21,0.1998,0.1488,
0.0,5101.0,217.1,511.4,448.7,1.186,48.4,15.02,51.26,52.98,24.5,0.0,258.1,1.491,13.59,3.049,1.707,14.03,4.282,14.93,34.7,30.88,0.0,258.1,1.491,13.59,3.049,1.707,14.03,4.282,14.93,34.7,30.88,0.0,0.0,0.0,0.0,0.0,0.0,0.0,0.0,0.0,0.0,0.0,0.0,0.0,58.32,16.9,11.5,231.4,1.747,1.618,2.252,2.106,3.122,0.0,26.91,19.07,17.37,106.0,132.7,0.9082,0.2549,0.6912,0.4146,0.7864,0.0,0.0,0.0,0.0,0.0,0.0,0.0,0.0,0.0,0.0,0.0,0.0,0.0,0.0,0.0,0.0,0.0,0.0,0.0,0.0,0.0,0.0,0.0,0.0,0.0,0.0,0.0,0.0,0.0,0.0,0.0,0.0,0.0,0.0,0.0,1.002E-4,0.0,3140.0,330200.0,56360.0,25820.0,889000.0,11980.0,4522.0,6465.0,5493.0,8470.0,0.0,1.0409999999999999E-33,5.939E-34,1.254E-33,8.337E-34,7.189E-34,1.942E-32,5.726E-33,5.658E-34,1.499E-33,4.513E-34,2.08E-35,0.0,42.33,18.13,54.24,30.64,4.156,4.855,1.491,5.129,5.304,2.466,0.0,0.0,0.9101,0.08858,0.001346,0.0,0.0,0.0,0.0,0.0,0.0,0.0,1.515,6.53,3.999,2.156,10.08,1.293,0.1812,0.2078,0.1996,0.1471,
0.0,5101.0,215.3,513.4,458.6,1.187,48.37,15.01,51.26,52.98,24.5,0.0,258.1,1.292,13.84,3.008,1.696,14.02,4.243,13.72,34.31,32.54,0.0,258.1,1.292,13.84,3.008,1.696,14.02,4.243,13.72,34.31,32.54,0.0,0.0,0.0,0.0,0.0,0.0,0.0,0.0,0.0,0.0,0.0,0.0,0.0,57.46,16.42,11.48,232.9,1.727,1.617,2.224,2.097,3.102,0.0,26.91,17.47,15.86,125.9,106.5,0.745,0.2527,0.4056,0.327,0.5909,0.0,0.0,0.0,0.0,0.0,0.0,0.0,0.0,0.0,0.0,0.0,0.0,0.0,0.0,0.0,0.0,0.0,0.0,0.0,0.0,0.0,0.0,0.0,0.0,0.0,0.0,0.0,0.0,0.0,0.0,0.0,0.0,0.0,0.0,0.0,1.212E-4,0.0,3152.0,338600.0,63290.0,28150.0,860500.0,11750.0,4390.0,5999.0,5214.0,7983.0,0.0,1.0409999999999999E-33,5.78E-34,1.2629999999999999E-33,8.273E-34,7.132E-34,1.942E-32,5.725E-33,5.587E-34,1.4659999999999999E-33,4.472000000000001E-34,2.08E-35,0.0,42.33,17.61,54.87,30.78,3.908,4.855,1.491,5.13,5.304,2.466,0.0,0.0,0.9101,0.08858,0.001346,0.0,0.0,0.0,0.0,0.0,0.0,0.0,1.515,6.462,4.018,2.159,10.13,1.292,0.1807,0.2072,0.1994,0.1451,
0.0,5101.0,215.9,510.9,470.2,1.189,48.3,14.99,51.26,53.38,24.08,0.0,258.1,1.28,13.78,3.067,1.698,14.02,4.243,13.78,32.89,33.9,0.0,258.1,1.28,13.78,3.067,1.698,14.02,4.243,13.78,32.89,33.9,0.0,0.0,0.0,0.0,0.0,0.0,0.0,0.0,0.0,0.0,0.0,0.0,0.0,57.51,16.54,11.6,234.5,1.755,1.619,2.264,2.11,3.129,0.0,26.91,16.88,15.62,117.1,105.5,0.8145,0.2735,0.4046,0.3286,0.5903,0.0,0.0,0.0,0.0,0.0,0.0,0.0,0.0,0.0,0.0,0.0,0.0,0.0,0.0,0.0,0.0,0.0,0.0,0.0,0.0,0.0,0.0,0.0,0.0,0.0,0.0,0.0,0.0,0.0,0.0,0.0,0.0,0.0,0.0,0.0,1.0E-4,0.0,3152.0,334000.0,61260.0,27460.0,842200.0,11940.0,4422.0,5882.0,5159.0,7903.0,0.0,1.0409999999999999E-33,5.7790000000000005E-34,1.249E-33,8.22E-34,7.125E-34,1.942E-32,5.723E-33,5.5E-34,1.431E-33,4.459E-34,2.08E-35,0.0,42.33,17.61,54.62,31.03,3.888,4.855,1.491,5.13,5.345,2.424,0.0,0.0,0.9101,0.08858,0.001346,0.0,0.0,0.0,0.0,0.0,0.0,0.0,1.515,6.422,4.01,2.171,10.17,1.293,0.1807,0.2081,0.1933,0.1522,
0.0,5102.0,215.9,511.0,476.4,1.186,48.18,14.96,51.97,56.9,19.86,0.0,258.2,1.28,13.74,3.046,1.698,14.02,4.243,14.12,37.55,28.89,0.0,258.2,1.28,13.74,3.046,1.698,14.02,4.243,14.12,37.55,28.89,0.0,0.0,0.0,0.0,0.0,0.0,0.0,0.0,0.0,0.0,0.0,0.0,0.0,57.46,16.5,11.55,232.7,1.748,1.608,2.244,2.095,3.109,0.0,29.27,16.31,14.25,109.3,105.5,0.9339,0.3085,0.4074,0.3329,0.5926,0.0,0.0,0.0,0.0,0.0,0.0,0.0,0.0,0.0,0.0,0.0,0.0,0.0,0.0,0.0,0.0,0.0,0.0,0.0,0.0,0.0,0.0,0.0,0.0,0.0,0.0,0.0,0.0,0.0,0.0,0.0,0.0,0.0,0.0,0.0,1.0E-4,0.0,3387.0,311400.0,58230.0,26850.0,841800.0,12200.0,4527.0,5861.0,5213.0,7887.0,0.0,1.042E-33,5.777E-34,1.238E-33,8.116E-34,7.125E-34,1.942E-32,5.7199999999999995E-33,5.427E-34,1.4299999999999999E-33,4.1080000000000006E-34,2.08E-35,0.0,42.86,17.58,54.4,30.76,3.888,4.855,1.491,5.201,5.697,2.002,0.0,0.0,0.9101,0.08858,0.001346,0.0,0.0,0.0,0.0,0.0,0.0,0.0,1.538,6.413,4.007,2.158,10.12,1.292,0.1805,0.2081,0.2002,0.1437,
0.0,5103.0,220.4,499.1,464.0,1.183,47.99,14.9,51.96,56.89,19.85,0.0,258.2,1.315,13.67,3.139,1.629,14.02,4.243,14.12,37.55,28.89,0.0,258.2,1.315,13.67,3.139,1.629,14.02,4.243,14.12,37.55,28.89,0.0,0.0,0.0,0.0,0.0,0.0,0.0,0.0,0.0,0.0,0.0,0.0,0.0,57.48,16.5,11.57,233.6,1.769,1.612,2.249,2.101,3.123,0.0,34.3,15.94,17.4,114.5,110.8,1.11,0.3617,0.409,0.3358,0.5876,0.0,0.0,0.0,0.0,0.0,0.0,0.0,0.0,0.0,0.0,0.0,0.0,0.0,0.0,0.0,0.0,0.0,0.0,0.0,0.0,0.0,0.0,0.0,0.0,0.0,0.0,0.0,0.0,0.0,0.0,0.0,0.0,0.0,0.0,0.0,1.0E-4,0.0,3666.0,302600.0,56760.0,28220.0,854900.0,12680.0,4706.0,5961.0,5337.0,8086.0,0.0,1.0439999999999999E-33,5.794000000000001E-34,1.2239999999999999E-33,7.996E-34,7.1440000000000005E-34,1.942E-32,5.718E-33,5.356E-34,1.3909999999999999E-33,4.074E-34,2.08E-35,0.0,43.39,17.93,53.45,30.74,3.957,4.854,1.491,5.201,5.697,2.002,0.0,0.0,0.9101,0.08858,0.001346,0.0,0.0,0.0,0.0,0.0,0.0,0.0,1.561,6.379,3.997,2.181,10.07,1.291,0.1804,0.2078,0.2001,0.1433,
0.0,5103.0,220.5,503.4,487.6,1.17,47.7,14.82,51.96,56.88,19.85,0.0,258.2,1.296,13.77,3.03,1.657,14.02,4.243,14.12,37.55,28.89,0.0,258.2,1.296,13.77,3.03,1.657,14.02,4.243,14.12,37.55,28.89,0.0,0.0,0.0,0.0,0.0,0.0,0.0,0.0,0.0,0.0,0.0,0.0,0.0,57.42,16.48,11.52,231.8,1.747,1.598,2.233,2.084,3.094,0.0,34.3,8.896,13.56,100.5,107.6,1.399,0.4464,0.416,0.3459,0.593,0.0,0.0,0.0,0.0,0.0,0.0,0.0,0.0,0.0,0.0,0.0,0.0,0.0,0.0,0.0,0.0,0.0,0.0,0.0,0.0,0.0,0.0,0.0,0.0,0.0,0.0,0.0,0.0,0.0,0.0,0.0,0.0,0.0,0.0,0.0,1.166E-4,0.0,3666.0,302000.0,59990.0,28250.0,873300.0,13290.0,4927.0,6160.0,5524.0,8400.0,0.0,1.0439999999999999E-33,5.758000000000001E-34,1.218E-33,7.905E-34,7.121E-34,1.942E-32,5.716E-33,5.2890000000000005E-34,1.351E-33,4.04E-34,2.08E-35,0.0,43.39,17.77,53.66,30.76,3.891,4.854,1.491,5.201,5.697,2.002,0.0,0.0,0.9101,0.08858,0.001346,0.0,0.0,0.0,0.0,0.0,0.0,0.0,1.561,6.371,4.011,2.179,10.07,1.291,0.1804,0.2078,0.2,0.1433,
0.0,5103.0,218.4,507.2,490.1,1.155,47.36,14.61,63.48,45.33,19.84,0.0,258.2,1.21,13.94,2.939,1.659,14.03,4.245,14.15,29.39,37.01,0.0,258.2,1.21,13.94,2.939,1.659,14.03,4.245,14.15,29.39,37.01,0.0,0.0,0.0,0.0,0.0,0.0,0.0,0.0,0.0,0.0,0.0,0.0,0.0,57.03,16.57,11.4,230.3,1.739,1.588,2.213,2.069,3.074,0.0,34.3,8.813,13.43,96.36,108.0,1.823,0.5707,0.4262,0.3608,0.601,0.0,0.0,0.0,0.0,0.0,0.0,0.0,0.0,0.0,0.0,0.0,0.0,0.0,0.0,0.0,0.0,0.0,0.0,0.0,0.0,0.0,0.0,0.0,0.0,0.0,0.0,0.0,0.0,0.0,0.0,0.0,0.0,0.0,0.0,0.0,1.151E-4,0.0,3674.0,306800.0,62430.0,28520.0,889400.0,13820.0,5143.0,6516.0,5563.0,8683.0,0.0,1.0439999999999999E-33,5.740000000000001E-34,1.2059999999999999E-33,7.837000000000001E-34,7.1220000000000005E-34,1.944E-32,5.682E-33,5.364E-34,1.2989999999999999E-33,4.01E-34,2.08E-35,0.0,43.39,17.55,53.7,30.9,3.92,4.863,1.483,6.352,4.545,2.002,0.0,0.0,0.9101,0.08858,0.001346,0.0,0.0,0.0,0.0,0.0,0.0,0.0,1.561,6.322,4.044,2.184,9.997,1.291,0.1777,0.2361,0.1722,0.1423,
0.0,5103.0,209.1,506.5,492.3,10.55,46.75,14.41,62.44,46.52,19.67,0.0,258.2,1.214,13.9,2.96,1.672,14.02,4.239,14.08,29.08,37.4,0.0,258.2,1.214,13.9,2.96,1.672,14.02,4.239,14.08,29.08,37.4,0.0,0.0,0.0,0.0,0.0,0.0,0.0,0.0,0.0,0.0,0.0,0.0,0.0,57.09,16.64,11.46,230.1,1.739,1.588,2.213,2.069,3.074,0.0,34.3,8.913,13.52,94.74,107.8,2.424,0.747,0.4407,0.382,0.6124,0.0,0.0,0.0,0.0,0.0,0.0,0.0,0.0,0.0,0.0,0.0,0.0,0.0,0.0,0.0,0.0,0.0,0.0,0.0,0.0,0.0,0.0,0.0,0.0,0.0,0.0,0.0,0.0,0.0,0.0,0.0,0.0,0.0,0.0,0.0,1.143E-4,0.0,3674.0,314500.0,63060.0,28970.0,914400.0,14450.0,5396.0,6742.0,5793.0,9034.0,0.0,1.0439999999999999E-33,5.702E-34,1.194E-33,7.734E-34,7.157E-34,1.944E-32,5.682E-33,5.937E-34,1.171E-33,4.201E-34,2.08E-35,0.0,43.39,16.96,53.63,30.95,4.532,4.862,1.481,6.249,4.666,1.986,0.0,0.0,0.9101,0.08858,0.001346,0.0,0.0,0.0,0.0,0.0,0.0,0.0,1.561,6.216,4.026,2.183,10.07,1.29,0.1786,0.2351,0.1738,0.1391,
0.0,5103.0,210.9,505.1,493.6,10.56,47.04,14.5,62.44,46.53,19.67,0.0,258.2,1.51,13.47,2.946,1.829,14.02,4.238,14.08,29.08,37.4,0.0,258.2,1.51,13.47,2.946,1.829,14.02,4.238,14.08,29.08,37.4,0.0,0.0,0.0,0.0,0.0,0.0,0.0,0.0,0.0,0.0,0.0,0.0,0.0,56.83,16.39,11.06,229.0,1.37,1.512,2.111,1.952,2.818,0.0,34.3,8.822,13.57,92.91,108.3,2.012,0.6395,0.4069,0.3383,0.5303,0.0,0.0,0.0,0.0,0.0,0.0,0.0,0.0,0.0,0.0,0.0,0.0,0.0,0.0,0.0,0.0,0.0,0.0,0.0,0.0,0.0,0.0,0.0,0.0,0.0,0.0,0.0,0.0,0.0,0.0,0.0,0.0,0.0,0.0,0.0,1.0E-4,0.0,3689.0,310000.0,60870.0,27340.0,892600.0,12580.0,4933.0,6341.0,5210.0,7824.0,0.0,1.0439999999999999E-33,5.7030000000000004E-34,1.132E-33,7.589E-34,7.704000000000001E-34,1.944E-32,5.6799999999999996E-33,5.818E-34,1.135E-33,4.155000000000001E-34,2.08E-35,0.0,43.39,17.11,52.52,30.87,5.587,4.859,1.481,6.248,4.666,1.984,0.0,0.0,0.9159,0.08158,0.002489,0.0,0.0,0.0,0.0,0.0,0.0,0.0,1.561,6.218,4.006,2.175,10.13,1.278,0.1763,0.2322,0.1702,0.1309,
0.0,5103.0,211.0,505.7,496.0,10.56,47.3,14.58,62.45,46.54,19.68,0.0,258.2,1.512,13.58,2.987,1.672,14.02,4.239,14.08,29.08,37.4,0.0,258.2,1.512,13.58,2.987,1.672,14.02,4.239,14.08,29.08,37.4,0.0,0.0,0.0,0.0,0.0,0.0,0.0,0.0,0.0,0.0,0.0,0.0,0.0,57.09,16.42,11.4,226.6,1.719,1.565,2.18,2.039,3.031,0.0,34.3,8.731,13.43,90.0,107.8,1.873,0.5851,0.428,0.3634,0.604,0.0,0.0,0.0,0.0,0.0,0.0,0.0,0.0,0.0,0.0,0.0,0.0,0.0,0.0,0.0,0.0,0.0,0.0,0.0,0.0,0.0,0.0,0.0,0.0,0.0,0.0,0.0,0.0,0.0,0.0,0.0,0.0,0.0,0.0,0.0,1.0E-4,0.0,3711.0,289700.0,57300.0,27560.0,861600.0,13170.0,4838.0,6402.0,5233.0,8102.0,0.0,1.0439999999999999E-33,5.705E-34,1.1699999999999999E-33,7.501000000000001E-34,7.186E-34,1.943E-32,5.6779999999999995E-33,5.709E-34,1.1E-33,4.113E-34,2.08E-35,0.0,43.39,17.11,53.54,30.83,4.588,4.862,1.481,6.249,4.666,1.986,0.0,0.0,0.9159,0.08158,0.002489,0.0,0.0,0.0,0.0,0.0,0.0,0.0,1.561,6.225,3.999,2.199,10.02,1.29,0.1785,0.2347,0.1736,0.1387,
0.0,5107.0,207.8,508.8,493.7,10.54,47.64,14.56,62.47,46.56,19.25,0.0,258.2,1.505,13.59,2.988,1.671,15.03,4.239,14.11,29.11,36.34,0.0,258.2,1.505,13.59,2.988,1.671,15.03,4.239,14.11,29.11,36.34,0.0,0.0,0.0,0.0,0.0,0.0,0.0,0.0,0.0,0.0,0.0,0.0,0.0,56.92,16.45,11.32,224.9,1.705,1.554,2.15,2.022,3.004,0.0,34.3,8.624,13.4,89.05,107.8,1.93,0.6019,0.4294,0.3654,0.6051,0.0,0.0,0.0,0.0,0.0,0.0,0.0,0.0,0.0,0.0,0.0,0.0,0.0,0.0,0.0,0.0,0.0,0.0,0.0,0.0,0.0,0.0,0.0,0.0,0.0,0.0,0.0,0.0,0.0,0.0,0.0,0.0,0.0,0.0,0.0,1.0E-4,0.0,3735.0,281300.0,55000.0,26720.0,836200.0,12830.0,4719.0,6201.0,5043.0,7766.0,0.0,1.046E-33,5.688E-34,1.1599999999999999E-33,7.3780000000000005E-34,7.186E-34,1.939E-32,5.676E-33,5.6350000000000006E-34,1.068E-33,4.377E-34,2.08E-35,0.0,43.7,16.88,53.76,30.55,4.587,4.901,1.481,6.251,4.669,1.943,0.0,0.0,0.9159,0.08158,0.002489,0.0,0.0,0.0,0.0,0.0,0.0,0.0,1.586,6.158,4.065,2.173,10.01,1.288,0.1785,0.2349,0.1716,0.1408,
0.0,5110.0,207.9,506.8,492.3,10.52,47.37,14.48,62.46,46.55,19.24,0.0,258.2,1.507,13.55,2.986,1.671,15.03,4.239,14.11,29.11,36.34,0.0,258.2,1.507,13.55,2.986,1.671,15.03,4.239,14.11,29.11,36.34,0.0,0.0,0.0,0.0,0.0,0.0,0.0,0.0,0.0,0.0,0.0,0.0,0.0,56.9,16.45,11.3,224.0,1.683,1.55,2.146,2.016,2.99,0.0,34.3,8.587,13.39,88.67,107.8,2.199,0.6807,0.4359,0.3749,0.6102,0.0,0.0,0.0,0.0,0.0,0.0,0.0,0.0,0.0,0.0,0.0,0.0,0.0,0.0,0.0,0.0,0.0,0.0,0.0,0.0,0.0,0.0,0.0,0.0,0.0,0.0,0.0,0.0,0.0,0.0,0.0,0.0,0.0,0.0,0.0,1.001E-4,0.0,3765.0,281100.0,53460.0,26280.0,820000.0,12820.0,4746.0,6043.0,4991.0,7636.0,0.0,1.048E-33,5.688E-34,1.146E-33,7.267000000000001E-34,7.186E-34,1.939E-32,5.673E-33,5.539E-34,1.037E-33,4.348E-34,2.08E-35,0.0,44.01,16.88,53.58,30.42,4.587,4.901,1.481,6.251,4.669,1.943,0.0,0.0,0.9159,0.08158,0.002489,0.0,0.0,0.0,0.0,0.0,0.0,0.0,1.611,6.154,4.037,2.158,10.01,1.288,0.1784,0.2347,0.1715,0.1406,
0.0,5110.0,207.2,506.9,493.1,10.48,47.28,13.96,63.25,45.74,19.23,0.0,258.2,1.505,13.55,2.988,1.671,14.28,4.219,14.31,29.12,36.91,0.0,258.2,1.505,13.55,2.988,1.671,14.28,4.219,14.31,29.12,36.91,0.0,0.0,0.0,0.0,0.0,0.0,0.0,0.0,0.0,0.0,0.0,0.0,0.0,56.87,16.43,11.27,223.1,1.682,1.54,2.135,2.004,2.975,0.0,34.3,8.593,13.39,88.5,107.9,2.672,0.8194,0.4473,0.3915,0.6191,0.0,0.0,0.0,0.0,0.0,0.0,0.0,0.0,0.0,0.0,0.0,0.0,0.0,0.0,0.0,0.0,0.0,0.0,0.0,0.0,0.0,0.0,0.0,0.0,0.0,0.0,0.0,0.0,0.0,0.0,0.0,0.0,0.0,0.0,0.0,1.18E-4,0.0,3788.0,286300.0,53150.0,26540.0,826400.0,13140.0,4830.0,6084.0,5064.0,7737.0,0.0,1.048E-33,5.682000000000001E-34,1.135E-33,7.167E-34,7.186E-34,1.958E-32,5.4729999999999995E-33,5.45E-34,1.0079999999999999E-33,4.319E-34,2.08E-35,0.0,44.01,16.82,53.58,30.47,4.587,4.939,1.444,6.331,4.589,1.943,0.0,0.0,0.9159,0.08158,0.002489,0.0,0.0,0.0,0.0,0.0,0.0,0.0,1.611,6.136,4.053,2.16,10.01,1.298,0.1683,0.2347,0.1715,0.1406,
0.0,5110.0,206.1,506.4,493.9,1.135,46.58,13.75,63.23,45.71,19.22,0.0,258.2,1.505,13.55,2.988,1.659,14.28,4.219,14.31,29.12,36.91,0.0,258.2,1.505,13.55,2.988,1.659,14.28,4.219,14.31,29.12,36.91,0.0,0.0,0.0,0.0,0.0,0.0,0.0,0.0,0.0,0.0,0.0,0.0,0.0,56.83,16.39,11.23,222.2,1.697,1.534,2.12,1.996,2.969,0.0,34.3,9.658,14.0,87.79,116.5,3.361,1.023,0.4612,0.4124,0.6237,0.0,0.0,0.0,0.0,0.0,0.0,0.0,0.0,0.0,0.0,0.0,0.0,0.0,0.0,0.0,0.0,0.0,0.0,0.0,0.0,0.0,0.0,0.0,0.0,0.0,0.0,0.0,0.0,0.0,0.0,0.0,0.0,0.0,0.0,0.0,1.159E-4,0.0,3795.0,294800.0,53890.0,26880.0,839800.0,13520.0,5003.0,6210.0,5193.0,7919.0,0.0,1.048E-33,5.681E-34,1.123E-33,7.0610000000000005E-34,7.177000000000001E-34,1.957E-32,5.471E-33,5.378E-34,9.809E-34,4.291E-34,2.08E-35,0.0,44.01,16.82,53.58,30.47,4.573,4.938,1.444,6.331,4.589,1.942,0.0,0.0,0.9159,0.08158,0.002489,0.0,0.0,0.0,0.0,0.0,0.0,0.0,1.611,6.133,4.055,2.158,9.97,1.297,0.1682,0.2345,0.1713,0.14,
0.0,5191.0,260.9,298.2,575.9,3.378,28.18,52.47,49.65,12.13,5.168,0.0,258.6,5.549,17.31,1.141,2.439,21.69,12.11,17.66,8.326,31.15,0.0,258.6,5.549,17.31,1.141,2.439,21.69,12.11,17.66,8.326,31.15,0.0,0.0,0.0,0.0,0.0,0.0,0.0,0.0,0.0,0.0,0.0,0.0,0.0,60.35,20.88,7.766,188.6,2.338,1.235,1.802,1.562,2.508,0.0,71.94,33.42,22.24,81.77,65.35,5.779,0.3098,0.2565,0.2713,0.4196,0.0,0.0,0.0,0.0,0.0,0.0,0.0,0.0,0.0,0.0,0.0,0.0,0.0,0.0,0.0,0.0,0.0,0.0,0.0,0.0,0.0,0.0,0.0,0.0,0.0,0.0,0.0,0.0,0.0,0.0,0.0,0.0,0.0,0.0,0.0,1.258E-4,0.0,4972.0,476300.0,134100.0,22040.0,881600.0,17810.0,3931.0,6489.0,4511.0,7760.0,0.0,1.2939999999999999E-33,2.3249999999999998E-33,1.598E-33,9.173999999999999E-33,2.818E-34,6.712999999999999E-33,1.39E-34,1.004E-34,7.814E-35,1.124E-34,2.08E-35,0.0,53.03,28.29,33.96,32.76,3.575,3.415,5.344,5.07,1.23,0.6833,0.0,0.0,0.788,0.1927,0.001508,0.01774,0.0,0.0,0.0,0.0,0.0,0.0,2.101,6.601,3.627,1.924,9.28,1.25,0.216,0.205,0.08791,0.1375,
0.0,5200.0,268.4,307.8,571.7,3.581,29.51,52.5,49.66,12.14,5.188,0.0,258.6,5.552,17.33,1.128,2.421,21.69,12.11,17.66,8.326,31.15,0.0,258.6,5.552,17.33,1.128,2.421,21.69,12.11,17.66,8.326,31.15,0.0,0.0,0.0,0.0,0.0,0.0,0.0,0.0,0.0,0.0,0.0,0.0,0.0,60.71,21.08,7.633,189.2,2.326,1.223,1.789,1.547,2.487,0.0,71.94,25.33,17.7,72.04,64.95,4.668,0.3224,0.3007,0.3205,0.541,0.0,0.0,0.0,0.0,0.0,0.0,0.0,0.0,0.0,0.0,0.0,0.0,0.0,0.0,0.0,0.0,0.0,0.0,0.0,0.0,0.0,0.0,0.0,0.0,0.0,0.0,0.0,0.0,0.0,0.0,0.0,0.0,0.0,0.0,0.0,1.319E-4,0.0,4990.0,454500.0,129000.0,21660.0,852600.0,16800.0,3910.0,6238.0,4456.0,7510.0,0.0,1.2939999999999999E-33,2.3249999999999998E-33,1.598E-33,8.623E-33,2.815E-34,6.712E-33,1.386E-34,9.527E-35,7.7E-35,1.1180000000000002E-34,2.08E-35,0.0,53.98,28.25,34.24,31.5,3.56,3.43,5.347,5.073,1.234,0.6928,0.0,0.0,0.788,0.1927,0.001508,0.01774,0.0,0.0,0.0,0.0,0.0,0.0,2.151,6.606,3.653,1.853,9.268,1.249,0.2159,0.2049,0.0878,0.1372,
0.0,5200.0,268.2,307.1,584.8,3.634,30.69,52.53,49.66,12.15,5.206,0.0,258.6,5.562,17.25,1.19,2.419,21.69,12.11,17.66,8.326,31.15,0.0,258.6,5.562,17.25,1.19,2.419,21.69,12.11,17.66,8.326,31.15,0.0,0.0,0.0,0.0,0.0,0.0,0.0,0.0,0.0,0.0,0.0,0.0,0.0,62.72,21.24,6.711,189.0,2.325,1.213,1.778,1.535,2.472,0.0,71.94,24.27,16.62,62.05,64.58,3.488,0.2984,0.2958,0.3095,0.5228,0.0,0.0,0.0,0.0,0.0,0.0,0.0,0.0,0.0,0.0,0.0,0.0,0.0,0.0,0.0,0.0,0.0,0.0,0.0,0.0,0.0,0.0,0.0,0.0,0.0,0.0,0.0,0.0,0.0,0.0,0.0,0.0,0.0,0.0,0.0,1.282E-4,0.0,4990.0,450500.0,128000.0,21870.0,831300.0,15800.0,3904.0,6087.0,4420.0,7323.0,0.0,1.2939999999999999E-33,2.329E-33,1.5779999999999998E-33,8.1E-33,2.809E-34,6.711E-33,1.382E-34,9.039E-35,7.59E-35,1.112E-34,2.08E-35,0.0,53.98,28.21,33.95,31.84,3.526,3.43,5.347,5.073,1.234,0.6928,0.0,0.0,0.788,0.1927,0.001508,0.01774,0.0,0.0,0.0,0.0,0.0,0.0,2.151,6.654,3.657,1.809,9.262,1.249,0.2159,0.2049,0.08778,0.1372,
0.0,5200.0,265.7,306.9,592.4,3.585,31.03,52.53,49.67,12.16,5.211,0.0,258.6,5.562,17.25,1.19,2.419,21.69,12.11,17.66,8.326,31.15,0.0,258.6,5.562,17.25,1.19,2.419,21.69,12.11,17.66,8.326,31.15,0.0,0.0,0.0,0.0,0.0,0.0,0.0,0.0,0.0,0.0,0.0,0.0,0.0,62.72,21.24,6.711,189.0,2.325,1.213,1.778,1.535,2.472,0.0,71.94,26.81,16.57,54.72,64.63,3.157,0.2915,0.2937,0.3062,0.5174,0.0,0.0,0.0,0.0,0.0,0.0,0.0,0.0,0.0,0.0,0.0,0.0,0.0,0.0,0.0,0.0,0.0,0.0,0.0,0.0,0.0,0.0,0.0,0.0,0.0,0.0,0.0,0.0,0.0,0.0,0.0,0.0,0.0,0.0,0.0,1.226E-4,0.0,4990.0,458400.0,130200.0,22160.0,834800.0,15490.0,3969.0,6110.0,4493.0,7371.0,0.0,1.2939999999999999E-33,2.329E-33,1.575E-33,7.580999999999999E-33,2.809E-34,6.709E-33,1.378E-34,8.582E-35,7.488E-35,1.106E-34,2.08E-35,0.0,53.98,28.21,33.93,31.86,3.526,3.43,5.347,5.073,1.234,0.6928,0.0,0.0,0.788,0.1927,0.001508,0.01774,0.0,0.0,0.0,0.0,0.0,0.0,2.151,6.649,3.662,1.808,9.255,1.249,0.2159,0.2049,0.08781,0.1372,
0.0,5200.0,260.3,299.9,601.9,3.464,30.84,52.53,49.67,12.15,5.21,0.0,258.6,5.562,17.33,1.11,2.419,21.68,12.11,17.66,8.326,31.15,0.0,258.6,5.562,17.33,1.11,2.419,21.68,12.11,17.66,8.326,31.15,0.0,0.0,0.0,0.0,0.0,0.0,0.0,0.0,0.0,0.0,0.0,0.0,0.0,62.72,21.24,6.711,189.0,2.325,1.213,1.778,1.535,2.472,0.0,71.94,32.06,17.53,51.3,64.75,3.267,0.2935,0.293,0.307,0.5187,0.0,0.0,0.0,0.0,0.0,0.0,0.0,0.0,0.0,0.0,0.0,0.0,0.0,0.0,0.0,0.0,0.0,0.0,0.0,0.0,0.0,0.0,0.0,0.0,0.0,0.0,0.0,0.0,0.0,0.0,0.0,0.0,0.0,0.0,0.0,1.208E-4,0.0,5000.0,473600.0,134200.0,22110.0,845200.0,15590.0,4026.0,6180.0,4571.0,7486.0,0.0,1.2939999999999999E-33,2.3299999999999998E-33,1.574E-33,7.084E-33,2.809E-34,6.708E-33,1.375E-34,8.157E-35,7.392E-35,1.1000000000000002E-34,2.08E-35,0.0,53.99,28.23,33.28,32.5,3.526,3.423,5.347,5.073,1.234,0.6928,0.0,0.0,0.788,0.1927,0.001508,0.01774,0.0,0.0,0.0,0.0,0.0,0.0,2.163,6.655,3.62,1.843,9.25,1.237,0.2159,0.2049,0.0878,0.1372,
0.0,5225.0,252.6,297.9,578.6,3.286,30.44,52.52,49.67,12.15,5.204,0.0,258.6,5.561,17.32,1.117,2.42,21.68,12.11,17.66,8.326,31.15,0.0,258.6,5.561,17.32,1.117,2.42,21.68,12.11,17.66,8.326,31.15,0.0,0.0,0.0,0.0,0.0,0.0,0.0,0.0,0.0,0.0,0.0,0.0,0.0,62.6,21.15,6.599,185.5,2.281,1.185,1.747,1.5,2.416,0.0,71.94,39.73,19.32,49.57,64.94,3.663,0.3014,0.2935,0.3105,0.5245,0.0,0.0,0.0,0.0,0.0,0.0,0.0,0.0,0.0,0.0,0.0,0.0,0.0,0.0,0.0,0.0,0.0,0.0,0.0,0.0,0.0,0.0,0.0,0.0,0.0,0.0,0.0,0.0,0.0,0.0,0.0,0.0,0.0,0.0,0.0,1.009E-4,0.0,5093.0,493100.0,138700.0,21120.0,836300.0,15940.0,3848.0,6037.0,4387.0,7318.0,0.0,1.3119999999999999E-33,2.3299999999999998E-33,1.571E-33,6.676E-33,2.809E-34,6.705E-33,1.372E-34,7.759000000000001E-35,7.303E-35,1.095E-34,2.08E-35,0.0,55.52,28.23,33.24,31.0,3.526,3.423,5.347,5.073,1.234,0.6928,0.0,0.0,0.788,0.1927,0.001508,0.01774,0.0,0.0,0.0,0.0,0.0,0.0,2.253,6.653,3.621,1.754,9.25,1.237,0.2159,0.2049,0.0878,0.1372,
0.0,5266.0,242.8,295.4,541.5,3.043,30.2,51.98,49.67,12.15,5.195,0.0,258.7,5.561,17.27,1.165,2.42,21.66,12.11,17.66,8.326,31.15,0.0,258.7,5.561,17.27,1.165,2.42,21.66,12.11,17.66,8.326,31.15,0.0,0.0,0.0,0.0,0.0,0.0,0.0,0.0,0.0,0.0,0.0,0.0,0.0,62.6,21.15,6.599,185.5,2.281,1.185,1.747,1.5,2.416,0.0,72.28,49.55,21.34,45.98,65.18,4.283,0.3138,0.2951,0.3161,0.5338,0.0,0.0,0.0,0.0,0.0,0.0,0.0,0.0,0.0,0.0,0.0,0.0,0.0,0.0,0.0,0.0,0.0,0.0,0.0,0.0,0.0,0.0,0.0,0.0,0.0,0.0,0.0,0.0,0.0,0.0,0.0,0.0,0.0,0.0,0.0,1.195E-4,0.0,5232.0,515700.0,144300.0,20930.0,845500.0,16430.0,3810.0,6052.0,4369.0,7373.0,0.0,1.3889999999999999E-33,2.3299999999999998E-33,1.5679999999999998E-33,6.147E-33,2.809E-34,6.703E-33,1.369E-34,7.383E-35,7.218E-35,1.0900000000000001E-34,2.08E-35,0.0,56.67,28.23,33.15,29.96,3.526,3.461,5.293,5.073,1.234,0.6928,0.0,0.0,0.788,0.1927,0.001508,0.01774,0.0,0.0,0.0,0.0,0.0,0.0,2.297,6.65,3.618,1.736,9.231,1.217,0.2152,0.2047,0.08775,0.1371,
0.0,5277.0,271.2,341.2,405.2,3.825,59.58,52.39,50.83,13.01,6.416,0.0,258.7,4.399,18.52,1.326,2.393,21.31,12.06,17.67,8.309,31.13,0.0,258.7,4.399,18.52,1.326,2.393,21.31,12.06,17.67,8.309,31.13,0.0,0.0,0.0,0.0,0.0,0.0,0.0,0.0,0.0,0.0,0.0,0.0,0.0,68.23,20.82,7.922,185.6,2.557,1.189,1.766,1.51,2.434,0.0,72.28,36.15,31.74,56.99,65.07,6.503,0.3407,0.3608,0.3667,0.6063,0.0,0.0,0.0,0.0,0.0,0.0,0.0,0.0,0.0,0.0,0.0,0.0,0.0,0.0,0.0,0.0,0.0,0.0,0.0,0.0,0.0,0.0,0.0,0.0,0.0,0.0,0.0,0.0,0.0,0.0,0.0,0.0,0.0,0.0,0.0,1.0E-4,0.0,5279.0,526200.0,103600.0,32020.0,861700.0,17240.0,3807.0,6195.0,4438.0,7554.0,0.0,1.398E-33,2.893E-33,3.205E-33,3.262E-33,2.8950000000000003E-34,6.974E-33,1.3430000000000001E-34,7.814E-35,7.559E-35,1.139E-34,2.08E-35,0.0,57.23,24.8,38.03,25.77,3.485,4.782,5.312,5.125,1.272,0.7464,0.0,0.0,0.8362,0.1246,0.01962,0.01965,0.0,0.0,0.0,0.0,0.0,0.0,2.331,7.099,3.299,1.728,9.221,1.096,0.2093,0.2031,0.08412,0.1319,
0.0,5280.0,275.6,401.5,403.7,4.021,36.67,52.22,49.74,12.3,5.415,0.0,258.7,4.399,19.17,0.9834,2.411,20.93,14.56,15.18,8.306,31.12,0.0,258.7,4.399,19.17,0.9834,2.411,20.93,14.56,15.18,8.306,31.12,0.0,0.0,0.0,0.0,0.0,0.0,0.0,0.0,0.0,0.0,0.0,0.0,0.0,68.24,21.39,7.803,185.6,3.036,1.196,1.785,1.524,2.453,0.0,72.28,31.22,18.3,37.78,64.89,2.265,0.2731,0.2866,0.2969,0.5032,0.0,0.0,0.0,0.0,0.0,0.0,0.0,0.0,0.0,0.0,0.0,0.0,0.0,0.0,0.0,0.0,0.0,0.0,0.0,0.0,0.0,0.0,0.0,0.0,0.0,0.0,0.0,0.0,0.0,0.0,0.0,0.0,0.0,0.0,0.0,1.0E-4,0.0,5334.0,495200.0,98170.0,31430.0,888700.0,16580.0,3896.0,6386.0,4578.0,7829.0,0.0,1.408E-33,2.894E-33,5.251E-33,1.288E-33,2.991E-34,6.779E-33,1.52E-34,5.7E-35,7.355E-35,1.123E-34,2.08E-35,0.0,57.6,24.77,39.95,24.89,3.488,3.344,5.306,5.059,1.231,0.6887,0.0,0.0,0.8362,0.1246,0.01962,0.01965,0.0,0.0,0.0,0.0,0.0,0.0,2.362,7.101,3.255,1.641,9.221,1.165,0.2145,0.2038,0.08654,0.1354,
0.0,5290.0,278.7,416.0,376.8,4.096,37.07,52.81,49.16,12.3,5.422,0.0,258.7,4.378,18.7,1.408,2.334,20.93,15.26,14.47,8.306,31.12,0.0,258.7,4.378,18.7,1.408,2.334,20.93,15.26,14.47,8.306,31.12,0.0,0.0,0.0,0.0,0.0,0.0,0.0,0.0,0.0,0.0,0.0,0.0,0.0,68.19,22.2,9.197,185.5,3.035,1.186,1.774,1.513,2.439,0.0,72.28,28.41,13.46,35.47,65.94,1.864,0.2644,0.2835,0.2933,0.4956,0.0,0.0,0.0,0.0,0.0,0.0,0.0,0.0,0.0,0.0,0.0,0.0,0.0,0.0,0.0,0.0,0.0,0.0,0.0,0.0,0.0,0.0,0.0,0.0,0.0,0.0,0.0,0.0,0.0,0.0,0.0,0.0,0.0,0.0,0.0,1.259E-4,0.0,5382.0,487600.0,96170.0,32290.0,892500.0,16200.0,3976.0,6335.0,4671.0,7944.0,0.0,1.4169999999999999E-33,2.892E-33,4.997E-33,1.3269999999999999E-33,2.972E-34,6.779E-33,1.508E-34,5.488E-35,7.286E-35,1.1180000000000002E-34,2.08E-35,0.0,58.16,24.75,39.49,24.19,3.422,3.344,5.364,5.001,1.231,0.6887,0.0,0.0,0.8362,0.1246,0.01962,0.01965,0.0,0.0,0.0,0.0,0.0,0.0,2.395,7.098,3.223,1.601,9.264,1.165,0.2146,0.2037,0.08654,0.1354,
0.0,5293.0,268.6,418.0,378.3,4.039,37.09,52.81,49.17,12.3,5.426,0.0,258.7,4.192,19.13,1.066,2.387,20.93,15.26,14.47,8.306,31.12,0.0,258.7,4.192,19.13,1.066,2.387,20.93,15.26,14.47,8.306,31.12,0.0,0.0,0.0,0.0,0.0,0.0,0.0,0.0,0.0,0.0,0.0,0.0,0.0,65.71,25.74,9.004,183.7,3.028,1.175,1.755,1.498,2.419,0.0,72.28,29.55,11.49,34.68,68.73,1.848,0.2622,0.2783,0.2923,0.4922,0.0,0.0,0.0,0.0,0.0,0.0,0.0,0.0,0.0,0.0,0.0,0.0,0.0,0.0,0.0,0.0,0.0,0.0,0.0,0.0,0.0,0.0,0.0,0.0,0.0,0.0,0.0,0.0,0.0,0.0,0.0,0.0,0.0,0.0,0.0,1.283E-4,0.0,5422.0,469700.0,120400.0,32400.0,864500.0,15550.0,3969.0,6139.0,4604.0,7682.0,0.0,1.427E-33,2.76E-33,5.076E-33,1.3009999999999999E-33,3.018E-34,6.779E-33,1.4970000000000001E-34,5.292000000000001E-35,7.221E-35,1.114E-34,2.08E-35,0.0,58.53,23.98,39.52,24.18,3.576,3.344,5.364,5.001,1.231,0.6887,0.0,0.0,0.7944,0.1664,0.01962,0.01965,0.0,0.0,0.0,0.0,0.0,0.0,2.426,6.893,3.383,1.61,9.247,1.165,0.2146,0.2035,0.08648,0.1353,
0.0,5293.0,263.0,353.4,404.6,3.898,36.88,52.81,49.17,12.3,5.425,0.0,258.7,4.191,19.17,1.025,2.388,20.93,15.27,14.46,8.306,31.12,0.0,258.7,4.191,19.17,1.025,2.388,20.93,15.27,14.46,8.306,31.12,0.0,0.0,0.0,0.0,0.0,0.0,0.0,0.0,0.0,0.0,0.0,0.0,0.0,65.67,25.72,8.99,182.8,3.007,1.171,1.75,1.492,2.405,0.0,72.28,35.17,35.56,48.76,68.89,2.051,0.2647,0.2742,0.2935,0.4925,0.0,0.0,0.0,0.0,0.0,0.0,0.0,0.0,0.0,0.0,0.0,0.0,0.0,0.0,0.0,0.0,0.0,0.0,0.0,0.0,0.0,0.0,0.0,0.0,0.0,0.0,0.0,0.0,0.0,0.0,0.0,0.0,0.0,0.0,0.0,1.004E-4,0.0,5429.0,484000.0,123900.0,33160.0,857200.0,15370.0,4020.0,6109.0,4630.0,7625.0,0.0,1.427E-33,2.76E-33,5.118E-33,1.2549999999999999E-33,3.0190000000000002E-34,6.778E-33,1.4870000000000001E-34,5.111E-35,7.161E-35,1.111E-34,2.08E-35,0.0,58.53,23.98,39.52,24.17,3.576,3.344,5.364,5.001,1.231,0.6887,0.0,0.0,0.7944,0.1664,0.01962,0.01965,0.0,0.0,0.0,0.0,0.0,0.0,2.426,6.866,3.398,1.618,9.252,1.165,0.2159,0.2022,0.08648,0.1353,
0.0,5295.0,256.8,378.0,394.3,3.69,36.5,52.81,49.17,12.3,5.421,0.0,258.7,4.269,19.09,1.032,2.39,20.93,15.27,14.46,8.306,31.12,0.0,258.7,4.269,19.09,1.032,2.39,20.93,15.27,14.46,8.306,31.12,0.0,0.0,0.0,0.0,0.0,0.0,0.0,0.0,0.0,0.0,0.0,0.0,0.0,65.64,25.7,8.974,182.9,3.007,1.171,1.75,1.492,2.405,0.0,72.28,44.15,25.77,39.88,69.13,2.434,0.2716,0.2733,0.2968,0.4968,0.0,0.0,0.0,0.0,0.0,0.0,0.0,0.0,0.0,0.0,0.0,0.0,0.0,0.0,0.0,0.0,0.0,0.0,0.0,0.0,0.0,0.0,0.0,0.0,0.0,0.0,0.0,0.0,0.0,0.0,0.0,0.0,0.0,0.0,0.0,1.207E-4,0.0,5455.0,504400.0,127800.0,33850.0,867900.0,15560.0,4115.0,6207.0,4740.0,7749.0,0.0,1.432E-33,2.833E-33,5.044E-33,1.248E-33,3.02E-34,6.778E-33,1.477E-34,4.943E-35,7.105E-35,1.1070000000000001E-34,2.08E-35,0.0,58.72,24.26,39.22,24.0,3.579,3.344,5.364,5.001,1.231,0.6887,0.0,0.0,0.7944,0.1664,0.01962,0.01965,0.0,0.0,0.0,0.0,0.0,0.0,2.441,6.838,3.396,1.603,9.28,1.165,0.2159,0.2022,0.08648,0.1353,
