entropy,entropyInd,RabA,RabB,RabC,RabD,RabE,RabF,RabG,RabH,RabI,xER,xPM,
2.174,0.1683,0.1432,0.075,0.04334,0.2284,0.1243,0.03284,0.01149,0.1508,0.04271,0.07397,0.07397,
2.097,0.1796,0.09665,0.05093,0.02973,0.1555,0.08417,0.02258,0.007898,0.1037,0.02936,0.2087,0.2108,
2.1,0.1766,0.0994,0.05103,0.02972,0.1526,0.08266,0.02266,0.007926,0.1041,0.03051,0.2085,0.211,
2.099,0.1622,0.09907,0.05105,0.02973,0.1512,0.08183,0.02268,0.007932,0.1041,0.03054,0.2097,0.2121,
2.098,0.1633,0.09837,0.05096,0.02979,0.1498,0.08133,0.02275,0.007955,0.1045,0.03063,0.2104,0.2135,
2.1,0.1726,0.09985,0.05075,0.0298,0.1499,0.08079,0.02279,0.00797,0.1047,0.03158,0.2109,0.211,
2.105,0.174,0.1039,0.05082,0.02985,0.15,0.07964,0.02285,0.007988,0.1049,0.03274,0.2104,0.207,
2.104,0.1687,0.1024,0.05085,0.02988,0.1501,0.07883,0.02289,0.008003,0.1051,0.0328,0.2108,0.2083,
2.1,0.162,0.1011,0.0509,0.02954,0.149,0.07716,0.02293,0.008013,0.1053,0.03286,0.2122,0.2109,
2.1,0.156,0.1007,0.05097,0.02959,0.1476,0.07671,0.02297,0.008025,0.1055,0.03292,0.2126,0.2124,
2.099,0.1554,0.09999,0.05096,0.02962,0.1466,0.07625,0.02303,0.008045,0.1058,0.033,0.2132,0.2136,
2.098,0.1462,0.09939,0.05089,0.02959,0.1464,0.07605,0.02297,0.008037,0.1057,0.03297,0.214,0.214,
2.097,0.1548,0.09946,0.05092,0.02961,0.1459,0.07548,0.02296,0.008042,0.1058,0.03299,0.2142,0.2148,
2.108,0.1636,0.107,0.05092,0.02961,0.1457,0.0755,0.02296,0.008045,0.1058,0.03603,0.2112,0.2072,
2.114,0.1633,0.113,0.05089,0.02962,0.1457,0.07464,0.02297,0.008048,0.1059,0.03781,0.2095,0.202,
2.114,0.173,0.1128,0.05084,0.02962,0.1456,0.07467,0.02298,0.008051,0.1059,0.03783,0.2096,0.2021,
2.119,0.1526,0.1103,0.05079,0.02957,0.145,0.07466,0.02298,0.008049,0.1059,0.04196,0.2065,0.2043,
2.118,0.1545,0.1094,0.05076,0.02956,0.1445,0.07466,0.02298,0.008049,0.1059,0.04196,0.2075,0.2048,
2.118,0.1532,0.1093,0.05078,0.02958,0.1441,0.07424,0.02296,0.008054,0.1059,0.04198,0.2076,0.2054,
2.118,0.1565,0.1093,0.0508,0.02958,0.144,0.07427,0.02297,0.008056,0.106,0.042,0.2077,0.2054,
2.117,0.1624,0.1089,0.05077,0.02957,0.1435,0.07395,0.02295,0.008051,0.1059,0.04197,0.2086,0.2059,
2.118,0.1419,0.1089,0.0508,0.02959,0.1428,0.07388,0.02294,0.008058,0.106,0.04279,0.208,0.2062,
2.118,0.1444,0.1084,0.05076,0.02957,0.1426,0.07385,0.02293,0.008055,0.106,0.04321,0.2085,0.2062,
2.117,0.1358,0.1078,0.05056,0.02956,0.1422,0.07384,0.02293,0.008053,0.1059,0.0432,0.2095,0.2064,
2.117,0.1413,0.1078,0.05049,0.02956,0.1421,0.0735,0.02293,0.008055,0.106,0.04321,0.2096,0.2068,
2.116,0.1357,0.1075,0.05044,0.02954,0.1418,0.0731,0.02292,0.00805,0.1059,0.04318,0.2105,0.207,
2.114,0.1372,0.1085,0.05046,0.02955,0.1416,0.07041,0.02293,0.008054,0.1059,0.0436,0.2102,0.2088,
2.112,0.1427,0.1081,0.05048,0.02929,0.1415,0.06947,0.02294,0.008058,0.106,0.04362,0.2103,0.2102,
2.108,0.1472,0.1072,0.05037,0.02882,0.1413,0.06754,0.0229,0.008043,0.1058,0.04354,0.212,0.2125,
2.119,0.1371,0.1128,0.05035,0.02881,0.1412,0.06699,0.02291,0.008049,0.1059,0.04854,0.2072,0.2073,
2.118,0.1348,0.1125,0.05029,0.0288,0.141,0.06666,0.0229,0.008044,0.1058,0.04851,0.2081,0.2074,
2.121,0.1464,0.112,0.05031,0.02884,0.1405,0.06664,0.02289,0.008824,0.1063,0.04883,0.2075,0.2074,
2.12,0.1325,0.111,0.05027,0.02889,0.1408,0.06682,0.02293,0.008818,0.1066,0.04814,0.2084,0.2073,
2.119,0.1377,0.1106,0.0505,0.02896,0.1405,0.06601,0.02294,0.009157,0.1076,0.04691,0.2085,0.2082,
2.118,0.1422,0.1104,0.05058,0.02905,0.1404,0.06565,0.02308,0.009159,0.1082,0.04624,0.2086,0.2087,
2.119,0.1517,0.1139,0.05086,0.02908,0.1407,0.06513,0.02325,0.009116,0.1102,0.04432,0.2084,0.205,
2.121,0.144,0.1132,0.05104,0.02876,0.1407,0.06482,0.02297,0.00937,0.1106,0.04598,0.2069,0.2057,
2.149,0.1725,0.1126,0.05121,0.02828,0.1404,0.06375,0.02287,0.02766,0.09352,0.0445,0.2078,0.2074,
2.149,0.1845,0.1121,0.05119,0.02832,0.1403,0.06371,0.02286,0.0279,0.09394,0.04418,0.2083,0.2072,
2.126,0.1895,0.1114,0.05147,0.02843,0.1404,0.0779,0.008302,0.02816,0.0937,0.04419,0.2083,0.2077,
2.126,0.1808,0.1108,0.05154,0.02854,0.1405,0.07709,0.008424,0.02827,0.09336,0.04415,0.2092,0.2082,
2.13,0.1722,0.1152,0.05153,0.02865,0.1403,0.0771,0.008426,0.0284,0.09353,0.04492,0.2082,0.2038,
2.131,0.1594,0.1142,0.05147,0.02884,0.1408,0.07579,0.00843,0.02842,0.09461,0.04562,0.2066,0.2053,
2.13,0.165,0.1141,0.05127,0.02889,0.1407,0.07527,0.008423,0.02839,0.09453,0.04586,0.2071,0.2055,
2.131,0.1622,0.1139,0.05122,0.02902,0.1405,0.07479,0.008425,0.0284,0.09652,0.04576,0.2053,0.2061,
2.129,0.1633,0.1134,0.05106,0.02875,0.1403,0.07431,0.00842,0.02852,0.09697,0.04513,0.2063,0.2068,
2.125,0.1646,0.1129,0.05106,0.02826,0.1398,0.07421,0.008524,0.02817,0.09822,0.04344,0.2088,0.2067,
2.125,0.1661,0.1142,0.0514,0.02827,0.1397,0.07381,0.008515,0.02827,0.1008,0.04177,0.2084,0.2049,
2.125,0.1706,0.114,0.05136,0.02837,0.1395,0.07384,0.008519,0.02829,0.1011,0.04154,0.2085,0.205,
2.124,0.1659,0.1134,0.05153,0.02844,0.1394,0.07303,0.008381,0.02839,0.1012,0.04114,0.2093,0.2057,
2.122,0.1953,0.111,0.05174,0.02852,0.1414,0.07222,0.008383,0.0284,0.1016,0.04079,0.2094,0.2066,
2.122,0.1766,0.11,0.05207,0.02859,0.1418,0.07158,0.008386,0.02875,0.102,0.04012,0.2094,0.2073,
2.122,0.1769,0.1096,0.05215,0.02869,0.1417,0.07161,0.008659,0.02849,0.102,0.04013,0.2095,0.2074,
2.122,0.1725,0.1087,0.05239,0.02881,0.1421,0.07162,0.008661,0.0285,0.1023,0.03992,0.2096,0.2074,
2.12,0.1668,0.1085,0.05236,0.02887,0.1422,0.07164,0.008662,0.0285,0.1044,0.03784,0.2096,0.2074,
2.122,0.1926,0.1092,0.05243,0.02892,0.1423,0.07084,0.008789,0.02836,0.1043,0.03896,0.2094,0.2065,
2.12,0.1584,0.1084,0.05239,0.02897,0.1427,0.07049,0.008792,0.0285,0.1053,0.0379,0.2095,0.207,
2.13,0.152,0.1107,0.05228,0.02907,0.1428,0.07006,0.008625,0.02849,0.1056,0.04338,0.2046,0.2045,
2.129,0.1596,0.1104,0.05223,0.02913,0.1424,0.07002,0.00862,0.02847,0.1058,0.04309,0.2055,0.2043,
2.128,0.1507,0.1101,0.05225,0.02919,0.1418,0.06947,0.008617,0.02846,0.1061,0.04281,0.2064,0.2048,
2.127,0.1636,0.1093,0.05231,0.02929,0.1418,0.06927,0.008627,0.02849,0.1086,0.04156,0.2055,0.2053,
2.127,0.1525,0.1088,0.05233,0.0293,0.1411,0.06927,0.008731,0.02839,0.1089,0.04132,0.2066,0.2053,
2.124,0.1593,0.1083,0.05178,0.02934,0.141,0.06976,0.008129,0.02835,0.1092,0.04077,0.2083,0.205,
2.127,0.1749,0.1077,0.05164,0.02938,0.1412,0.07002,0.007899,0.02836,0.1092,0.04365,0.2056,0.2054,
2.127,0.151,0.1067,0.05148,0.02947,0.1415,0.07011,0.00801,0.02829,0.1101,0.04292,0.2058,0.2056,
2.124,0.1414,0.1032,0.05152,0.02952,0.1441,0.06998,0.007996,0.02824,0.1108,0.04196,0.2075,0.2053,
2.123,0.137,0.103,0.0514,0.02927,0.144,0.07001,0.008,0.02825,0.1117,0.04154,0.2072,0.2057,
2.127,0.1389,0.1025,0.05136,0.02931,0.1437,0.06999,0.008126,0.02821,0.1118,0.04432,0.2051,0.2056,
2.127,0.1366,0.1019,0.05135,0.02935,0.1436,0.06995,0.008251,0.02817,0.1116,0.04429,0.2061,0.2055,
2.125,0.1511,0.1008,0.05109,0.0291,0.1435,0.06988,0.008243,0.02834,0.1114,0.04412,0.2079,0.2056,
2.124,0.1548,0.09981,0.05137,0.02908,0.1435,0.06985,0.008237,0.02832,0.1121,0.04334,0.2088,0.2055,
2.126,0.1376,0.09926,0.05147,0.02918,0.1436,0.06988,0.008241,0.02846,0.112,0.04417,0.2081,0.2056,
2.126,0.1377,0.09896,0.0515,0.02885,0.1434,0.06992,0.008686,0.02835,0.1118,0.04419,0.2082,0.2061,
2.15,0.1988,0.09833,0.05167,0.02889,0.1432,0.06986,0.008682,0.07889,0.0624,0.04293,0.2092,0.206,
2.149,0.1608,0.0978,0.05154,0.02907,0.1434,0.06888,0.008815,0.07879,0.06292,0.04245,0.2093,0.2071,
2.147,0.1681,0.09689,0.05162,0.02903,0.1437,0.06883,0.008808,0.07886,0.06622,0.03894,0.2102,0.2069,
2.145,0.1711,0.09664,0.05159,0.02913,0.1436,0.06734,0.008811,0.07889,0.06664,0.03856,0.2102,0.2085,
2.145,0.1605,0.09634,0.05167,0.02917,0.1437,0.06699,0.009105,0.07861,0.06696,0.03826,0.2103,0.2089,
2.144,0.1669,0.09566,0.0517,0.02921,0.1439,0.06651,0.009109,0.07879,0.06776,0.03739,0.2104,0.2096,
2.149,0.1556,0.09946,0.0518,0.02922,0.1438,0.06653,0.008984,0.079,0.06809,0.03845,0.2103,0.2044,
2.147,0.1496,0.09872,0.05172,0.02933,0.1432,0.06554,0.008985,0.07915,0.06874,0.0377,0.2114,0.2055,
2.149,0.1537,0.09791,0.0519,0.02942,0.1433,0.06558,0.009636,0.07894,0.0684,0.03814,0.2112,0.2056,
2.147,0.1473,0.09707,0.05182,0.02945,0.143,0.06499,0.009623,0.07883,0.06831,0.03809,0.213,0.2058,
2.147,0.1514,0.09615,0.05215,0.02957,0.1434,0.06422,0.00996,0.07864,0.06818,0.03809,0.213,0.2066,
2.146,0.1608,0.09589,0.05223,0.02966,0.1434,0.06396,0.009961,0.07864,0.06844,0.03785,0.213,0.2069,
2.131,0.1896,0.09197,0.05214,0.02971,0.1462,0.06385,0.009944,0.1041,0.04277,0.03778,0.2148,0.2068,
2.13,0.1677,0.09072,0.05216,0.02944,0.1466,0.06389,0.01021,0.104,0.04298,0.0375,0.215,0.2075,
2.14,0.165,0.09528,0.05206,0.02958,0.1464,0.06331,0.0102,0.1041,0.04307,0.04118,0.2119,0.2029,
2.14,0.1829,0.09462,0.05236,0.02963,0.1462,0.06278,0.009997,0.1041,0.04456,0.04098,0.2108,0.2039,
2.139,0.1833,0.09402,0.05228,0.02978,0.1457,0.0629,0.009869,0.1041,0.04609,0.03945,0.2119,0.2039,
2.14,0.1787,0.09339,0.05229,0.02996,0.1452,0.06298,0.01001,0.1042,0.04636,0.0393,0.2122,0.2042,
2.138,0.1514,0.09323,0.05217,0.03001,0.1447,0.06203,0.01002,0.1045,0.04666,0.03888,0.2124,0.2054,
2.11,0.1903,0.09244,0.05222,0.03014,0.1448,0.06208,0.01481,0.1306,0.01594,0.04069,0.2106,0.2056,
2.11,0.1853,0.0913,0.05239,0.03016,0.1452,0.06213,0.01495,0.1306,0.01595,0.04073,0.2108,0.2057,
2.109,0.1865,0.09063,0.05236,0.03027,0.1453,0.06109,0.01496,0.1307,0.01637,0.04035,0.211,0.207,
2.108,0.1931,0.08999,0.0523,0.03029,0.1453,0.06106,0.01503,0.1307,0.01623,0.04033,0.2119,0.2069,
2.108,0.2095,0.08978,0.05223,0.03033,0.145,0.06101,0.01502,0.1306,0.01674,0.03978,0.2128,0.2067,
2.111,0.1898,0.09207,0.05236,0.03045,0.1447,0.06106,0.01502,0.1309,0.01678,0.04018,0.2124,0.204,
2.111,0.1751,0.09184,0.0523,0.03049,0.1445,0.06077,0.01529,0.1307,0.01702,0.03997,0.2125,0.2046,
2.109,0.1815,0.09146,0.05227,0.03057,0.1443,0.05978,0.01528,0.1334,0.01562,0.04075,0.2112,0.2054,
2.143,0.2842,0.09112,0.05254,0.0307,0.1441,0.05947,0.1124,0.03659,0.01645,0.03961,0.2113,0.2058,
2.145,0.284,0.09285,0.05253,0.03081,0.144,0.05814,0.1125,0.03644,0.01644,0.04127,0.2105,0.2046,
2.145,0.2548,0.0924,0.05264,0.03088,0.1441,0.05628,0.1126,0.03645,0.01718,0.04114,0.2098,0.2065,
2.144,0.177,0.09219,0.0527,0.03059,0.1434,0.05626,0.1126,0.03656,0.01704,0.04112,0.2108,0.2068,
2.144,0.1797,0.0922,0.05268,0.0307,0.1428,0.0563,0.1128,0.03645,0.01705,0.04115,0.2109,0.2069,
2.144,0.1716,0.09212,0.05278,0.03077,0.1425,0.05607,0.1127,0.03665,0.01734,0.04069,0.211,0.2074,
2.143,0.1872,0.08986,0.05284,0.03081,0.1445,0.05596,0.1125,0.03653,0.01814,0.03992,0.2111,0.2079,
2.142,0.18,0.08856,0.05267,0.03094,0.1453,0.05591,0.1126,0.03608,0.01877,0.03924,0.212,0.208,
2.141,0.184,0.0882,0.05283,0.03072,0.1453,0.05554,0.1128,0.03583,0.01908,0.03894,0.212,0.2087,
2.143,0.1837,0.08974,0.05293,0.0308,0.1459,0.05541,0.1129,0.03571,0.0195,0.03914,0.2114,0.2066,
2.147,0.2254,0.08935,0.05318,0.03086,0.1458,0.06136,0.1067,0.03546,0.02029,0.03836,0.2115,0.2072,
2.146,0.1961,0.08783,0.05354,0.03092,0.1466,0.06084,0.1068,0.03534,0.0203,0.03838,0.2116,0.2078,
2.154,0.1889,0.09002,0.05358,0.031,0.1464,0.0615,0.1067,0.03498,0.02032,0.04175,0.2084,0.2054,
2.155,0.212,0.08955,0.05344,0.03101,0.1462,0.06137,0.1065,0.03504,0.02083,0.04198,0.209,0.205,
2.154,0.2133,0.08891,0.05365,0.0311,0.146,0.06172,0.106,0.03534,0.02049,0.04195,0.2099,0.2048,
2.157,0.1834,0.08796,0.05338,0.03119,0.1466,0.06152,0.1061,0.03524,0.02144,0.04317,0.208,0.2054,
2.154,0.1887,0.0876,0.05342,0.03078,0.1462,0.06175,0.107,0.03414,0.0213,0.04315,0.2089,0.2057,
2.164,0.1999,0.08703,0.05336,0.03091,0.1462,0.07537,0.09366,0.03416,0.02147,0.04555,0.2064,0.2059,
2.163,0.2121,0.08676,0.05348,0.03094,0.1457,0.07544,0.09347,0.03414,0.02169,0.04528,0.2073,0.2057,
2.164,0.2039,0.0863,0.05354,0.03106,0.1457,0.07568,0.09332,0.03415,0.02191,0.04509,0.2074,0.2058,
2.171,0.1895,0.08561,0.05361,0.03114,0.1455,0.07577,0.09328,0.03421,0.02589,0.04468,0.2046,0.2057,
2.171,0.2008,0.08257,0.05363,0.03113,0.1482,0.07604,0.09294,0.03409,0.02831,0.04229,0.2047,0.2061,
2.17,0.2275,0.08225,0.05368,0.03116,0.1474,0.07555,0.09306,0.03396,0.02887,0.04173,0.2057,0.2066,
2.17,0.2214,0.08183,0.05373,0.03125,0.1474,0.07558,0.0931,0.03398,0.02958,0.04106,0.2058,0.2067,
2.168,0.2187,0.08143,0.05365,0.0313,0.1471,0.07447,0.09319,0.03383,0.03018,0.04042,0.2067,0.2077,
2.174,0.1923,0.08315,0.05362,0.03138,0.1468,0.07505,0.09272,0.03354,0.03086,0.04205,0.2052,0.2056,
2.174,0.1862,0.08283,0.05375,0.03141,0.1468,0.07521,0.09275,0.03342,0.03171,0.04123,0.2053,0.2057,
2.175,0.1777,0.08253,0.05384,0.03144,0.1466,0.07504,0.09243,0.03339,0.03167,0.0427,0.2046,0.2058,
2.179,0.2061,0.0821,0.0538,0.03117,0.146,0.07482,0.09216,0.03348,0.03255,0.04516,0.2033,0.2055,
2.178,0.1969,0.08167,0.05396,0.03118,0.1458,0.07377,0.09208,0.03345,0.03317,0.04446,0.2042,0.2063,
2.18,0.1883,0.08444,0.05393,0.0312,0.1455,0.07364,0.09192,0.03379,0.03271,0.04439,0.2059,0.2026,
2.179,0.172,0.08433,0.05387,0.03127,0.1455,0.07275,0.09206,0.03367,0.03306,0.04405,0.2059,0.2036,
2.181,0.1968,0.08396,0.05369,0.03134,0.1456,0.07182,0.09224,0.03356,0.03397,0.04524,0.204,0.2047,
2.181,0.1829,0.08291,0.05371,0.03135,0.1457,0.07089,0.09222,0.03386,0.03521,0.04462,0.204,0.2055,
2.18,0.2017,0.08235,0.0536,0.03132,0.1456,0.07089,0.09193,0.03441,0.03559,0.0435,0.2057,0.2052,
2.179,0.1821,0.08183,0.05334,0.0315,0.1454,0.07054,0.09189,0.03457,0.03549,0.04327,0.2066,0.2055,
2.177,0.1622,0.08101,0.05298,0.03134,0.1461,0.06995,0.09169,0.03459,0.03598,0.04282,0.2067,0.2068,
2.176,0.1486,0.08053,0.05323,0.03141,0.146,0.06981,0.09173,0.03435,0.03738,0.04145,0.2068,0.2073,
2.137,0.2328,0.07756,0.05318,0.03144,0.1484,0.1231,0.05822,0.01411,0.03735,0.04142,0.2077,0.2074,
2.142,0.2311,0.07977,0.05311,0.03154,0.1484,0.1232,0.05798,0.01399,0.03737,0.04363,0.2056,0.2055,
2.142,0.238,0.07935,0.05305,0.03158,0.1483,0.1225,0.05794,0.0144,0.03723,0.04315,0.2064,0.2061,
2.14,0.1992,0.07891,0.05288,0.03161,0.1484,0.122,0.05815,0.01413,0.03741,0.04291,0.2073,0.2063,
2.136,0.1728,0.07778,0.05303,0.03166,0.1492,0.1207,0.06015,0.01212,0.038,0.04234,0.2073,0.2077,
2.141,0.1816,0.07775,0.05319,0.03131,0.1515,0.1195,0.0599,0.0127,0.03743,0.04542,0.2043,0.2069,
2.14,0.1459,0.07736,0.05327,0.03137,0.1514,0.1186,0.0601,0.01239,0.03782,0.04509,0.2044,0.2082,
2.139,0.1679,0.07724,0.05315,0.03149,0.151,0.1184,0.06001,0.0124,0.03784,0.04512,0.2046,0.2087,
2.139,0.1495,0.07661,0.05311,0.0316,0.1505,0.1183,0.05988,0.0124,0.03856,0.0444,0.2056,0.209,
2.138,0.1591,0.07561,0.05327,0.03162,0.1507,0.1183,0.05972,0.01239,0.03926,0.04366,0.2065,0.2089,
2.136,0.1759,0.07524,0.05302,0.03137,0.1507,0.1184,0.05983,0.0121,0.04,0.04286,0.2074,0.209,
2.14,0.1641,0.07696,0.05307,0.03147,0.1508,0.1184,0.05998,0.01197,0.04014,0.04437,0.2059,0.2069,
2.14,0.156,0.07624,0.05305,0.03155,0.1512,0.1179,0.06013,0.01204,0.03997,0.04439,0.206,0.2076,
2.147,0.1583,0.08156,0.05279,0.03162,0.1511,0.1176,0.06018,0.01205,0.04062,0.0453,0.2046,0.2025,
2.147,0.158,0.08128,0.05281,0.03165,0.1504,0.1171,0.06026,0.01207,0.04123,0.04481,0.2049,0.2035,
2.146,0.1472,0.08082,0.05302,0.03177,0.1501,0.1164,0.06042,0.01194,0.04216,0.04392,0.205,0.2044,
2.145,0.1486,0.08049,0.05281,0.03189,0.1503,0.1149,0.06042,0.01201,0.04199,0.04394,0.2051,0.2061,
2.13,0.1645,0.08202,0.05256,0.03212,0.1502,0.1312,0.04267,0.01221,0.04265,0.04288,0.206,0.2054,
2.129,0.1685,0.08183,0.0523,0.03222,0.1501,0.1287,0.04289,0.01224,0.04312,0.04204,0.2069,0.2077,
2.131,0.2164,0.08362,0.05204,0.03202,0.1506,0.1276,0.04287,0.01249,0.04374,0.04236,0.2065,0.2061,
2.134,0.1584,0.08661,0.05208,0.03205,0.1499,0.1252,0.04285,0.01287,0.04416,0.04197,0.207,0.2052,
2.134,0.161,0.08658,0.05196,0.03208,0.1497,0.1236,0.04287,0.01366,0.04468,0.04073,0.2071,0.207,
2.136,0.1501,0.08747,0.05191,0.03214,0.1498,0.1227,0.04277,0.01352,0.04566,0.04131,0.2065,0.2062,
2.139,0.1753,0.0901,0.05188,0.03222,0.1496,0.1229,0.04254,0.01372,0.0463,0.04133,0.2065,0.2028,
2.138,0.1573,0.08942,0.05208,0.03229,0.1494,0.122,0.04277,0.01346,0.04717,0.04041,0.2075,0.2036,
2.137,0.1852,0.0893,0.05202,0.03237,0.149,0.1205,0.0427,0.01373,0.04815,0.03923,0.2076,0.2054,
2.136,0.151,0.08891,0.05173,0.03243,0.1489,0.1188,0.04285,0.01377,0.04902,0.03833,0.2078,0.2074,
2.135,0.1492,0.08868,0.05175,0.03245,0.1484,0.1181,0.04297,0.01418,0.04939,0.03734,0.2088,0.208,
2.133,0.151,0.0885,0.05157,0.03257,0.1475,0.1164,0.04353,0.01376,0.04971,0.0367,0.2106,0.2092,
2.146,0.1662,0.09093,0.0516,0.03261,0.1473,0.1147,0.04354,0.03114,0.03257,0.03731,0.2098,0.2085,
2.15,0.1742,0.09558,0.05183,0.03275,0.1468,0.1124,0.04376,0.03097,0.03345,0.03716,0.2093,0.206,
2.151,0.1716,0.09616,0.05187,0.03275,0.1463,0.1119,0.04369,0.03093,0.0337,0.0374,0.2104,0.2049,
2.149,0.1753,0.09566,0.05184,0.03279,0.146,0.1099,0.0438,0.03127,0.03353,0.03706,0.2114,0.2068,
2.153,0.2001,0.09635,0.05177,0.03285,0.1463,0.1081,0.04381,0.03128,0.03442,0.03848,0.2092,0.2075,
2.152,0.1954,0.09605,0.05158,0.03287,0.146,0.1076,0.04373,0.03122,0.03458,0.03818,0.2109,0.2074,
2.153,0.1927,0.09754,0.05133,0.03287,0.1462,0.1046,0.04364,0.03116,0.03451,0.03995,0.2107,0.2074,
2.152,0.1699,0.09732,0.05133,0.033,0.1458,0.1039,0.04338,0.03136,0.03521,0.03914,0.2109,0.2088,
2.151,0.1675,0.09707,0.05138,0.03305,0.1456,0.1024,0.0434,0.03131,0.03544,0.03894,0.211,0.2104,
2.151,0.1663,0.09661,0.05125,0.03317,0.1453,0.1025,0.04343,0.03152,0.03548,0.03875,0.2111,0.2109,
2.143,0.1834,0.096,0.05112,0.03277,0.1455,0.1021,0.04339,0.04894,0.01966,0.03707,0.212,0.2115,
2.094,0.2029,0.09589,0.05108,0.03236,0.1454,0.1339,0.01131,0.04871,0.02284,0.0339,0.212,0.2125,
2.094,0.1719,0.09566,0.05105,0.03255,0.1453,0.134,0.01118,0.04876,0.02295,0.03361,0.2121,0.2128,
2.094,0.1718,0.09516,0.05132,0.0326,0.1453,0.1338,0.01118,0.04877,0.02434,0.03223,0.2121,0.2131,
2.094,0.1746,0.09477,0.05148,0.03265,0.1454,0.1314,0.01131,0.04865,0.02618,0.0304,0.2122,0.2156,
2.096,0.1788,0.09564,0.05142,0.03277,0.1454,0.1314,0.01132,0.04876,0.02687,0.03005,0.2118,0.2146,
2.1,0.1964,0.09982,0.05138,0.03283,0.1451,0.1311,0.01133,0.04902,0.02746,0.02992,0.2114,0.2107,
2.106,0.2049,0.1017,0.05134,0.03294,0.1452,0.1302,0.01149,0.04909,0.02729,0.03249,0.209,0.2093,
2.107,0.1959,0.1029,0.05131,0.03301,0.1451,0.1285,0.01149,0.04923,0.0284,0.03159,0.2089,0.2096,
2.11,0.1957,0.1039,0.05124,0.03306,0.1447,0.1282,0.01149,0.04921,0.02907,0.0321,0.2086,0.2084,
2.108,0.1853,0.1032,0.05117,0.0331,0.1448,0.1258,0.0115,0.04944,0.02956,0.03148,0.2088,0.2111,
2.105,0.174,0.1024,0.05122,0.03313,0.1449,0.1216,0.01149,0.0496,0.02935,0.03146,0.2097,0.2151,
2.109,0.1751,0.1053,0.05125,0.03321,0.1453,0.1207,0.0115,0.04976,0.02924,0.03239,0.2089,0.2125,
2.108,0.1714,0.1049,0.05122,0.0333,0.1452,0.1199,0.01153,0.04974,0.02954,0.03202,0.2091,0.2136,
2.106,0.1742,0.1039,0.0512,0.03335,0.1452,0.1175,0.01177,0.04966,0.0296,0.0316,0.2108,0.2154,
2.103,0.1926,0.103,0.05122,0.03339,0.1449,0.1147,0.01177,0.04931,0.03141,0.02971,0.2126,0.218,
2.122,0.1557,0.1128,0.05134,0.03345,0.1448,0.1134,0.01225,0.04882,0.0318,0.03565,0.2073,0.2083,
2.128,0.186,0.1128,0.05134,0.0331,0.1449,0.1121,0.0456,0.01593,0.03194,0.03682,0.2064,0.209,
2.131,0.1834,0.1147,0.05131,0.03313,0.1452,0.1104,0.04548,0.01594,0.03208,0.03865,0.2046,0.2085,
2.135,0.1614,0.1154,0.05176,0.03319,0.1451,0.1088,0.04559,0.0158,0.0323,0.04107,0.2028,0.2082,
2.134,0.1575,0.115,0.05161,0.03293,0.1452,0.1078,0.04562,0.01581,0.03232,0.04109,0.203,0.2098,
2.133,0.1545,0.1144,0.05166,0.03299,0.145,0.1066,0.04566,0.01583,0.03235,0.04113,0.2032,0.2112,
2.136,0.1605,0.1178,0.0519,0.03303,0.145,0.1062,0.04567,0.01583,0.03317,0.04033,0.2032,0.2078,
2.134,0.1616,0.1166,0.05179,0.03307,0.1454,0.1046,0.04567,0.01583,0.03316,0.04032,0.2042,0.2093,
2.083,0.2095,0.117,0.05179,0.0331,0.1455,0.1361,0.01231,0.03663,0.01271,0.0414,0.2036,0.2098,
2.083,0.1774,0.1169,0.05177,0.03316,0.1454,0.1357,0.01244,0.03707,0.01239,0.04118,0.2037,0.2103,
2.085,0.1837,0.1171,0.05173,0.03324,0.1453,0.1357,0.01244,0.03725,0.01267,0.04156,0.2039,0.2091,
2.089,0.1798,0.1216,0.05202,0.03328,0.1453,0.1355,0.0126,0.03711,0.01385,0.04039,0.2039,0.2045,
2.089,0.1775,0.1191,0.05191,0.03299,0.1472,0.1356,0.01274,0.03702,0.01446,0.03984,0.2041,0.205,
2.09,0.1766,0.1198,0.05191,0.03304,0.1469,0.1348,0.01314,0.03659,0.01445,0.0401,0.2048,0.2045,
2.089,0.1635,0.1192,0.05198,0.0331,0.1469,0.1329,0.01315,0.03697,0.01494,0.0393,0.205,0.2067,
2.088,0.1634,0.1186,0.05197,0.03282,0.1468,0.131,0.01317,0.03706,0.01517,0.03894,0.2052,0.2094,
2.09,0.1742,0.1185,0.05203,0.03291,0.1462,0.1308,0.01355,0.03673,0.01733,0.03683,0.2053,0.2098,
2.09,0.1892,0.1175,0.05237,0.03296,0.1457,0.1297,0.0136,0.03656,0.01771,0.03645,0.2064,0.2111,
2.089,0.1744,0.117,0.05236,0.03305,0.1456,0.1278,0.014,0.0363,0.01762,0.03648,0.2065,0.2133,
2.096,0.1719,0.1225,0.05261,0.03312,0.1484,0.1273,0.01415,0.03619,0.01791,0.03747,0.2055,0.2049,
2.097,0.1846,0.1218,0.05275,0.03317,0.1484,0.1262,0.01446,0.03591,0.01815,0.03815,0.2047,0.2062,
2.101,0.1803,0.1241,0.05289,0.03323,0.1485,0.1259,0.01459,0.03577,0.01827,0.03905,0.2046,0.2031,
2.101,0.1754,0.1237,0.05294,0.03327,0.1484,0.1259,0.0146,0.03598,0.01883,0.03834,0.2047,0.2032,
2.101,0.1715,0.1221,0.05299,0.03334,0.1496,0.1259,0.01477,0.03569,0.01884,0.03835,0.2048,0.2035,
2.101,0.1732,0.1212,0.0534,0.03336,0.1495,0.1258,0.01476,0.03567,0.01922,0.03794,0.2057,0.2034,
2.102,0.176,0.1202,0.05358,0.03341,0.1493,0.1248,0.01476,0.03586,0.01938,0.03836,0.206,0.2045,
2.1,0.1718,0.1196,0.05355,0.03318,0.149,0.1237,0.01475,0.03618,0.01975,0.03764,0.2069,0.2057,
2.099,0.1792,0.1139,0.05362,0.03322,0.1534,0.1231,0.01463,0.03638,0.02144,0.03577,0.2081,0.2066,
2.103,0.1785,0.1167,0.05365,0.03328,0.1546,0.1223,0.01451,0.03666,0.02135,0.03735,0.2071,0.2025,
2.104,0.1815,0.1156,0.05395,0.03339,0.1548,0.1218,0.01452,0.03669,0.0216,0.03715,0.2073,0.2032,
2.104,0.1751,0.1153,0.05393,0.03347,0.1543,0.1216,0.01474,0.03665,0.02246,0.03623,0.2075,0.2037,
2.104,0.1793,0.1151,0.05382,0.03353,0.1536,0.1212,0.01508,0.03748,0.02219,0.03549,0.2078,0.2047,
2.108,0.1804,0.1143,0.0537,0.03353,0.1539,0.1203,0.01533,0.03707,0.02364,0.03655,0.2062,0.2055,
2.108,0.1785,0.1137,0.05382,0.03365,0.1539,0.1192,0.01534,0.03727,0.02465,0.03541,0.2063,0.2068,
2.107,0.1837,0.113,0.0537,0.03366,0.1535,0.119,0.01531,0.03721,0.02487,0.0351,0.2081,0.2065,
2.106,0.1897,0.1121,0.05366,0.03366,0.154,0.1185,0.01543,0.03705,0.02549,0.03443,0.209,0.2067,
2.105,0.1998,0.1109,0.05374,0.03335,0.1544,0.1181,0.01542,0.03703,0.02548,0.03441,0.2099,0.2073,
2.105,0.1818,0.1098,0.05384,0.03344,0.155,0.117,0.01599,0.03649,0.02562,0.0343,0.21,0.2086,
2.104,0.1795,0.1094,0.05388,0.03347,0.1546,0.1171,0.016,0.03661,0.02551,0.03408,0.2109,0.2084,
2.082,0.1738,0.108,0.05411,0.03349,0.1549,0.1251,0.007132,0.0366,0.02688,0.03268,0.2119,0.2091,
2.083,0.1841,0.1076,0.05433,0.03357,0.1548,0.1252,0.007676,0.0362,0.02739,0.03207,0.212,0.2092,
2.083,0.1797,0.1073,0.05393,0.03391,0.1543,0.1251,0.007583,0.03635,0.02732,0.03211,0.2122,0.2099,
2.083,0.1736,0.1064,0.05376,0.03397,0.1544,0.1252,0.007589,0.03656,0.02739,0.03192,0.2124,0.2104,
2.086,0.1762,0.1095,0.05382,0.03407,0.1548,0.1251,0.007489,0.03679,0.02809,0.03157,0.212,0.2069,
2.094,0.1805,0.1134,0.05391,0.03414,0.1553,0.1232,0.00749,0.0368,0.02932,0.03386,0.2085,0.204,
2.101,0.1886,0.1126,0.05403,0.03417,0.1559,0.123,0.007388,0.0368,0.02954,0.03775,0.2044,0.2044,
2.101,0.1743,0.1115,0.0543,0.03425,0.1555,0.1231,0.007396,0.03684,0.02957,0.03779,0.2047,0.2051,
2.1,0.1852,0.1108,0.05419,0.03394,0.1549,0.1226,0.007516,0.03667,0.03015,0.03713,0.2065,0.2056,
2.1,0.1816,0.1101,0.05421,0.03403,0.1548,0.1223,0.007524,0.0367,0.03149,0.03586,0.2067,0.2063,
2.098,0.1647,0.1091,0.05439,0.03413,0.1546,0.1224,0.007225,0.03685,0.03132,0.03591,0.207,0.207,
2.102,0.1641,0.1117,0.05439,0.03371,0.1548,0.1226,0.007234,0.03707,0.03144,0.03721,0.2057,0.2041,
2.101,0.1772,0.1081,0.05421,0.03384,0.1577,0.1225,0.007361,0.03706,0.03218,0.03631,0.2067,0.204,
2.101,0.1743,0.1072,0.05433,0.03405,0.1578,0.1213,0.007366,0.03708,0.0322,0.03633,0.2068,0.2055,
2.1,0.1661,0.1062,0.05427,0.03381,0.1583,0.1211,0.007371,0.03711,0.03223,0.03636,0.207,0.2062,
2.099,0.1731,0.1055,0.05445,0.03386,0.1581,0.1206,0.007497,0.03696,0.03264,0.03591,0.2079,0.2066,
2.099,0.1684,0.1047,0.05476,0.03395,0.1581,0.1206,0.007501,0.03783,0.03181,0.03593,0.208,0.2068,
2.098,0.1645,0.1042,0.05482,0.03389,0.1578,0.1204,0.007487,0.03776,0.03175,0.03586,0.2097,0.2064,
2.097,0.1708,0.1033,0.05454,0.03371,0.1584,0.1202,0.007492,0.03804,0.03273,0.03466,0.2098,0.2071,
2.097,0.1725,0.1028,0.05455,0.03382,0.1586,0.1197,0.007494,0.03806,0.03274,0.03467,0.2099,0.2076,
2.096,0.1807,0.1024,0.05427,0.03385,0.1581,0.1196,0.007484,0.03832,0.03238,0.03461,0.2117,0.2073,
2.095,0.175,0.1017,0.05446,0.03387,0.1584,0.1187,0.007485,0.03833,0.03378,0.03322,0.2118,0.2083,
2.095,0.1797,0.1012,0.05447,0.03393,0.1585,0.1187,0.007572,0.03827,0.0348,0.03223,0.2119,0.2084,
2.097,0.1699,0.1025,0.05442,0.03398,0.1579,0.1178,0.007573,0.03827,0.03505,0.03308,0.2119,0.2076,
2.104,0.1747,0.1053,0.05444,0.034,0.1575,0.1167,0.007568,0.0385,0.03525,0.03546,0.2099,0.2054,
2.104,0.1746,0.1051,0.05454,0.03405,0.1572,0.1169,0.00774,0.03841,0.03536,0.03518,0.21,0.2055,
2.103,0.1683,0.105,0.0546,0.03414,0.1566,0.1158,0.007759,0.03832,0.03552,0.03508,0.2102,0.2069,
2.104,0.1703,0.1042,0.05501,0.0342,0.1568,0.1154,0.00793,0.03842,0.03641,0.03395,0.2102,0.2074,
2.109,0.1708,0.1062,0.0551,0.03427,0.1568,0.1149,0.008148,0.03833,0.03669,0.03542,0.2084,0.2057,
2.108,0.1729,0.1053,0.05531,0.03427,0.1568,0.1146,0.008151,0.0385,0.03622,0.03592,0.2088,0.2061,
2.11,0.1921,0.1048,0.05561,0.03436,0.1565,0.1145,0.008421,0.03813,0.03668,0.03627,0.2082,0.2065,
2.113,0.2022,0.1046,0.05551,0.03451,0.1566,0.1138,0.008553,0.03801,0.03668,0.03818,0.2063,0.2073,
2.113,0.1877,0.1044,0.05524,0.0347,0.1565,0.1129,0.008559,0.03803,0.03756,0.03735,0.2064,0.2084,
2.111,0.1865,0.1013,0.05523,0.03479,0.1589,0.1121,0.008696,0.03851,0.03731,0.03708,0.2066,0.2095,
2.117,0.1924,0.1039,0.05512,0.03479,0.1586,0.1111,0.008693,0.03868,0.03828,0.03857,0.2049,0.2074,
2.115,0.1872,0.1037,0.05502,0.03435,0.1584,0.1103,0.008707,0.0385,0.03894,0.03784,0.2057,0.2085,
2.116,0.1954,0.1059,0.05521,0.03448,0.1587,0.1098,0.008831,0.03854,0.03898,0.03756,0.2066,0.2053,
2.116,0.1924,0.1048,0.05529,0.03434,0.1593,0.1096,0.009008,0.03838,0.03951,0.03706,0.2067,0.206,
2.115,0.1809,0.104,0.05513,0.03441,0.1592,0.109,0.009007,0.03838,0.03976,0.0368,0.2077,0.2065,
2.112,0.1854,0.103,0.05517,0.03401,0.1595,0.109,0.008656,0.03846,0.03999,0.0363,0.2087,0.2073,
2.11,0.1899,0.1018,0.05512,0.03409,0.1598,0.1076,0.008915,0.03819,0.04217,0.03412,0.2097,0.2086,
2.119,0.1892,0.1041,0.05512,0.03423,0.1594,0.1075,0.008852,0.03839,0.04287,0.03738,0.2058,0.2064,
2.119,0.1818,0.1036,0.05507,0.03437,0.1593,0.1076,0.00899,0.0383,0.04424,0.03608,0.2059,0.2066,
2.118,0.1817,0.1021,0.05513,0.03431,0.1603,0.1069,0.009334,0.03798,0.04427,0.0361,0.206,0.2076,
2.116,0.192,0.1005,0.05527,0.03428,0.1599,0.1057,0.009447,0.03778,0.04543,0.03479,0.2088,0.2083,
2.117,0.1853,0.1023,0.05534,0.03439,0.1607,0.1031,0.009458,0.03796,0.04561,0.03508,0.2085,0.2076,
2.115,0.1829,0.09942,0.05543,0.0345,0.1621,0.1022,0.009592,0.03801,0.04591,0.03464,0.2096,0.2085,
2.119,0.201,0.1006,0.05569,0.03459,0.1624,0.101,0.009734,0.03793,0.04597,0.03589,0.2087,0.2075,
2.118,0.1837,0.09993,0.05573,0.03436,0.1625,0.1011,0.009873,0.03783,0.04695,0.03493,0.2089,0.2079,
2.117,0.1899,0.09872,0.05577,0.03444,0.1629,0.1003,0.01026,0.03755,0.04712,0.03444,0.2098,0.2088,
2.121,0.19,0.1001,0.05585,0.03451,0.163,0.09959,0.0104,0.03745,0.04716,0.03621,0.2082,0.2075,
2.127,0.1845,0.1023,0.05573,0.03467,0.1629,0.09881,0.01054,0.03761,0.04715,0.03897,0.2054,0.2058,
2.126,0.195,0.1012,0.05589,0.03475,0.1632,0.09896,0.01022,0.03777,0.04843,0.03764,0.2056,0.2063,
2.124,0.1955,0.1005,0.05587,0.03501,0.163,0.09873,0.009698,0.03807,0.04835,0.03755,0.2058,0.2074,
2.123,0.1894,0.09998,0.05599,0.03518,0.1622,0.09938,0.009053,0.03834,0.04857,0.03707,0.2069,0.2074,
2.123,0.1976,0.09954,0.0561,0.03529,0.1618,0.09958,0.008949,0.03856,0.04897,0.03655,0.207,0.2076,
2.122,0.1886,0.09874,0.05613,0.03537,0.1615,0.09912,0.00908,0.03843,0.04897,0.03656,0.2081,0.2081,
2.12,0.1817,0.09799,0.05598,0.03539,0.1611,0.09844,0.009199,0.03825,0.04912,0.03629,0.2099,0.2083,
2.119,0.1867,0.09755,0.05625,0.03548,0.1603,0.09641,0.009211,0.03875,0.0495,0.03544,0.2102,0.2109,
2.127,0.1818,0.1009,0.05665,0.0351,0.1603,0.09567,0.009218,0.03878,0.0502,0.0386,0.2065,0.208,
2.115,0.1815,0.1005,0.05661,0.03523,0.1604,0.09975,0.005043,0.0389,0.05035,0.03799,0.2066,0.2086,
2.115,0.1806,0.09982,0.05681,0.03527,0.1606,0.09875,0.005177,0.03925,0.05052,0.03738,0.2067,0.2098,
2.124,0.2051,0.09949,0.05692,0.03531,0.1602,0.09706,0.03141,0.01306,0.05056,0.03741,0.2069,0.2117,
2.121,0.2034,0.09876,0.05706,0.0346,0.1595,0.09519,0.0315,0.0131,0.05105,0.03662,0.2087,0.214,
2.123,0.2037,0.1034,0.05702,0.03473,0.1595,0.09375,0.03152,0.01311,0.05108,0.03665,0.2088,0.2105,
2.121,0.2029,0.1029,0.05701,0.03449,0.1594,0.09342,0.03162,0.01315,0.05299,0.0345,0.2097,0.2108,
2.123,0.2092,0.1043,0.05706,0.03458,0.1603,0.09208,0.03178,0.01303,0.05303,0.03527,0.2091,0.2095,
2.122,0.1896,0.104,0.05714,0.03459,0.1597,0.09136,0.03164,0.0132,0.05284,0.03526,0.2101,0.2102,
2.137,0.2052,0.1071,0.05707,0.03467,0.1595,0.08938,0.0315,0.03317,0.03284,0.03659,0.2097,0.2085,
2.136,0.2261,0.1058,0.05717,0.03473,0.1599,0.08904,0.03128,0.03331,0.03439,0.03498,0.2099,0.2094,
2.141,0.2234,0.1072,0.05745,0.03484,0.1603,0.08704,0.03147,0.03319,0.03516,0.03678,0.2076,0.209,
2.145,0.2083,0.109,0.0572,0.03488,0.1599,0.08438,0.03196,0.0326,0.03538,0.04014,0.2056,0.209,
2.145,0.2136,0.1083,0.05717,0.03493,0.16,0.0842,0.03199,0.03276,0.0368,0.03865,0.2058,0.2094,
2.144,0.2032,0.1076,0.05761,0.03499,0.1591,0.08316,0.03199,0.03276,0.0377,0.03777,0.2068,0.2105,
2.118,0.2193,0.1068,0.05752,0.03508,0.1591,0.1017,0.01378,0.03266,0.03836,0.0372,0.2071,0.2108,
2.119,0.1991,0.109,0.0575,0.03512,0.1587,0.1011,0.01378,0.03299,0.03859,0.03662,0.2081,0.2085,
2.119,0.2111,0.1087,0.05758,0.03521,0.1578,0.1007,0.0138,0.03304,0.03865,0.03668,0.2084,0.2094,
2.118,0.2345,0.1082,0.0578,0.03526,0.1568,0.1006,0.01367,0.03319,0.03893,0.0363,0.2095,0.2098,
2.118,0.2146,0.1079,0.05783,0.03532,0.156,0.1007,0.01354,0.03348,0.03914,0.03576,0.2105,0.2097,
2.117,0.2147,0.1065,0.05794,0.03539,0.1569,0.1009,0.01341,0.03377,0.03951,0.03517,0.2107,0.2099,
2.115,0.2148,0.1057,0.05818,0.03539,0.1563,0.09986,0.01336,0.03368,0.04054,0.03391,0.2125,0.2106,
2.113,0.2131,0.1054,0.05807,0.03465,0.1561,0.09894,0.014,0.033,0.04127,0.03311,0.2133,0.2121,
2.113,0.2213,0.1047,0.05805,0.03475,0.1564,0.09901,0.01401,0.03303,0.04273,0.0317,0.2135,0.2122,
2.111,0.2132,0.1029,0.05809,0.03477,0.156,0.09843,0.01413,0.03304,0.04299,0.0312,0.2154,0.213,
2.119,0.2072,0.1067,0.05795,0.03489,0.1558,0.09791,0.01412,0.03303,0.04371,0.03376,0.2131,0.2091,
2.119,0.2001,0.1065,0.0578,0.03502,0.155,0.09775,0.01414,0.03327,0.04358,0.03378,0.2134,0.2097,
2.118,0.179,0.1056,0.05806,0.03507,0.1552,0.09743,0.014,0.03329,0.04422,0.03319,0.2136,0.2104,
2.117,0.1831,0.1043,0.05814,0.03515,0.1559,0.09639,0.01401,0.03332,0.04476,0.0327,0.2137,0.2116,
2.115,0.1801,0.1037,0.05812,0.03516,0.1556,0.09589,0.01398,0.03325,0.04544,0.03187,0.2155,0.2115,
2.117,0.1887,0.1048,0.058,0.03529,0.1552,0.09498,0.01398,0.03325,0.04557,0.03294,0.2153,0.2107,
2.121,0.1863,0.1077,0.05805,0.0349,0.1553,0.09454,0.01399,0.03327,0.04647,0.03378,0.2138,0.2082,
2.125,0.1875,0.1068,0.05839,0.035,0.1555,0.09472,0.01387,0.03329,0.04733,0.03506,0.2118,0.2083,
2.129,0.1684,0.1062,0.05859,0.0351,0.1551,0.09481,0.02484,0.02288,0.04748,0.03448,0.212,0.2085,
2.13,0.1954,0.1058,0.05857,0.03526,0.1547,0.09461,0.02516,0.0226,0.0491,0.03383,0.2113,0.2091,
2.128,0.179,0.1049,0.05871,0.0348,0.1545,0.09381,0.02524,0.02251,0.04955,0.03336,0.2123,0.2103,
2.128,0.1863,0.1045,0.05897,0.03487,0.1541,0.09389,0.02539,0.0224,0.05015,0.03282,0.2125,0.2104,
2.135,0.1724,0.1062,0.0591,0.03494,0.1538,0.09395,0.0254,0.02264,0.04996,0.03602,0.2094,0.2085,
2.138,0.1743,0.1058,0.05911,0.03497,0.1535,0.0939,0.02566,0.02236,0.05095,0.03702,0.2083,0.2084,
2.138,0.1788,0.1047,0.05924,0.03507,0.154,0.09357,0.02593,0.02211,0.05158,0.03644,0.2085,0.2089,
2.137,0.1797,0.1045,0.05915,0.03513,0.1538,0.09282,0.02621,0.02189,0.05143,0.03641,0.2093,0.2094,
2.136,0.1709,0.1041,0.059,0.0353,0.1539,0.09188,0.02611,0.02203,0.05132,0.03643,0.2094,0.2106,
2.135,0.1732,0.1035,0.05891,0.03542,0.1543,0.09156,0.0259,0.02229,0.05199,0.03551,0.2094,0.2112,
2.134,0.1807,0.1032,0.05903,0.0355,0.1543,0.09171,0.02577,0.0223,0.05409,0.03343,0.2095,0.2112,
2.133,0.1869,0.1029,0.05909,0.03509,0.1543,0.09173,0.02578,0.0223,0.05485,0.03269,0.2095,0.2117,
2.131,0.1811,0.102,0.05918,0.03517,0.1542,0.09208,0.02579,0.0221,0.05507,0.03225,0.2105,0.2116,
2.129,0.1747,0.101,0.05919,0.03519,0.1546,0.09086,0.02577,0.02209,0.05562,0.03163,0.2114,0.2126,
2.126,0.1671,0.1005,0.05903,0.03473,0.1544,0.09018,0.02582,0.02194,0.05703,0.03005,0.2131,0.2132,
2.125,0.1753,0.1002,0.05907,0.03475,0.1544,0.08908,0.02583,0.02179,0.05705,0.03006,0.2132,0.2146,
2.13,0.182,0.1018,0.05899,0.03478,0.1542,0.0876,0.02595,0.02187,0.05751,0.03242,0.2109,0.2139,
2.13,0.178,0.1017,0.05886,0.0349,0.1542,0.08779,0.0258,0.02187,0.05765,0.03231,0.211,0.214,
2.128,0.1763,0.1011,0.0589,0.03495,0.1543,0.08687,0.02561,0.02207,0.05749,0.03233,0.2111,0.2153,
2.133,0.182,0.1024,0.05893,0.03497,0.1541,0.08682,0.0256,0.02206,0.05759,0.03437,0.2098,0.2133,
2.12,0.1834,0.1029,0.05884,0.03505,0.1535,0.09672,0.01516,0.02202,0.05749,0.03622,0.2097,0.2124,
2.119,0.1906,0.1007,0.05876,0.03496,0.1554,0.09676,0.01532,0.02188,0.05751,0.03624,0.2098,0.2128,
2.12,0.1926,0.101,0.05865,0.03502,0.1577,0.09677,0.02934,0.008064,0.05777,0.03883,0.2078,0.2091,
2.12,0.1815,0.1008,0.05872,0.03509,0.1572,0.09697,0.02924,0.008202,0.05815,0.0384,0.2079,0.2093,
2.118,0.1893,0.1006,0.05871,0.03513,0.1568,0.09649,0.0291,0.008301,0.05948,0.03689,0.2088,0.2096,
2.119,0.1798,0.104,0.05859,0.03522,0.1567,0.0955,0.02908,0.008295,0.06013,0.03618,0.2097,0.2066,
2.118,0.1806,0.1036,0.05824,0.03531,0.157,0.09447,0.02923,0.008168,0.06105,0.03531,0.2098,0.2078,
2.118,0.1804,0.1029,0.05804,0.03537,0.1568,0.09298,0.02922,0.008167,0.06205,0.03599,0.2091,0.2093,
2.118,0.1774,0.1021,0.0577,0.03532,0.1562,0.09179,0.02912,0.008269,0.06282,0.03662,0.2107,0.2094,
2.121,0.1809,0.1046,0.05757,0.03532,0.1563,0.09114,0.02908,0.009043,0.06211,0.03685,0.2121,0.2059,
2.12,0.1786,0.1039,0.05766,0.03541,0.1566,0.08989,0.02886,0.009483,0.06169,0.03687,0.2122,0.2074,
2.12,0.1821,0.1033,0.05778,0.03546,0.1569,0.08954,0.02886,0.009616,0.06181,0.03664,0.2122,0.2079,
2.118,0.1907,0.1022,0.05772,0.03561,0.1569,0.08914,0.02915,0.009198,0.06203,0.03642,0.2133,0.2084,
2.121,0.189,0.1014,0.05785,0.0357,0.1571,0.089,0.02897,0.009335,0.06229,0.03801,0.2115,0.2089,
2.121,0.1866,0.1011,0.05787,0.03585,0.1563,0.08936,0.02891,0.009217,0.06261,0.03783,0.2118,0.2092,
2.121,0.2091,0.1009,0.05785,0.03601,0.1555,0.08908,0.02895,0.009439,0.06343,0.03693,0.2121,0.2099,
2.121,0.2039,0.1003,0.05797,0.03619,0.1549,0.08907,0.02894,0.009648,0.06321,0.03692,0.2131,0.2098,
2.122,0.1843,0.101,0.05805,0.03624,0.1551,0.08914,0.02897,0.009655,0.06601,0.03506,0.2124,0.2083,
2.119,0.186,0.1003,0.05783,0.03632,0.1547,0.08767,0.02895,0.00966,0.06657,0.03455,0.2135,0.21,
2.119,0.2141,0.09983,0.05751,0.03649,0.1547,0.08786,0.02886,0.009853,0.06671,0.03431,0.2137,0.2101,
2.118,0.1965,0.0994,0.05746,0.03658,0.1547,0.08711,0.02888,0.009859,0.06709,0.034,0.2139,0.2111,
2.118,0.1862,0.09868,0.05741,0.03666,0.1546,0.08721,0.02891,0.01005,0.06699,0.03403,0.2141,0.2113,
2.116,0.1837,0.09489,0.05706,0.03676,0.1577,0.08692,0.02891,0.01018,0.06708,0.03379,0.2151,0.2116,
2.116,0.1888,0.09472,0.05712,0.03689,0.1571,0.08712,0.0288,0.01018,0.0674,0.03356,0.2153,0.2117,
2.123,0.1922,0.09567,0.05716,0.03693,0.1566,0.08667,0.02881,0.01019,0.06791,0.037,0.2125,0.2106,
2.124,0.2009,0.09549,0.05711,0.03697,0.1562,0.08672,0.02883,0.01072,0.06771,0.03676,0.2127,0.2108,
2.13,0.1822,0.09731,0.05707,0.03706,0.1561,0.08624,0.02884,0.01103,0.06768,0.03927,0.21,0.2094,
2.13,0.1959,0.09717,0.05715,0.03719,0.1556,0.0863,0.02902,0.01117,0.06891,0.0378,0.2101,0.2095,
2.127,0.1867,0.09313,0.05715,0.03707,0.1588,0.08638,0.02905,0.01118,0.06934,0.03748,0.2103,0.21,
2.126,0.1928,0.09281,0.05709,0.03704,0.1581,0.08656,0.02883,0.01116,0.0696,0.03693,0.2121,0.2097,
2.125,0.198,0.09125,0.05708,0.03726,0.1591,0.08661,0.02884,0.01136,0.06998,0.03641,0.2122,0.2098,
2.126,0.197,0.09076,0.05688,0.03731,0.1587,0.08597,0.02864,0.01134,0.07187,0.03655,0.2118,0.2102,
2.125,0.1892,0.09053,0.0568,0.03741,0.1583,0.08562,0.02862,0.01133,0.07214,0.0362,0.2127,0.2103,
2.129,0.2078,0.09223,0.05669,0.03745,0.1584,0.08568,0.02877,0.01142,0.07252,0.03733,0.2113,0.2082,
2.131,0.2034,0.09166,0.05679,0.03762,0.1582,0.08519,0.02879,0.0117,0.07311,0.03768,0.2103,0.2089,
2.131,0.1938,0.09156,0.05681,0.03767,0.1573,0.08463,0.02866,0.0117,0.07409,0.03748,0.2105,0.2096,
2.129,0.2007,0.09143,0.05682,0.03784,0.1571,0.08334,0.0288,0.01157,0.07411,0.03749,0.2106,0.2109,
2.133,0.203,0.09393,0.05687,0.03788,0.1571,0.08289,0.02881,0.01199,0.07398,0.03777,0.2101,0.2087,
2.133,0.1963,0.09316,0.05683,0.03758,0.1571,0.0816,0.02862,0.01223,0.07465,0.03872,0.2097,0.2098,
2.125,0.2029,0.09264,0.05708,0.03763,0.1571,0.08794,0.02261,0.01208,0.07481,0.03846,0.2098,0.2099,
2.13,0.1987,0.09232,0.05736,0.03705,0.1568,0.08658,0.0224,0.01642,0.07024,0.03847,0.2098,0.2125,
2.129,0.198,0.0918,0.05767,0.03711,0.1565,0.08575,0.02241,0.01656,0.07041,0.03824,0.2099,0.2136,
2.128,0.2021,0.09145,0.05758,0.03714,0.1565,0.08532,0.02243,0.01657,0.0707,0.03801,0.2101,0.2142,
2.129,0.1977,0.09263,0.05754,0.03722,0.1562,0.08548,0.02233,0.01671,0.07058,0.03781,0.2102,0.2133,
2.127,0.1935,0.09238,0.05741,0.0372,0.1559,0.08464,0.02239,0.01678,0.07066,0.03729,0.2119,0.2135,
2.126,0.1955,0.09225,0.05729,0.03727,0.1559,0.08363,0.0224,0.01692,0.07145,0.0364,0.2119,0.2146,
2.137,0.1999,0.09221,0.05713,0.03739,0.1558,0.08391,0.02248,0.02776,0.06163,0.03505,0.212,0.2146,
2.14,0.1951,0.09448,0.05736,0.03707,0.1561,0.08312,0.02249,0.02816,0.06165,0.03554,0.2111,0.2129,
2.148,0.206,0.09838,0.05735,0.03709,0.1558,0.08201,0.02261,0.03291,0.05759,0.03661,0.2101,0.2096,
2.151,0.2398,0.1031,0.05736,0.03717,0.1558,0.08098,0.02277,0.05639,0.03444,0.03615,0.2102,0.2056,
2.151,0.2467,0.1025,0.05762,0.03722,0.1553,0.08095,0.02276,0.05694,0.03385,0.03614,0.2111,0.2056,
2.154,0.2364,0.1012,0.05762,0.03733,0.1556,0.07911,0.03077,0.04893,0.03454,0.03544,0.2122,0.2074,
2.152,0.2324,0.1007,0.05739,0.03748,0.1555,0.07801,0.03092,0.04916,0.0363,0.03342,0.2123,0.2087,
2.152,0.2227,0.1003,0.0574,0.03754,0.1556,0.07805,0.03094,0.04952,0.03597,0.03344,0.2124,0.2088,
2.153,0.2113,0.09973,0.05759,0.03763,0.1551,0.07802,0.03093,0.04964,0.03583,0.03416,0.2127,0.2087,
2.153,0.2085,0.09902,0.0576,0.0377,0.1552,0.0778,0.03095,0.04988,0.03564,0.03419,0.2128,0.2092,
2.15,0.2154,0.09835,0.05764,0.03772,0.1549,0.07774,0.03016,0.04985,0.03562,0.03417,0.2138,0.2101,
2.149,0.208,0.09563,0.0576,0.03781,0.1573,0.07776,0.03017,0.05019,0.03554,0.03396,0.2138,0.2102,
2.155,0.2039,0.0966,0.05762,0.0379,0.157,0.07754,0.03006,0.05009,0.03582,0.03657,0.2112,0.2096,
2.157,0.2117,0.09659,0.05771,0.03798,0.1561,0.07723,0.0301,0.05036,0.03736,0.03655,0.2098,0.2102,
2.156,0.227,0.09651,0.05778,0.03805,0.1558,0.07572,0.03024,0.05063,0.03749,0.03605,0.2098,0.2119,
2.154,0.2173,0.09565,0.05771,0.0379,0.1562,0.075,0.03014,0.05102,0.03791,0.03534,0.21,0.2131,
2.152,0.213,0.09542,0.05762,0.03745,0.1559,0.07467,0.03012,0.05098,0.03839,0.0348,0.2109,0.2138,
2.158,0.2118,0.09738,0.05749,0.03762,0.1563,0.07468,0.03012,0.05137,0.03851,0.03663,0.2086,0.2112,
2.158,0.1964,0.09703,0.0575,0.03774,0.1561,0.07473,0.03031,0.0519,0.03857,0.03595,0.2088,0.2114,
2.159,0.184,0.09863,0.0574,0.03781,0.1559,0.07477,0.03033,0.05211,0.03914,0.03525,0.2089,0.2097,
2.158,0.1839,0.09781,0.05751,0.03743,0.156,0.07443,0.03022,0.05255,0.03957,0.03447,0.2091,0.2109,
2.158,0.1991,0.09775,0.05754,0.03748,0.1558,0.07445,0.03023,0.05278,0.03999,0.03387,0.2091,0.211,
2.156,0.1948,0.09738,0.0575,0.03748,0.1554,0.07371,0.03009,0.05276,0.04019,0.03364,0.2101,0.2117,
2.155,0.1925,0.09593,0.05754,0.03755,0.1581,0.07288,0.0301,0.05292,0.04072,0.03302,0.2102,0.211,
2.155,0.194,0.09614,0.05737,0.03771,0.159,0.07249,0.03025,0.05299,0.04137,0.03221,0.2103,0.2102,
2.154,0.1816,0.09592,0.05719,0.0377,0.1587,0.07245,0.0305,0.05269,0.04148,0.03206,0.2112,0.2101,
2.153,0.1859,0.0952,0.0573,0.03776,0.1587,0.07239,0.03028,0.05304,0.04106,0.0319,0.2121,0.2103,
2.155,0.1941,0.09451,0.05765,0.03781,0.1587,0.07228,0.03049,0.05273,0.04237,0.03166,0.2112,0.2106,
2.127,0.2058,0.09666,0.05757,0.03797,0.1583,0.09092,0.01063,0.05291,0.04244,0.03138,0.2113,0.2099,
2.126,0.2006,0.0966,0.05761,0.03803,0.1581,0.09102,0.01036,0.05279,0.04245,0.03139,0.2114,0.2103,
2.126,0.2022,0.09634,0.05753,0.03811,0.1581,0.0912,0.01023,0.05294,0.04233,0.0314,0.2115,0.2104,
2.122,0.2,0.09539,0.05746,0.03782,0.1579,0.09073,0.01007,0.05279,0.04316,0.03036,0.214,0.2103,
2.118,0.218,0.09475,0.05741,0.03791,0.1575,0.09253,0.008519,0.05251,0.04347,0.03004,0.2151,0.2103,
2.117,0.2107,0.09431,0.05759,0.03802,0.1574,0.09087,0.008523,0.05253,0.04377,0.02976,0.2151,0.2121,
2.122,0.2028,0.09535,0.05774,0.0368,0.1571,0.08959,0.008518,0.0525,0.04374,0.03374,0.2121,0.2128,
2.122,0.1948,0.09495,0.05781,0.0369,0.1572,0.08905,0.008651,0.0528,0.04332,0.03374,0.2121,0.2134,
2.111,0.203,0.09407,0.05797,0.03664,0.1576,0.09205,0.005092,0.05256,0.04434,0.03275,0.2122,0.2147,
2.108,0.1942,0.09386,0.05801,0.03673,0.1575,0.08999,0.005102,0.05254,0.04485,0.03215,0.2122,0.217,
2.107,0.2111,0.09325,0.05795,0.03676,0.1578,0.08896,0.005246,0.05264,0.04503,0.03159,0.2131,0.2177,
2.104,0.2197,0.09234,0.05813,0.03647,0.1582,0.089,0.00553,0.06002,0.0391,0.02992,0.2132,0.2181,
2.13,0.2897,0.09902,0.05819,0.03648,0.1579,0.08785,0.05276,0.01917,0.03296,0.0312,0.2124,0.212,
2.134,0.3345,0.1008,0.0582,0.03651,0.1576,0.08749,0.0529,0.0196,0.03233,0.03258,0.212,0.21,
2.134,0.2791,0.1021,0.05815,0.03666,0.1598,0.08562,0.05291,0.0196,0.03234,0.03282,0.2118,0.2082,
2.133,0.2748,0.1016,0.0584,0.03673,0.1599,0.08414,0.05307,0.02,0.0327,0.03192,0.2118,0.2097,
2.132,0.2516,0.1009,0.05837,0.03686,0.1599,0.08336,0.05303,0.01999,0.03444,0.03014,0.2127,0.2103,
2.135,0.2105,0.1061,0.05838,0.03628,0.16,0.08301,0.05305,0.02013,0.03529,0.02946,0.2125,0.2058,
2.132,0.2148,0.1042,0.05841,0.03626,0.1606,0.08291,0.05298,0.03697,0.01878,0.029,0.2144,0.2055,
2.131,0.222,0.1037,0.05845,0.03634,0.1603,0.08227,0.05304,0.0374,0.01841,0.02903,0.2146,0.2065,
2.132,0.213,0.1033,0.05843,0.03646,0.1604,0.0823,0.05322,0.03724,0.01945,0.02801,0.2146,0.2065,
2.137,0.2081,0.1028,0.05844,0.03651,0.1598,0.08174,0.05322,0.03744,0.01963,0.03055,0.2128,0.2071,
2.135,0.2253,0.09987,0.05876,0.03635,0.1619,0.08179,0.05325,0.03787,0.01965,0.03017,0.2129,0.2075,
2.134,0.2299,0.09944,0.05872,0.03606,0.1619,0.08007,0.05328,0.03809,0.01985,0.03044,0.2124,0.2098,
2.133,0.2178,0.09862,0.05878,0.03609,0.1618,0.07973,0.05313,0.03832,0.0196,0.03043,0.2134,0.2101,
2.135,0.2163,0.09825,0.05856,0.03614,0.1618,0.0795,0.05336,0.03817,0.01975,0.03142,0.2124,0.2106,
2.134,0.2084,0.09795,0.05873,0.03549,0.1616,0.07964,0.05327,0.03818,0.02006,0.03113,0.2125,0.2114,
2.131,0.2132,0.09723,0.05893,0.03548,0.1615,0.07916,0.05226,0.03815,0.02004,0.0311,0.2134,0.2127,
2.134,0.2197,0.1,0.05883,0.03484,0.1617,0.07834,0.05217,0.03808,0.02,0.03291,0.2133,0.2098,
2.132,0.2111,0.09951,0.05885,0.0346,0.1616,0.07678,0.05199,0.03805,0.01999,0.03289,0.2142,0.2116,
2.132,0.2194,0.09933,0.05883,0.03474,0.1615,0.0768,0.052,0.03819,0.01986,0.0329,0.2142,0.2116,
2.142,0.2119,0.1027,0.05868,0.03488,0.1615,0.07667,0.05192,0.03838,0.02045,0.03663,0.2114,0.2068,
2.141,0.21,0.1007,0.05868,0.03501,0.1632,0.07577,0.05194,0.03839,0.02045,0.03664,0.2114,0.2078,
2.14,0.2065,0.09991,0.0587,0.03514,0.1631,0.07573,0.05191,0.03837,0.02064,0.03642,0.2124,0.2077,
2.142,0.2167,0.09892,0.0591,0.03526,0.1634,0.07578,0.05153,0.03839,0.02095,0.03692,0.2117,0.2081,
2.14,0.2223,0.09513,0.05914,0.03531,0.1661,0.07477,0.05177,0.03813,0.02095,0.03813,0.2115,0.2091,
2.142,0.241,0.09455,0.05887,0.03519,0.1655,0.07458,0.05164,0.03804,0.02116,0.03963,0.2122,0.2086,
2.141,0.2107,0.09407,0.05867,0.03539,0.1654,0.07453,0.0522,0.03761,0.02161,0.03893,0.2125,0.2092,
2.141,0.2022,0.0936,0.05874,0.03546,0.1654,0.0755,0.05106,0.03737,0.02418,0.03639,0.2126,0.2098,
2.141,0.1989,0.09266,0.05874,0.03561,0.1657,0.07503,0.05097,0.0374,0.02522,0.0354,0.2127,0.2106,
2.14,0.2197,0.09232,0.05868,0.03576,0.1656,0.07383,0.05132,0.03709,0.02609,0.03455,0.2128,0.2119,
2.138,0.227,0.09172,0.05862,0.03571,0.1652,0.07355,0.05141,0.037,0.02706,0.03323,0.2146,0.2119,
2.137,0.2217,0.09132,0.05846,0.03586,0.1651,0.07276,0.05145,0.03689,0.02756,0.03278,0.2148,0.2131,
2.114,0.2501,0.0904,0.05843,0.03597,0.1649,0.07297,0.07528,0.01315,0.02793,0.03234,0.215,0.2136,
2.107,0.2728,0.09078,0.05842,0.03558,0.1647,0.09536,0.05268,0.01299,0.02819,0.03235,0.215,0.214,
2.11,0.3079,0.09346,0.05828,0.03562,0.1648,0.09457,0.0529,0.01267,0.02872,0.03286,0.2141,0.2121,
2.114,0.2901,0.0963,0.05823,0.03564,0.1639,0.09424,0.05275,0.01331,0.02786,0.03438,0.2144,0.209,
2.114,0.2706,0.09606,0.05825,0.03524,0.1638,0.094,0.05277,0.01344,0.02856,0.03358,0.2145,0.2098,
2.114,0.2195,0.09531,0.05845,0.03488,0.1641,0.09299,0.05252,0.01368,0.02884,0.03438,0.2132,0.2116,
2.114,0.2009,0.09467,0.05846,0.03507,0.1638,0.0925,0.05272,0.01444,0.02832,0.03402,0.2134,0.2126,
2.115,0.1987,0.09416,0.05837,0.03522,0.164,0.09212,0.05305,0.01718,0.02647,0.03273,0.2135,0.2133,
2.121,0.2044,0.09705,0.0585,0.03529,0.1639,0.09132,0.05307,0.01718,0.02703,0.0343,0.2114,0.2109,
2.117,0.2102,0.09662,0.05849,0.03538,0.1633,0.09102,0.05616,0.01408,0.02726,0.03405,0.2125,0.2112,
2.116,0.197,0.09618,0.05859,0.03545,0.1627,0.09084,0.05628,0.0138,0.02826,0.03303,0.2135,0.2114,
2.115,0.2006,0.09556,0.05857,0.03553,0.1625,0.09062,0.05648,0.01391,0.02806,0.03307,0.2137,0.212,
2.12,0.203,0.09726,0.05863,0.03563,0.1628,0.09006,0.05645,0.0139,0.02855,0.03465,0.2126,0.2095,
2.121,0.2022,0.09708,0.05858,0.03568,0.1627,0.0901,0.05647,0.01391,0.02919,0.03451,0.2122,0.2096,
2.123,0.2097,0.09657,0.05855,0.03553,0.1625,0.08988,0.05652,0.01412,0.03048,0.03416,0.2113,0.2104,
2.121,0.2153,0.09528,0.05858,0.03533,0.1631,0.08947,0.05648,0.01424,0.03056,0.03389,0.2122,0.2108,
2.125,0.208,0.09628,0.05879,0.03514,0.1636,0.08865,0.05649,0.0143,0.03087,0.03531,0.2104,0.2103,
2.118,0.208,0.09563,0.05872,0.03525,0.1639,0.09644,0.04765,0.01428,0.03124,0.03486,0.2104,0.2116,
2.118,0.2105,0.09546,0.05858,0.03532,0.1638,0.09604,0.04767,0.01461,0.03146,0.03435,0.2106,0.2122,
2.118,0.2044,0.09682,0.05828,0.03529,0.1641,0.1039,0.03925,0.0146,0.0318,0.03787,0.2076,0.2105,
2.116,0.21,0.09385,0.05857,0.03538,0.1656,0.1033,0.03974,0.01412,0.03359,0.03609,0.2086,0.2111,
2.113,0.2394,0.09231,0.05834,0.03531,0.1657,0.1029,0.03975,0.01391,0.03397,0.03544,0.212,0.2104,
2.121,0.241,0.09666,0.05868,0.03536,0.1654,0.1027,0.04004,0.01368,0.03476,0.03681,0.2102,0.2056,
2.12,0.2267,0.09576,0.05857,0.03557,0.1661,0.1023,0.04005,0.01368,0.03503,0.03655,0.2103,0.2061,
2.124,0.228,0.09551,0.05862,0.03552,0.1657,0.1025,0.04014,0.0193,0.03048,0.0354,0.2105,0.2063,
2.124,0.235,0.09491,0.05873,0.03547,0.1653,0.1022,0.04018,0.01932,0.03102,0.03493,0.2107,0.2073,
2.123,0.2032,0.09415,0.05851,0.0356,0.1656,0.1013,0.04022,0.01934,0.0321,0.0339,0.2109,0.2084,
2.122,0.2036,0.09385,0.05857,0.03566,0.1657,0.1004,0.04045,0.01925,0.03231,0.03358,0.2109,0.2093,
2.122,0.2294,0.09375,0.05853,0.0358,0.1655,0.1001,0.04046,0.01925,0.03413,0.03177,0.211,0.2097,
2.12,0.2172,0.09262,0.05856,0.0359,0.1655,0.09856,0.04059,0.01925,0.03448,0.03128,0.212,0.2112,
2.118,0.2369,0.08932,0.0586,0.03606,0.1697,0.09627,0.04071,0.01942,0.03426,0.03176,0.2124,0.2116,
2.123,0.234,0.09184,0.0586,0.03612,0.1697,0.09395,0.04071,0.01955,0.03413,0.03409,0.21,0.2113,
2.121,0.21,0.09143,0.05859,0.03614,0.1695,0.09293,0.04068,0.01973,0.03413,0.03384,0.2109,0.2121,
2.122,0.2084,0.09352,0.05858,0.03624,0.1691,0.09165,0.04072,0.01988,0.03402,0.03387,0.2111,0.2113,
2.119,0.2008,0.09238,0.0585,0.03598,0.1694,0.08961,0.04069,0.02006,0.03437,0.03321,0.212,0.2137,
2.119,0.2148,0.0914,0.05858,0.03607,0.1698,0.0898,0.04059,0.02028,0.03477,0.03264,0.2122,0.2139,
2.117,0.2061,0.09114,0.05848,0.03606,0.1689,0.08919,0.0404,0.02025,0.03473,0.03259,0.214,0.2142,
2.091,0.2095,0.09085,0.05852,0.03609,0.1684,0.1089,0.02009,0.02023,0.03478,0.03233,0.215,0.2148,
2.089,0.2002,0.09025,0.05868,0.0357,0.1687,0.1071,0.01998,0.02024,0.03478,0.03234,0.215,0.2172,
2.088,0.1983,0.0897,0.05874,0.0358,0.169,0.1056,0.01998,0.02024,0.03519,0.03195,0.215,0.2187,
2.071,0.1971,0.08906,0.05869,0.03589,0.1691,0.1116,0.01216,0.02022,0.03585,0.03122,0.2159,0.2203,
2.072,0.1825,0.09106,0.0587,0.03555,0.1686,0.1112,0.01217,0.02041,0.03745,0.0298,0.2158,0.2193,
2.078,0.1885,0.09183,0.05868,0.03559,0.1685,0.1083,0.0119,0.02039,0.03777,0.03383,0.2123,0.2209,
2.077,0.2114,0.09158,0.05867,0.03565,0.168,0.1075,0.01177,0.02071,0.03842,0.03281,0.2132,0.2216,
2.088,0.2019,0.09808,0.05882,0.03536,0.1681,0.1075,0.01878,0.01366,0.03935,0.03493,0.2108,0.2147,
2.096,0.2025,0.1005,0.05915,0.03544,0.1681,0.1069,0.0188,0.01368,0.03991,0.03736,0.2082,0.212,
2.095,0.1943,0.1001,0.0591,0.03549,0.1678,0.106,0.01869,0.0137,0.0406,0.03676,0.2084,0.2134,
2.093,0.2137,0.1027,0.05908,0.03553,0.1677,0.1048,0.02332,0.009088,0.04122,0.03618,0.2085,0.2119,
2.092,0.2109,0.1024,0.05916,0.03559,0.1669,0.1032,0.02335,0.009472,0.0409,0.03623,0.2088,0.214,
2.091,0.2223,0.1037,0.05933,0.03563,0.167,0.0998,0.02334,0.009573,0.04091,0.03608,0.2097,0.215,
2.091,0.2045,0.105,0.05892,0.03576,0.1664,0.09743,0.02324,0.009537,0.04185,0.03602,0.2111,0.2147,
2.09,0.2097,0.104,0.05893,0.03583,0.1671,0.09617,0.02338,0.009603,0.04255,0.03515,0.2112,0.216,
2.089,0.1991,0.1034,0.05876,0.03596,0.1669,0.09615,0.02337,0.009601,0.04303,0.03466,0.2122,0.216,
2.087,0.2015,0.1031,0.05873,0.03609,0.1666,0.09344,0.02339,0.009606,0.04418,0.03355,0.2123,0.2189,
2.084,0.2346,0.1024,0.05866,0.03619,0.1669,0.0918,0.02336,0.009809,0.04553,0.03192,0.2132,0.2202,
2.083,0.2403,0.102,0.05871,0.03618,0.1666,0.09102,0.02335,0.01005,0.04602,0.03111,0.2141,0.2208,
2.081,0.2345,0.1013,0.05879,0.03639,0.167,0.08961,0.02377,0.009628,0.04675,0.03039,0.2141,0.2222,
2.078,0.2371,0.101,0.0589,0.03645,0.167,0.08522,0.02375,0.009952,0.04667,0.03016,0.2142,0.2267,
2.076,0.2358,0.1008,0.05894,0.03658,0.167,0.08338,0.02375,0.01017,0.04677,0.02985,0.2142,0.2286,
2.079,0.2224,0.1027,0.05897,0.03664,0.1669,0.08259,0.02376,0.01017,0.04756,0.03016,0.2132,0.2273,
2.078,0.2234,0.1024,0.05905,0.03614,0.1674,0.08165,0.02376,0.01034,0.04766,0.03047,0.2137,0.2274,
2.075,0.204,0.1017,0.05904,0.03598,0.1679,0.07923,0.02405,0.01005,0.04791,0.03023,0.2137,0.2302,
2.083,0.2131,0.1037,0.05898,0.03614,0.1696,0.07929,0.02407,0.01006,0.04833,0.03308,0.2107,0.2261,
2.083,0.2071,0.1035,0.05913,0.03628,0.1693,0.07918,0.02421,0.009801,0.04871,0.03273,0.2107,0.2265,
2.081,0.1944,0.1029,0.05905,0.03624,0.169,0.07803,0.02417,0.009997,0.04895,0.03215,0.2125,0.2271,
2.079,0.1956,0.1025,0.05893,0.03633,0.1688,0.0765,0.02419,0.01001,0.04923,0.03195,0.2127,0.2289,
2.078,0.198,0.1014,0.05915,0.03647,0.1693,0.07617,0.02419,0.01011,0.049,0.03195,0.2128,0.2295,
2.082,0.1986,0.1043,0.05913,0.03658,0.1695,0.07523,0.0254,0.008896,0.04986,0.03301,0.211,0.2272,
2.08,0.2007,0.104,0.05901,0.03618,0.1692,0.07485,0.02552,0.008995,0.04959,0.03299,0.2119,0.2278,
2.057,0.2119,0.1098,0.05888,0.03625,0.1694,0.09341,0.006994,0.009218,0.04977,0.03436,0.2103,0.2216,
2.058,0.1799,0.1116,0.05876,0.03558,0.1697,0.09209,0.006994,0.009219,0.0499,0.03547,0.2101,0.2205,
2.058,0.1724,0.1112,0.05886,0.03564,0.1695,0.09183,0.006999,0.009551,0.04961,0.03549,0.2103,0.221,
2.058,0.1705,0.1105,0.05898,0.03567,0.1694,0.09149,0.006995,0.009757,0.05004,0.0348,0.2112,0.2212,
2.056,0.1723,0.1103,0.05894,0.03548,0.1693,0.09038,0.00685,0.01002,0.05022,0.03437,0.2113,0.2228,
2.056,0.1799,0.1118,0.05886,0.0355,0.1686,0.08927,0.007051,0.009941,0.05031,0.03442,0.2127,0.2215,
2.056,0.1753,0.1075,0.05899,0.0356,0.1721,0.08936,0.007191,0.01035,0.04996,0.03433,0.213,0.2217,
2.063,0.1828,0.1129,0.05905,0.03565,0.1719,0.08875,0.007183,0.01034,0.05022,0.03664,0.2111,0.2163,
2.067,0.1857,0.115,0.05917,0.03576,0.1717,0.08851,0.007186,0.01102,0.05072,0.03634,0.2104,0.2141,
2.067,0.1718,0.114,0.05944,0.03593,0.1706,0.08779,0.007372,0.01088,0.05084,0.03643,0.2109,0.2158,
2.067,0.1733,0.1168,0.05937,0.03606,0.1699,0.08653,0.007766,0.01073,0.05314,0.03386,0.2119,0.2139,
2.074,0.1682,0.1199,0.0594,0.0362,0.1695,0.08554,0.007772,0.01074,0.05318,0.03707,0.2089,0.2118,
2.074,0.1765,0.1188,0.05966,0.03629,0.1697,0.08561,0.0114,0.007475,0.05499,0.03499,0.2091,0.212,
2.074,0.1786,0.118,0.05974,0.03639,0.1689,0.08567,0.01141,0.007674,0.05508,0.03476,0.2102,0.2122,
2.073,0.1837,0.1168,0.05981,0.03653,0.1684,0.08572,0.01141,0.007679,0.05574,0.03415,0.2114,0.2123,
2.071,0.1814,0.1161,0.05997,0.03661,0.1683,0.08403,0.01143,0.007687,0.05615,0.03385,0.2116,0.2143,
2.07,0.1762,0.115,0.06009,0.03625,0.1688,0.08407,0.01143,0.007691,0.05657,0.03348,0.2118,0.2149,
2.069,0.1963,0.1142,0.06011,0.03615,0.1693,0.08327,0.01144,0.007694,0.05684,0.03324,0.2118,0.216,
2.07,0.1932,0.1137,0.0602,0.03624,0.1694,0.0833,0.01144,0.008123,0.05662,0.03306,0.2119,0.216,
2.068,0.1881,0.1132,0.06038,0.03635,0.1693,0.08239,0.01144,0.008125,0.05804,0.03167,0.212,0.2171,
2.069,0.1871,0.1147,0.0605,0.03642,0.1688,0.08208,0.01148,0.007976,0.05862,0.0312,0.2122,0.216,
2.068,0.1837,0.1139,0.06048,0.03652,0.1686,0.08207,0.01148,0.007975,0.05861,0.03119,0.2133,0.2159,
2.072,0.1755,0.1158,0.06055,0.03616,0.1687,0.08227,0.01135,0.008187,0.05887,0.03241,0.2118,0.2139,
2.069,0.175,0.1145,0.0606,0.03626,0.1695,0.08155,0.01124,0.008057,0.06043,0.0309,0.2119,0.215,
2.068,0.1781,0.1142,0.06057,0.0359,0.1695,0.08105,0.0114,0.007901,0.06045,0.03091,0.212,0.2161,
2.068,0.1859,0.1148,0.06053,0.03605,0.1695,0.08061,0.01141,0.007908,0.06063,0.0308,0.2121,0.2157,
2.065,0.1824,0.1142,0.06038,0.03583,0.169,0.08008,0.01326,0.006049,0.06121,0.03019,0.2132,0.2166,
2.067,0.1745,0.1185,0.06054,0.03592,0.1698,0.08012,0.01327,0.006052,0.06254,0.0289,0.2133,0.2111,
2.067,0.1819,0.1176,0.06081,0.03595,0.1698,0.08007,0.01326,0.006048,0.06421,0.02773,0.2136,0.211,
2.065,0.1821,0.1155,0.06086,0.03602,0.1715,0.07875,0.0134,0.006264,0.06497,0.02666,0.2137,0.2124,
2.067,0.1898,0.1144,0.06101,0.03613,0.1717,0.07843,0.01341,0.006268,0.06618,0.02736,0.2121,0.213,
2.065,0.1932,0.113,0.06138,0.03623,0.1724,0.07757,0.01342,0.006272,0.06721,0.02635,0.2122,0.214,
2.064,0.1946,0.1125,0.06129,0.03635,0.1723,0.07642,0.01343,0.006277,0.06726,0.02634,0.2124,0.2155,
2.062,0.1911,0.1119,0.06143,0.03594,0.1716,0.07551,0.01342,0.006409,0.06713,0.02634,0.2135,0.2169,
2.069,0.1867,0.1154,0.06129,0.03569,0.1709,0.07528,0.01298,0.006413,0.06749,0.02977,0.211,0.2138,
2.071,0.1969,0.1171,0.06118,0.03579,0.1728,0.07498,0.01313,0.006284,0.06758,0.02981,0.2112,0.2101,
2.069,0.1846,0.1163,0.06133,0.03585,0.1726,0.07348,0.01312,0.006515,0.0677,0.02941,0.2122,0.2115,
2.067,0.1959,0.1149,0.06123,0.03592,0.173,0.07291,0.01312,0.006515,0.06835,0.02876,0.2133,0.2121,
2.066,0.1843,0.1147,0.06123,0.03605,0.172,0.07226,0.01338,0.006312,0.06831,0.02881,0.2136,0.2133,
2.067,0.1927,0.1141,0.06137,0.03614,0.1716,0.07235,0.01339,0.006724,0.06822,0.02862,0.2139,0.2136,
2.066,0.199,0.1139,0.06134,0.03622,0.1715,0.07147,0.01353,0.006592,0.0687,0.02817,0.214,0.2146,
2.064,0.2007,0.1132,0.0614,0.03627,0.1717,0.07083,0.01354,0.006596,0.06954,0.02739,0.2141,0.2154,
2.065,0.1859,0.1127,0.06147,0.03633,0.1716,0.07088,0.01355,0.006807,0.06952,0.02727,0.2143,0.2155,
2.067,0.1869,0.1174,0.06148,0.03612,0.1714,0.07021,0.01371,0.006672,0.06962,0.02731,0.2146,0.2115,
2.066,0.187,0.1165,0.06126,0.0363,0.1716,0.07001,0.01392,0.006699,0.06992,0.02691,0.2148,0.2121,
2.066,0.182,0.1159,0.06137,0.03653,0.1708,0.06931,0.01381,0.006936,0.06995,0.02683,0.2152,0.2134,
2.064,0.186,0.1147,0.06141,0.0362,0.1705,0.06883,0.014,0.007082,0.06981,0.0265,0.2171,0.2139,
2.064,0.1898,0.113,0.06185,0.03626,0.1709,0.0688,0.01399,0.007449,0.07022,0.02568,0.2181,0.2138,
2.067,0.1943,0.1124,0.06181,0.03633,0.1708,0.06847,0.01398,0.009882,0.0681,0.0253,0.2191,0.214,
2.067,0.1891,0.1121,0.06185,0.03648,0.1705,0.06795,0.01399,0.01023,0.06872,0.02439,0.2192,0.2146,
2.048,0.2068,0.1113,0.06231,0.03663,0.1703,0.07651,0.004913,0.01064,0.06868,0.02409,0.2193,0.2154,
2.048,0.1854,0.1099,0.06232,0.03677,0.1709,0.0763,0.004917,0.01065,0.06874,0.02446,0.2192,0.2158,
2.045,0.1911,0.1093,0.06246,0.03685,0.1706,0.07559,0.004666,0.01105,0.06966,0.02289,0.2201,0.2167,
2.045,0.1829,0.1088,0.06269,0.03669,0.1707,0.07519,0.004667,0.01126,0.06947,0.02289,0.2202,0.2175,
2.044,0.1858,0.1077,0.06271,0.03674,0.1708,0.07488,0.004824,0.01131,0.06995,0.02218,0.2212,0.2177,
2.043,0.1776,0.1068,0.06272,0.03684,0.1711,0.07378,0.004828,0.01154,0.06977,0.02219,0.2214,0.219,
2.04,0.1831,0.1062,0.06269,0.0369,0.1713,0.07187,0.004829,0.01175,0.06957,0.0222,0.2214,0.2213,
2.036,0.181,0.1058,0.06278,0.03623,0.1713,0.07146,0.004829,0.01196,0.07181,0.01979,0.2215,0.2226,
2.043,0.1852,0.108,0.06292,0.03634,0.171,0.07077,0.005587,0.01175,0.07132,0.02158,0.2199,0.2209,
2.042,0.1834,0.1069,0.06293,0.03637,0.1713,0.07029,0.005584,0.01188,0.07115,0.02157,0.2208,0.2212,
2.041,0.1852,0.1063,0.06327,0.03645,0.171,0.0701,0.005529,0.01182,0.07165,0.02113,0.221,0.2217,
2.038,0.1891,0.1053,0.06312,0.03655,0.1709,0.06955,0.00552,0.01193,0.07291,0.01958,0.2228,0.2218,
2.038,0.2377,0.1042,0.06348,0.03661,0.1715,0.06907,0.005521,0.01226,0.0726,0.01959,0.2229,0.2223,
2.033,0.2167,0.1027,0.06288,0.03634,0.1717,0.06808,0.005516,0.01225,0.07349,0.01862,0.2249,0.2235,
2.031,0.1777,0.102,0.06318,0.03607,0.1715,0.06814,0.00552,0.01226,0.07408,0.01809,0.2251,0.2241,
2.03,0.1838,0.1016,0.06278,0.03622,0.1711,0.06783,0.005812,0.012,0.07496,0.01738,0.2255,0.2249,
2.029,0.184,0.1014,0.06269,0.03623,0.1706,0.06779,0.005809,0.01199,0.07492,0.01737,0.2265,0.2248,
2.029,0.187,0.1012,0.06273,0.03636,0.1699,0.067,0.005814,0.01218,0.07481,0.01738,0.2267,0.2259,
2.026,0.191,0.1003,0.06286,0.03628,0.1693,0.0663,0.005962,0.01198,0.07472,0.0172,0.2294,0.2257,
2.031,0.21,0.1027,0.0625,0.03637,0.1689,0.0663,0.005962,0.0122,0.07482,0.01829,0.2291,0.2228,
